epoch,time,train/box_loss,train/cls_loss,train/dfl_loss,metrics/precision(B),metrics/recall(B),metrics/mAP50(B),metrics/mAP50-95(B),val/box_loss,val/cls_loss,val/dfl_loss,lr/pg0,lr/pg1,lr/pg2,lr/pg3,lr/pg4,lr/pg5,lr/pg6,lr/pg7
1,9713.25,0.93142,1.34215,0.01153,0.58197,0.38601,0.41487,0.33523,0.6416,0.78358,0.0152,0.00999963,0.00333321,0.00999963,0.00333321,0.00999963,0.00333321,0.00999963,0.00333321
2,15894.5,0.95307,1.13137,0.01166,0.69755,0.4171,0.47455,0.38614,0.66111,0.82938,0.01645,0.0160397,0.00534657,0.0160397,0.00534657,0.0160397,0.00534657,0.0160397,0.00534657
3,21316.1,0.97839,1.12049,0.01202,0.7291,0.39127,0.47326,0.36819,0.88335,0.97203,0.02618,0.0181198,0.00603993,0.0181198,0.00603993,0.0181198,0.00603993,0.0181198,0.00603993
4,26488.3,0.92881,1.05496,0.0111,0.75818,0.37597,0.47526,0.35571,1.01546,1.04559,0.03115,0.01218,0.00406,0.01218,0.00406,0.01218,0.00406,0.01218,0.00406
5,32185.2,0.84125,0.94794,0.00963,0.73299,0.41339,0.50412,0.37937,0.95861,0.97951,0.02834,0.00624,0.00208,0.00624,0.00208,0.00624,0.00208,0.00624,0.00208
