timestamp,ax,ay,az,gyro_z,gyro_x,gyro_y,heading,mag_x,mag_y,mag_z
1788030581.7679026,-107.0,-15.0,4211.0,-42.01061648000012,-59.19305223999999,-86.73180761000022,346.28232161614477,756.8984756463531,-516.6832519127854,-878.0032924671855
1788030581.8323288,-88.0,-24.0,4191.0,-41.607726790000115,-59.02110892999999,-86.70119808000021,346.6495047324343,751.9789943121004,-490.998801052925,-866.0955918073536
1788030581.8986712,-189.0,10.0,4192.0,-41.563312070000116,-58.946095529999994,-86.77613980000022,346.8023369314361,720.3704304702206,-507.43775989495634,-896.1476764078758
1788030581.9651778,-133.0,9.0,4167.0,-41.25537143000012,-58.954418249999996,-86.80110796000022,346.9687631590306,733.1354777756045,-477.08973709486975,-922.7170408434528
1788030582.0396557,-181.0,50.0,4177.0,-41.14986652000012,-58.7379457,-86.82886758000022,346.9165429656639,732.1668468129218,-484.65308795984566,-892.4514460592336
1788030582.1050289,-73.0,-15.0,4156.0,-41.46352532000012,-58.6991048,-86.83439828000022,346.46004375484125,741.0355280201438,-527.4107999849155,-851.4447325810016
1788030582.1709342,-164.0,27.0,4139.0,-41.48599084000012,-58.74403584,-86.86248018000022,346.13976877053835,701.0747867692869,-518.2198764360272,-866.6571954903934
1788030582.258824,-115.0,-6.0,4159.0,-41.41137630000012,-58.438331,-86.88203104000021,346.40883682285187,747.0487131993013,-273.2561509125663,-833.1492607395824
1788030582.3273833,-66.0,23.0,4157.0,-41.32268798000012,-58.49390736,-86.88760654000022,346.3888850295724,728.4532727077823,-488.37209974996506,-836.4947240590336
1788030582.3914325,-118.0,-29.0,4195.0,-41.29777400000012,-58.385946780000005,-86.89867942000022,346.59644513546186,722.8848866268438,-478.4513141418095,-898.3856040320493
1788030582.464967,-92.0,19.0,4173.0,-41.31433138000012,-58.32223509000001,-86.90698163000022,346.81497558290164,730.5098467793051,-457.0506207744355,-864.3030449899023
1788030582.515534,-119.0,-27.0,4182.0,-41.519122680000116,-58.21707199000001,-86.87653968000022,346.8409195257471,725.1173258378009,-491.5082244015824,-835.3660993749168
1788030582.582829,-94.0,16.0,4179.0,-41.560637440000114,-58.283537550000005,-86.95408022000022,346.5263711693509,721.6097612012713,-494.32658602835886,-864.3717597518131
1788030582.6777096,-150.0,41.0,4176.0,-41.69083884000012,-58.363897550000004,-86.89866780000023,346.54023089528613,725.7158229688375,-493.1267848304808,-877.398881694677
1788030582.7442083,-112.0,-25.0,4195.0,-41.882162000000115,-58.31667135,-86.90696539000022,346.07048319708224,698.7178748057368,-503.8115770573205,-862.093761207021
1788030582.799426,-160.0,43.0,4162.0,-41.63569697000011,-58.40528799,-86.93465809000023,346.3765283466212,761.645827630708,-487.4964864964365,-897.721389486758
1788030582.8501327,-115.0,-29.0,4194.0,-41.63000996000011,-58.58002843,-86.94295666000023,346.75967958560193,725.8932836402975,-485.869031451067,-879.3033614716114
1788030582.9019635,-175.0,53.0,4163.0,-41.43034028000011,-58.541203769999996,-86.99287408000023,346.903920136258,735.469683846916,-477.56541685325084,-876.2613373646108
1788030582.9669232,-113.0,-13.0,4172.0,-41.42811456000011,-58.36247753,-87.03150904000023,347.0819759895717,702.016464466845,-452.6632797402643,-906.5971930393862
1788030583.0171564,-140.0,56.0,4175.0,-41.14179216000011,-58.60750343,-87.06454624000023,347.0107301281945,740.8067960882274,-495.26582805935425,-860.8661767713932
1788030583.109315,-155.0,-4.0,4172.0,-41.291235930000106,-58.64903786000001,-87.06178887000023,346.87203911002246,741.2407122394536,-518.4228795417589,-919.1288549512594
1788030583.1794286,-81.0,-12.0,4178.0,-41.12796618000011,-58.486584380000004,-87.10085370000023,346.40825746613746,738.3206412226136,-512.889151637177,-857.8227252318941
1788030583.2448165,-169.0,35.0,4154.0,-40.81222460000011,-58.4613785,-87.16179808000024,346.57499149077205,723.4780140408112,-493.5011635205663,-843.4763312366911
1788030583.313803,-73.0,21.0,4180.0,-40.743209850000106,-58.37027903,-87.13695277000024,346.67198737215205,740.848081626203,-482.6947159009377,-876.5131522616298
1788030583.3800616,-176.0,65.0,4166.0,-41.22561065000011,-58.42292337,-87.15081914000024,347.0173444664343,732.6240082040384,-463.4121232452298,-847.9209165142217
1788030583.4328187,-78.0,0.0,4161.0,-41.037347890000106,-58.378626249999996,-87.16189342000024,347.08182017146083,723.6443500745391,-472.6484853695022,-860.1210791587839
1788030583.4833128,-166.0,40.0,4151.0,-40.968054890000104,-58.36475995,-87.22280980000025,346.960952781715,733.8810271717164,-479.8963556830263,-852.4036327892647
1788030583.5518217,-85.0,-15.0,4173.0,-40.8351366500001,-58.22076519,-87.22834806000024,346.90975184004157,738.956913783791,-500.5649741027745,-849.7531954774935
1788030583.6207726,-172.0,40.0,4159.0,-40.9376195900001,-58.43680675,-87.25051692000025,346.701346145362,746.1456633834564,-513.6520521678997,-878.3456599603742
1788030583.6732316,-69.0,-7.0,4180.0,-41.026292230000095,-58.33705003,-87.24497488000026,346.69205009873605,723.8924869014928,-486.37699579613474,-832.605732703253
1788030583.7437072,-182.0,52.0,4160.0,-40.876638460000095,-58.5088917,-87.29763434000026,346.85234041035756,753.5926896766154,-493.65333963433596,-907.2619114184639
1788030583.8199627,-113.0,-16.0,4175.0,-40.896133460000094,-58.47553782,-87.27543965000027,347.1082440265902,713.8843822143402,-458.9521418910135,-890.7593964651174
1788030583.870042,-174.0,6.0,4192.0,-40.94049778000009,-58.66685895,-87.25603026000026,346.9916105517685,718.1367093931887,-499.55080927834484,-861.3892470056384
1788030583.920465,-105.0,-7.0,4145.0,-40.835054540000094,-58.69732568,-87.27822425000025,346.9076181557635,729.8190953225522,-514.1313557647169,-843.63685231146
1788030583.990271,-184.0,7.0,4205.0,-40.85446785000009,-58.81103221,-87.29763756000025,346.77650362025355,725.933430263022,-511.6768319843917,-882.717705649444
1788030584.0776355,-91.0,6.0,4156.0,-41.062471590000094,-58.921948330000006,-87.36141820000026,346.75989620653917,753.9883353854191,-495.31267829725175,-847.9000486415162
1788030584.173817,-61.0,-37.0,4188.0,-41.1115656000001,-58.53275911,-87.30328572000026,346.76599061831337,737.6554512317605,-497.5117257527201,-846.0557664318255
1788030584.2416584,-160.0,51.0,4194.0,-40.8254530600001,-58.543646280000004,-87.40040211000026,347.1175287788076,759.8027180358005,-477.8186587582306,-934.2435568061661
1788030584.2932978,-67.0,-29.0,4183.0,-41.0420785600001,-58.48810128,-87.40595661000026,347.1894647621187,728.8413038866889,-477.80813944611486,-857.6224169916419
1788030584.3765264,-152.0,53.0,4185.0,-41.0117241100001,-58.57123146,-87.43647178000026,347.0438619656627,715.7806226789387,-493.22978017945167,-874.1040727291042
1788030584.4423969,-166.0,38.0,4143.0,-40.9923243800001,-58.28242658,-87.41426862000027,346.9129949164596,718.1752055173125,-509.1840692520425,-830.2470711697941
1788030584.5076783,-172.0,60.0,4164.0,-41.0117656200001,-58.24909874,-87.41982326000027,346.1629949164596,704.1977695527677,-742.6336032868069,-856.5124904841695
1788030584.5949297,-123.0,-14.0,4129.0,-40.861956380000095,-58.17465108,-87.40879630000028,345.98061200761447,743.838619687903,-540.1921629259359,-911.7632082114864
1788030584.6615226,-74.0,5.0,4136.0,-40.9008745600001,-58.10550333,-87.37276499000028,346.0380129649886,743.5123133019432,-496.8783645378845,-902.1030960478578
1788030584.7258408,-147.0,63.0,4151.0,-40.692949920000096,-57.955772069999995,-87.32844743000028,346.5566290347143,737.6398701105088,-470.83363008497827,-924.8533275669282
1788030584.7962852,-176.0,37.0,4129.0,-40.5818907200001,-57.91149958999999,-87.34227348000027,346.70181758268194,719.7930932881388,-488.0885508695716,-868.8956356051749
1788030584.8634207,-140.0,49.0,4143.0,-40.7093157800001,-57.842246839999994,-87.36443436000027,346.8302556697266,723.1994522364053,-469.1054621640271,-902.1439718710413
1788030584.9229736,-124.0,-27.0,4177.0,-40.6572653200001,-57.75042917,-87.36731962000027,347.0269758512743,733.8496723896468,-476.630622130491,-867.9595431927239
1788030585.0079663,-64.0,16.0,4137.0,-40.2354372700001,-57.662610109999996,-87.43346374000026,346.78769459190494,729.2937996836521,-474.4614591497774,-880.5129328995305
1788030585.072034,-166.0,58.0,4151.0,-40.4070470300001,-57.662757109999994,-87.42786528000028,346.7758280870127,764.4784144713024,-518.346497744735,-911.2911871630627
1788030585.1411874,-72.0,21.0,4163.0,-40.6482383300001,-57.54777056,-87.41664708000027,346.77296297778014,743.1799549004379,-492.1175378684579,-863.7679715092381
1788030585.2403576,-72.0,20.0,4149.0,-40.64063675000009,-57.564068799999994,-87.45735782000027,346.96490982744047,722.7972429287064,-451.4456419683676,-910.5069335717252
1788030585.3073332,-142.0,58.0,4141.0,-40.69934134000009,-57.583963849999996,-87.42419756000027,346.9841867348979,706.9341907471803,-477.66191769768255,-885.6302499170195
1788030585.3754253,-77.0,10.0,4137.0,-40.64941636000009,-57.61447355999999,-87.40478229000027,346.9830171772601,706.707582501707,-467.5472588773521,-864.7049238439167
1788030585.447173,-160.0,38.0,4142.0,-41.20695117000009,-57.56452995999999,-87.34653060000028,346.8750881352223,726.9407664604624,-482.76928577874355,-878.4773721348627
1788030585.514563,-148.0,19.0,4144.0,-40.73797973000009,-57.692132749999985,-87.36037121000028,347.1338625095675,720.940587914741,-471.72176179341403,-851.7588036645179
1788030585.5831063,-86.0,17.0,4121.0,-40.76010085000009,-57.761592839999985,-87.35481783000027,347.4919396094674,735.6579005235824,-462.5580880426988,-926.6469630420796
1788030585.6501324,-149.0,-3.0,4108.0,-40.537982450000094,-57.78102819999999,-87.32705303000027,347.57659695679763,724.96511296629,-472.7739998778128,-847.4064821707906
1788030585.7151158,-147.0,44.0,4140.0,-40.593328650000096,-57.78379550999999,-87.32151841000027,347.4101476293401,697.8762585033578,-472.80171951772115,-862.3368301739004
1788030585.7817597,-172.0,54.0,4160.0,-40.8038140300001,-57.806001679999994,-87.26891236000027,347.01352049531135,742.1282796739617,-518.9673405046633,-867.1117160217163
1788030585.8337488,-63.0,-26.0,4155.0,-40.6349483400001,-57.656514019999996,-87.23569288000027,347.1567033359928,722.9687561399377,-467.25213265039355,-882.0545247421902
1788030585.901177,-190.0,52.0,4098.0,-40.6155556100001,-57.675906749999996,-87.27447834000027,347.2629948646336,726.5995116629852,-470.95511978571244,-822.8538692464292
1788030585.9685915,-70.0,-51.0,4131.0,-40.2383442300001,-57.60940227,-87.28283067000027,347.72230702919785,737.1758976143559,-458.35388787545554,-834.5215295201884
1788030586.0196316,-144.0,48.0,4139.0,-40.2384570700001,-57.78405598,-87.28281975000026,347.5669972326357,719.2396558801212,-512.1037319471145,-846.7195785258343
1788030586.0832627,-79.0,-25.0,4152.0,-40.243997150000105,-57.74250538,-87.25788939000026,347.6908444609409,728.9986389691281,-465.39084962863114,-858.6606627953989
1788030586.1481345,-168.0,60.0,4138.0,-40.095567890000105,-57.45506906999999,-87.34733833000026,347.4800385124098,732.6601715310857,-481.99252542806653,-850.4892634048277
1788030586.2148948,-64.0,-12.0,4168.0,-40.27846445000011,-57.59639822999999,-87.35010949000025,347.5021227990022,735.4647707466215,-477.73947588013425,-859.8189563020238
1788030586.2890415,-162.0,36.0,4167.0,-40.28681174000011,-57.47713929999999,-87.29738017000025,347.55538193327993,704.8165192146117,-469.9287894220039,-836.2630908283023
1788030586.3549547,-181.0,39.0,4135.0,-40.32564060000011,-57.66286000999999,-87.37776138000027,347.7317123872376,715.8161698673193,-472.74545676810504,-856.0304071499155
1788030586.421844,-83.0,-35.0,4150.0,-40.289600260000114,-57.66842136999998,-87.35003368000027,347.6566417190671,723.5676219034999,-490.2151932820805,-860.8658930162577
1788030586.5137916,-162.0,32.0,4136.0,-40.21195339000011,-57.63237318999998,-87.39717259000027,347.40852503238784,739.3051669724986,-485.53771346838806,-804.2451301865763
1788030586.5707784,-87.0,-16.0,4148.0,-40.11488684000011,-57.463200059999984,-87.37775928000026,347.2811826174844,756.4944067294199,-513.8263464718686,-855.1734866171487
1788030586.6409688,-163.0,50.0,4132.0,-40.198092760000115,-57.73494145999998,-87.36943698000026,347.3503576554679,758.7686926504441,-485.5661869930651,-886.6187552713062
1788030586.711883,-181.0,54.0,4102.0,-39.95929014000012,-57.63773035999998,-87.36666316000026,347.4571716940441,741.4470519450822,-490.16904887543967,-853.6426443042192
1788030586.7789037,-75.0,-14.0,4190.0,-39.81767629000012,-57.879318909999974,-87.36111146000026,347.3928915499134,727.0661855887404,-495.83221998888456,-816.2537305210258
1788030586.8505096,-142.0,48.0,4179.0,-39.55195139000012,-57.929121949999974,-87.35834555000027,347.13760768090907,722.5482312637105,-512.9292720934498,-864.2501109006371
1788030586.9208448,-71.0,-3.0,4165.0,-39.71806979000012,-57.895898269999975,-87.31681595000026,347.08632479777054,709.184631860715,-473.8480512902946,-853.8237494965583
1788030586.9878352,-145.0,59.0,4159.0,-39.75961507000012,-57.94295338999998,-87.27528075000026,346.2621413395067,719.7894562385172,-766.1998357964584,-866.294763989582
1788030587.0539966,-168.0,31.0,4147.0,-39.96186040000013,-57.976197229999975,-87.34452146000027,346.27475308526505,752.7176498722988,-505.158118611314,-895.231875701038
1788030587.1422331,-69.0,36.0,4194.0,-39.84208669000012,-57.63629304999998,-87.37241324000026,346.85168527842217,762.6862736641353,-462.54048674576575,-910.7997893509162
1788030587.206874,-301.0,-30.0,4255.0,-39.72912636000012,-57.63353791999998,-87.28975934000026,347.39535700122434,765.2672135699412,-478.2903617625472,-886.135645918354
1788030587.2736006,-369.0,-56.0,4177.0,-40.013048950000126,-57.672129339999984,-87.33662035000026,348.14535700122434,759.4713939942292,-450.1676470542476,-909.8229398114286
1788030587.3619332,-70.0,11.0,4090.0,-40.55905903000013,-57.63609529999999,-87.02928409000026,348.1268536528429,773.1397328061968,-480.2511339333871,-891.1229069293255
1788030587.413849,-350.0,-41.0,4039.0,-40.37587127000013,-57.56391129999999,-86.91827053000026,348.28755989141814,800.2024096645628,-513.6168495740336,-846.6513125780473
1788030587.482961,-352.0,16.0,4116.0,-40.28158281000013,-57.644333809999985,-86.56330221000026,348.98813180457756,795.4455285745017,-477.57254760401594,-934.4057890685688
1788030587.5755267,-206.0,-28.0,4451.0,-41.04481066000014,-57.38894769999998,-85.80284209000025,349.39014702434935,782.9496185231346,-451.5964767170903,-954.9594812772572
1788030587.6387956,-208.0,-189.0,4118.0,-40.81460103000014,-57.06166171999998,-85.20651594000026,349.9936229131281,783.9266892650146,-464.34369509869384,-922.0137803587587
1788030587.7058856,-603.0,79.0,4035.0,-41.12820789000014,-56.39844118999998,-84.15477084000025,350.58335369685983,769.0829231679609,-483.3346196738245,-895.4347550511517
1788030587.769803,-735.0,218.0,4152.0,-40.81195965000014,-56.35959846999997,-83.76360531000024,350.6160399128068,776.2427553379506,-468.7200943200904,-904.1907309795632
1788030587.835049,-1166.0,126.0,3944.0,-41.21488420000014,-56.306801459999974,-83.80806595000024,350.7661097271015,760.30871333498,-520.416289214914,-913.7795022517568
1788030587.9024131,2.0,-848.0,4682.0,-41.18419487000014,-56.17338684999997,-84.27834674000025,350.7661097271015,837.6240577196811,-465.7408283675638,-950.5677664125075
1788030587.9806821,-196.0,83.0,4082.0,-42.73295929000014,-55.84806240999997,-83.12179239000025,351.0649723769212,727.4333539135754,-437.4197228413874,-962.9580175718424
1788030588.0329013,1200.0,174.0,5351.0,-43.25337149000014,-55.88681650999997,-82.10864949000025,350.3149723769212,756.3827587019013,-458.94501185268405,-863.9007086649426
1788030588.104104,-772.0,60.0,3915.0,-43.46371624000014,-55.55459944999996,-79.06637032000025,350.7323273777136,656.3177001041205,-422.0551676150305,-897.942747972347
1788030588.1980662,-767.0,329.0,3606.0,-45.27054112000014,-54.97797332999997,-73.91603177000025,348.70095898609054,506.35675493215876,-443.888078351803,-885.7266558723121
1788030588.262571,-1422.0,404.0,3585.0,-45.95248756000014,-54.77560710999997,-72.25551991000025,348.7378537627303,472.2392753658519,-396.2070579769882,-919.8919365223792
1788030588.3262997,-510.0,166.0,4228.0,-46.68935446000014,-54.484435809999965,-71.96982751000024,348.58746732075355,590.0851220491022,-406.54611144291,-1136.4365132644386
1788030588.3908906,-528.0,-666.0,3447.0,-47.02436837000014,-54.700395189999966,-72.17194334000024,349.33746732075355,575.1789931959955,-410.7653908785725,-845.1177514099111
1788030588.4414306,-1177.0,-126.0,3626.0,-47.23781468000014,-54.45102578999997,-72.39911560000024,350.1811857934176,638.9588617117773,-430.96781234912453,-848.4837825707718
1788030588.5100422,-1883.0,-75.0,3915.0,-47.07424603000014,-54.48983868999997,-72.45456260000024,350.9311857934176,549.8464298791338,-401.5525363630584,-852.9255216401273
1788030588.593035,-1418.0,9.0,3292.0,-47.41768017000014,-54.440148699999966,-72.83693991000024,351.35941817589566,672.3834111683136,-445.8885714346466,-882.1748648570149
1788030588.6452143,-1418.0,9.0,3292.0,-47.41768017000014,-54.440148699999966,-72.83693991000024,351.35941817589566,672.3834111683136,-445.8885714346466,-882.1748648570149
1788030588.7098858,-947.0,-131.0,4048.0,-47.17371204000014,-54.387406359999964,-72.89507127000023,352.55910854123397,642.9794914518984,-390.19092195727177,-987.006551888042
1788030588.7743897,-1191.0,-25.0,3909.0,-47.231700180000146,-54.462344859999966,-72.98669049000024,353.4656603817375,641.6936100211196,-413.81576927495934,-904.5115617072714
1788030588.835679,-1028.0,516.0,4250.0,-47.22955440000015,-54.276364519999966,-73.09764861000023,352.17754146220483,628.4665927796414,-450.0900881593603,-904.348469522641
1788030588.904042,-2476.0,753.0,3380.0,-47.21844316000015,-54.18469678999997,-73.13376014000023,352.6472802144173,614.495022106478,-411.96992271528364,-901.1861139576373
1788030588.9702141,-1538.0,375.0,4522.0,-46.83564809000015,-54.27596145999997,-73.35562325000024,352.93480165010754,641.5374688205063,-455.66482957504513,-857.53016186466
1788030589.0388143,-1170.0,-87.0,4095.0,-46.916200520000146,-54.065084219999974,-73.37784097000024,353.32110145625774,596.2345976727264,-444.43628150412195,-873.3772805361607
1788030589.1039243,-1340.0,281.0,4152.0,-46.97740320000015,-54.18470763999998,-73.22761621000024,352.57110145625774,561.7977989184552,-458.5971276511315,-827.4841507019119
1788030589.1722846,-1878.0,578.0,4660.0,-46.97006356000015,-54.479431579999975,-72.86102831000024,352.57110145625774,533.245916019235,-443.04126501658635,-752.9694000528825
1788030589.2235851,-1671.0,481.0,4004.0,-47.07275706000015,-54.482207079999974,-72.96649731000024,351.82110145625774,497.8386101219791,-460.455374314736,-791.020872213396
1788030589.2867298,-2137.0,507.0,3498.0,-46.85230928000015,-54.297512569999974,-73.27801782000024,350.6596161110039,517.6069963352812,-455.11038872679114,-697.1832624507639
1788030589.3521602,-58.0,-378.0,4386.0,-46.54545959000015,-54.13244836999998,-74.37970540000025,350.6596161110039,433.86631595215226,-459.8973361500394,-885.1899348804983
1788030589.4186735,-659.0,108.0,3704.0,-46.52606294000015,-54.334727719999975,-75.04750435000025,349.9096161110039,409.96094798154957,-420.3344812231658,-829.4258638481111
1788030589.4815583,-857.0,170.0,3588.0,-46.506635910000156,-54.60636460999997,-77.68044774000025,348.4096161110039,478.1026130506805,-446.17590842065977,-883.2170791164515
1788030589.547699,-382.0,154.0,3879.0,-46.495491070000156,-55.54370513999997,-81.74022003000024,346.9096161110039,551.5839322688335,-449.79314930074804,-884.5388586021675
1788030589.6128328,465.0,366.0,4377.0,-46.126861620000156,-56.070318639999975,-83.64434358000024,346.1596161110039,641.8615469647062,-492.4370425150507,-899.2189205232606
1788030589.703211,-871.0,-997.0,3967.0,-44.73757127000015,-55.700414279999976,-83.43559056000024,346.9096161110039,631.4566742245665,-520.8447651073335,-859.0988514199664
1788030589.7696261,-4858.0,1238.0,4041.0,-43.56679187000015,-55.141318679999976,-83.32487856000023,347.6596161110039,610.7424291006299,-483.4993128176301,-884.7809489506722
1788030589.8199203,-2624.0,1209.0,2916.0,-43.61397894000015,-55.246795659999975,-84.69607930000024,348.4096161110039,653.0346749931962,-480.76855813124996,-920.0447193345815
1788030589.8768842,-883.0,-410.0,6123.0,-41.69348771000015,-56.348541339999976,-89.42479595000025,348.4096161110039,760.412444359886,-477.54341630159433,-959.8541947492898
1788030589.9399002,2337.0,-3194.0,5775.0,-40.439278110000146,-56.226450139999976,-88.35649795000025,349.1596161110039,751.6713059673848,-469.8789515918963,-908.2904963501909
1788030590.0068138,-263.0,1199.0,6201.0,-39.571008400000146,-56.359580899999976,-89.01393109000024,350.2013984283565,746.7539045462352,-266.4170391256301,-893.4785409194601
1788030590.0712645,-373.0,179.0,5112.0,-40.15357570000015,-56.209602679999975,-88.84208963000025,349.06420632001345,720.6900137353936,-482.4291212331056,-914.6665490779769
1788030590.1365702,-158.0,-750.0,3787.0,-39.925680480000146,-56.30409581999997,-88.85320647000025,349.81420632001345,786.9809712507875,-505.4824241942062,-940.0665230455791
1788030590.186731,27.0,-295.0,4390.0,-39.80209856000015,-56.472616619999975,-88.81950231000025,349.72401812670705,726.4447568837638,-492.14549278545184,-871.9685272317093
1788030590.2568848,121.0,354.0,4242.0,-39.22537696000015,-56.41417508999997,-88.89169898000024,348.2288736417336,753.909274417303,-521.8265284189692,-882.3553852254403
1788030590.3137267,-49.0,-12.0,4175.0,-39.456274480000154,-56.20298284999997,-88.89998082000024,348.27136832534813,755.0258708786104,-488.9367758673015,-961.2741377407737
1788030590.3778894,-184.0,152.0,4141.0,-39.175765160000154,-56.26408388999997,-88.96108186000023,347.8858740270199,739.9456703354942,-498.16115967586836,-880.8850242348899
1788030590.4306645,-799.0,164.0,4440.0,-39.345029010000154,-56.253068549999966,-89.00543757000024,347.4259315261367,770.0090251221002,-542.2100213161914,-899.5026192642081
1788030590.496848,152.0,-103.0,4226.0,-40.367297740000154,-56.36387322999997,-89.02484479000024,346.6760597449583,820.9338698372841,-574.7019356225272,-922.131138255618
1788030590.5671737,-483.0,220.0,4161.0,-40.71884390000015,-56.25038194999997,-89.11619143000024,346.61908618899264,846.5383102332721,-588.6857351504432,-951.7416668759679
1788030590.6348412,-70.0,-68.0,4162.0,-41.480410440000156,-56.30853388999997,-88.99160893000024,347.19815936744897,921.4326850643993,-582.4268758254271,-1006.2094387108166
1788030590.7019444,-11.0,138.0,4453.0,-42.28661787000016,-56.120168999999976,-88.74227383000024,346.8129256333998,884.8126992285013,-585.4144962552232,-1040.6747835983904
1788030590.771986,-67.0,372.0,4076.0,-43.073140390000155,-56.03430118999998,-88.64257619000026,346.6023524703733,889.158105982366,-575.4011385031883,-1007.2163045044318
1788030590.8419774,325.0,357.0,4309.0,-43.641055990000154,-56.07585598999998,-88.41540995000025,345.8523524703733,875.3444865303084,-563.9284088358113,-1025.7342072129798
1788030590.9119873,357.0,-239.0,3666.0,-45.193803970000154,-56.441698809999984,-88.16869194000026,346.29023309221657,829.2847488091186,-586.3887751880299,-984.5957902170808
1788030590.9727578,742.0,-39.0,4053.0,-45.77893229000016,-56.54707736999998,-88.09936394000026,345.54023309221657,899.0235103326463,-630.2098328023278,-999.0334143580496
1788030591.0406823,804.0,-707.0,5085.0,-47.43809525000015,-57.021520289999984,-88.49889482000026,345.54023309221657,881.0700647428617,-528.2229515779034,-879.3362702967556
1788030591.1122801,11.0,-875.0,5533.0,-49.33517813000015,-56.38227776999999,-88.68331766000026,345.54023309221657,995.9171480736815,-580.8866274637493,-1005.8086398576808
1788030591.1784213,-1313.0,-247.0,3523.0,-49.86833411000015,-56.64223865999999,-87.47224185000026,345.724585483823,864.0120592548278,-618.3058254490235,-974.3592712786592
1788030591.242909,-124.0,-293.0,3891.0,-50.94242146000015,-56.72507315999999,-87.32037860000025,346.4742909807867,859.9630566860551,-583.5221523732782,-1040.2207755576753
1788030591.310409,490.0,-1771.0,3843.0,-51.036638100000154,-56.65202843999998,-86.04305318000026,347.9742909807867,795.3109655441107,-439.7360486788755,-895.4776258171045
1788030591.4074924,-124.0,-763.0,3594.0,-48.912391850000155,-56.843987269999985,-87.09250074000026,349.4742909807867,824.7192206176612,-504.89259424094826,-873.6734863573133
1788030591.4715712,-340.0,469.0,4070.0,-47.37083540000016,-56.302354219999984,-87.60353329000026,348.4192557597462,831.4400528210034,-546.9702124518277,-898.3153344846714
1788030591.5417557,-229.0,278.0,4521.0,-47.05424073000016,-56.19124062999998,-87.88406116000026,347.9436861756237,870.654628537082,-514.2897918183759,-932.774267159673
1788030591.6039207,-113.0,-161.0,4038.0,-47.45591683000016,-56.14414756999998,-87.67075730000026,348.1926532091893,839.8825203911456,-544.1924418354952,-862.2774752152412
1788030591.6718216,-52.0,-157.0,4018.0,-47.613763190000164,-56.21612828999998,-87.86459066000027,349.4346563387839,851.5867319968725,-496.80765448803595,-936.4417436276975
1788030591.7419107,-303.0,68.0,4098.0,-47.854764160000165,-55.803524699999976,-87.90061469000028,349.125696237854,844.8692557573063,-554.8898005707542,-922.7371501764347
1788030591.8232985,-164.0,-22.0,4198.0,-48.37847665000016,-55.77581043999998,-87.97542908000028,348.91304245146887,873.163648816826,-562.9210433780372,-926.9791948786499
1788030591.899505,-522.0,484.0,3955.0,-48.62506628000016,-56.16087623999998,-87.56264727000028,347.8063945164995,854.3297493702854,-579.6413166805851,-1019.8491585028794
1788030591.9653256,-237.0,-353.0,4054.0,-49.486923920000166,-55.773063919999984,-87.60123981000028,348.53345273357115,802.7155012242335,-534.8737693584193,-985.423325682475
1788030592.0279114,-42.0,-188.0,4509.0,-50.12994672000016,-55.60122161999998,-87.71487746000028,348.512230832772,811.3473793528676,-546.5204404141369,-953.8279380516592
1788030592.0927916,75.0,31.0,3851.0,-51.56918312000016,-55.06047483999998,-88.18622869000028,347.7123667829159,870.9945353086745,-595.4603258175182,-979.5288911986584
1788030592.1606057,42.0,-434.0,4530.0,-52.44463952000016,-55.18954853999998,-87.80181354000028,348.25188280217884,846.3170717048681,-565.1397873802543,-1027.7583959179838
1788030592.2111278,239.0,145.0,4489.0,-53.822713910000154,-54.865773549999986,-87.38882831000028,347.34381275999164,876.8168845504107,-592.421102979473,-1067.5643939377617
1788030592.2735264,-120.0,-52.0,4428.0,-54.813117590000154,-54.99616282999999,-86.93385295000027,347.1752379770968,860.6990273877188,-604.3971144065965,-1020.8860318938008
1788030592.3409712,43.0,-56.0,4690.0,-57.40867482000015,-55.61931094999999,-87.13358458000027,347.38694824213144,865.5279160880908,-572.9583097079708,-1057.9835723499646
1788030592.407814,-3515.0,462.0,3954.0,-59.130198050000146,-56.42773947999999,-86.15693401000027,348.5681630778563,831.7272085486655,-492.8883445662331,-831.2484310359059
1788030592.4776287,-1081.0,-1616.0,3611.0,-58.225333460000144,-56.591002509999996,-85.99920532000027,349.3181630778563,896.3609019532342,-451.5059524819502,-890.0395417483916
1788030592.544796,-1669.0,-1298.0,4071.0,-55.77063674000015,-55.912235259999996,-86.07114754000027,350.8181630778563,929.7763459031647,-490.35082755823765,-909.8059981477771
1788030592.6099598,299.0,356.0,4304.0,-53.344550490000145,-55.58506169999999,-86.64229686000027,351.04664210970225,918.1375783088536,-454.25202670430986,-909.4948456057421
1788030592.688137,-863.0,857.0,4236.0,-52.78261604000014,-55.33869634999999,-86.86928516000027,350.9909147949386,899.4458180270935,-472.33441719299924,-873.5762377934362
1788030592.7547653,-339.0,-187.0,4134.0,-54.10014596000014,-55.23903651,-86.90531227000027,352.30875508612377,950.8065046625476,-448.9940598640474,-896.7511473055115
1788030592.8258224,-126.0,-403.0,4107.0,-54.29673431000014,-55.22519226,-86.95238272000027,353.05875508612377,868.5889601521881,-437.5382952473776,-860.3080504832834
1788030592.8993943,-271.0,-91.0,4369.0,-53.922946700000146,-55.32486218,-86.96062823000028,354.39033415984187,897.546524071435,-423.4279231767018,-904.981948017583
1788030592.9644096,-623.0,98.0,4199.0,-53.39973800000014,-55.85089265,-86.76128867000028,354.84956152489207,837.5531340580463,-427.0343391701225,-896.124166129485
1788030593.0174983,-603.0,68.0,4142.0,-53.42190952000014,-55.751120809999996,-86.84443187000028,355.3019366489715,832.7829166595611,-389.9665294489874,-885.2445929304348
1788030593.0997455,-491.0,-46.0,4019.0,-53.20333004000015,-55.90068659,-86.75868810000028,355.92262385254605,837.1924743655318,-433.63663467602,-858.594565506191
1788030593.1706922,-850.0,39.0,4140.0,-52.98026825000015,-56.08886157,-86.72778786000028,356.06236745360883,848.627548717242,-442.57594101557305,-885.6357772743817
1788030593.2420611,-167.0,-100.0,3838.0,-53.294104850000146,-56.19349141,-86.59832405000027,356.61654034774614,834.6936323478346,-386.8887627968018,-979.4559501963975
1788030593.3028774,-832.0,-162.0,3944.0,-53.006421090000146,-55.9749624,-86.56512977000027,357.1637648623045,794.1258662024945,-390.3704396981992,-872.1258383905224
1788030593.3675249,-1123.0,-174.0,3747.0,-52.51646330000015,-55.50990746,-86.79209273000028,358.3702722912568,836.3615095130423,-410.36592936246734,-909.0006566050828
1788030593.4313285,-1056.0,278.0,3741.0,-52.737672330000144,-55.38718059,-87.21640466000028,357.13016503116194,829.2417194104603,-466.27698290671105,-905.340901085982
1788030593.5152848,-858.0,-134.0,5576.0,-52.70960513000015,-56.79475459,-85.40939001000028,356.39651392564264,948.6362522391452,-519.9122549952698,-937.0682123131159
1788030593.5826716,1443.0,-726.0,4531.0,-53.28594817000015,-55.96903235,-82.84355513000028,355.9344317156879,922.0797797905926,-498.16671449693666,-957.7119996470286
1788030593.650057,-2164.0,277.0,3422.0,-54.31064863000015,-55.00758011,-78.80793508000028,356.58827864463916,765.7115336649158,-491.46634007960364,-910.6979197147455
1788030593.7412388,-2182.0,345.0,3409.0,-54.94487782000015,-54.744075259999995,-78.47165697000027,355.6880364985908,709.317071204663,-489.6542371102044,-923.0986830115166
1788030593.8127441,-1939.0,2266.0,4974.0,-57.11761937000015,-53.91950214,-78.13668478000027,354.28546162452784,741.5382553397966,-435.2469360222376,-963.7645114487212
1788030593.867027,-524.0,-218.0,3776.0,-58.934552110000155,-52.73695427,-77.33344010000026,355.4034626336909,738.241013704573,-417.0388653331827,-928.129958465804
1788030593.9505637,-1178.0,846.0,3430.0,-60.490808910000155,-52.76800977,-79.22866490000025,354.2143927128155,782.4192006733062,-443.078094443404,-978.7569332656967
1788030594.000565,525.0,-392.0,4793.0,-61.472196030000156,-53.17553493,-80.62866630000025,354.49487994036366,856.2810576668535,-427.53235086426986,-934.6111208323969
1788030594.055966,196.0,67.0,4005.0,-62.08996178000015,-53.178305179999995,-81.47359255000025,354.07306321240594,913.2617537051605,-455.7470021826585,-966.7507766881401
1788030594.1255448,-760.0,-204.0,4338.0,-63.99610700000015,-53.311223,-81.46515258000025,355.57306321240594,956.6998437257282,-420.47491786049375,-950.3211951177153
1788030594.1908073,-1314.0,706.0,3891.0,-66.01174468000015,-53.251218439999995,-81.80519242000025,355.8800239083208,969.9869240683181,-446.1453912618572,-958.1286179163118
1788030594.2620535,-397.0,-863.0,3650.0,-66.05891152000015,-53.12359051999999,-82.50437146000026,356.6300239083208,846.723132550655,-424.8209613405288,-903.9628588988978
1788030594.330645,-3096.0,-890.0,6121.0,-65.44376062000015,-53.36743411999999,-83.25529891000026,357.3800239083208,1034.023209668359,-448.06493688846297,-930.6256685016609
1788030594.384786,-4883.0,4573.0,5273.0,-68.57006394000014,-52.48862989999999,-83.95119047000026,358.7390813562338,1023.4742831876295,-422.1027738750036,-1046.2771886354399
1788030594.4509661,1610.0,8.0,4153.0,-69.49668775000015,-52.98367053,-85.74355461000026,358.27008079519993,1022.3881612925164,-382.3603065250497,-992.7000510610673
1788030594.5013263,-745.0,-77.0,3844.0,-69.68707543000015,-52.917839099999995,-84.82012000000026,359.17045255040847,871.2483667118831,-417.29427278544443,-1013.1767013051484
1788030594.584684,-526.0,-578.0,4530.0,-69.46551136000015,-52.51653827,-84.81486636000025,0.21421245922942944,911.1940000293308,-405.6628732121943,-1011.8585092536882
1788030594.6488965,-1376.0,234.0,2524.0,-69.37128954000015,-52.499910889999995,-84.71510208000025,0.6442831357621486,893.4259155425513,-375.05944367228165,-984.6668947537039
1788030594.7046835,-650.0,81.0,4134.0,-68.93618445000016,-52.092519499999995,-84.82318551000024,0.7407606819794627,934.2683647519368,-373.2573421197505,-1030.8014924065237
1788030594.7982986,-1471.0,-247.0,4162.0,-68.75924951000016,-51.60521205,-84.60440541000024,2.0603188938532018,919.2248503124524,-323.6184898252295,-944.5713446338555
1788030594.8623638,-162.0,-769.0,3806.0,-68.39774683000016,-51.55563721,-84.79547573000023,3.5603188938532018,995.9332081981776,-330.3133101339299,-946.044213057783
1788030594.9282022,-616.0,-361.0,3503.0,-67.78477902000016,-51.50848584,-84.81489100000023,4.310318893853202,959.6277879718409,-323.95507858594334,-984.267925784349
1788030594.9936962,-209.0,-629.0,3598.0,-67.38843986000015,-51.28257316,-84.64633576000024,4.9146602519314895,1067.500494159788,-285.54623407837096,-929.4445595798848
1788030595.0584111,-1026.0,-291.0,3787.0,-66.89221196000014,-51.169435799999995,-84.82288990000025,5.901683043348299,953.8419541186099,-347.8062013410354,-980.982320219861
1788030595.1308656,-404.0,591.0,4743.0,-67.11955040000014,-51.2248842,-84.82566232000025,5.151683043348299,935.6818551572462,-320.5393337544849,-931.8170155000416
1788030595.2000973,236.0,-202.0,2636.0,-67.23320646000013,-51.41526362,-84.66430210000024,4.456737346713043,910.040464580418,-328.58554246968345,-969.587058960691
1788030595.265585,-141.0,-161.0,2548.0,-67.18287604000014,-51.390408719999996,-84.72027039000024,4.709605318114088,935.4766543668686,-310.41425172906287,-1009.5358574594861
1788030595.3299062,-473.0,-472.0,4352.0,-66.64498736000014,-51.28782302,-84.45457377000024,5.954296789733969,865.0390702399162,-324.7078600612552,-974.4219222970996
1788030595.4163737,-435.0,995.0,5209.0,-66.87473044000015,-51.21306848,-84.23841181000024,5.052585950293004,856.314690279425,-354.0402590333225,-943.5204730537458
1788030595.4826062,-349.0,833.0,4143.0,-66.64123564000015,-51.09910077999999,-84.07996891000025,4.302585950293004,907.2616247481809,-361.40006736580074,-996.5261173375758
1788030595.533056,0.0,-8.0,4412.0,-66.84049778000015,-51.03812265999999,-83.73630559000024,3.4268031329207846,867.5726176256261,-323.7711357807346,-963.6115763505682
1788030595.6150365,-403.0,147.0,4082.0,-66.92385308000014,-51.18260517999999,-83.69740645000024,3.1476658689643955,874.6575812338108,-311.92040358483604,-1004.3051336871742
1788030595.682803,-1205.0,62.0,3511.0,-66.43086793000015,-50.98048080999999,-83.83317439000025,2.6403487614734873,851.7347086887322,-339.48416126405107,-954.3616315001485
1788030595.7493906,-746.0,-143.0,3729.0,-66.55556698000015,-51.42385520999999,-84.40124784000025,2.6856052219055506,880.7877783421542,-382.32298572497797,-990.2880703007036
1788030595.8018148,-730.0,-270.0,4425.0,-66.46731994000015,-51.302515529999994,-84.39849012000025,2.9591354783347654,853.0265925463144,-360.6057530592671,-1009.0377249361297
1788030595.8644695,-930.0,2892.0,6700.0,-66.89616479000016,-51.74235716999999,-85.51691540000024,2.8457709342122604,1112.9974798557207,-342.00262010883057,-937.8460460725418
1788030595.9301307,-1124.0,-268.0,2821.0,-67.23139381000016,-51.81438128999999,-84.44774576000025,3.8442431099171963,893.2628421105171,-379.5635222368351,-949.9080078805213
1788030595.998497,-1496.0,306.0,5432.0,-67.30062906000016,-51.73683780999999,-84.69699266000025,3.80714866643113,856.7352151556522,-308.36311959026636,-961.3248868952991
1788030596.071064,-466.0,52.0,4019.0,-67.56362207000016,-51.853252709999985,-85.41690906000025,4.171733686711918,1008.9317959804554,-347.42492788970594,-981.3163905970338
1788030596.1421218,-868.0,-480.0,4551.0,-66.61146611000015,-51.58303450999998,-85.58408866000025,5.649386425948949,865.369778142821,-313.29414617105476,-978.2005268220424
1788030596.2073283,-947.0,700.0,4333.0,-65.79491135000015,-51.50271454999998,-85.46210386000025,4.278364690041683,871.47302198604,-325.70348248040955,-973.8578662003453
1788030596.2803636,-1763.0,-10.0,3660.0,-65.27281789000014,-51.57759725999998,-85.74799163000026,4.299927842472731,869.7662470465085,-373.6609690383647,-936.7798762237144
1788030596.3462079,-340.0,45.0,4090.0,-64.50863461000014,-51.50837775999998,-85.84766771000025,3.549927842472731,891.4837405168913,-390.36020442911683,-907.6933241226786
1788030596.4106867,-113.0,-405.0,3903.0,-64.16511717000014,-51.68271891999998,-85.93897655000025,3.126777960367171,869.5655027396508,-376.61905790903427,-950.4414251932144
1788030596.4802318,-578.0,-144.0,3974.0,-63.59216808000014,-51.84879111999998,-86.09951301000025,3.2667241907738083,881.7493725180993,-352.9033807816547,-1034.4580542858296
1788030596.5345948,-980.0,89.0,3939.0,-63.50639015000014,-52.18360174999998,-85.97222963000026,2.649253115606239,870.4209285382962,-414.50819574535467,-983.9291156387359
1788030596.6047997,-41.0,-214.0,3952.0,-62.44415142000014,-52.83228712999998,-86.44615427000026,1.6599793113831502,891.0568995479099,-437.75708773082425,-922.7534357203489
1788030596.6908278,-1095.0,-34.0,4184.0,-62.14888085000015,-54.22880896999998,-87.18301221000027,0.647472922847133,889.5041421225487,-421.835200883463,-963.0036158498234
1788030596.7552783,-576.0,-388.0,3892.0,-62.32904720000015,-54.533705869999984,-87.28834023000027,0.4901634956559332,897.1541959309001,-473.23066810161885,-888.0538864921824
1788030596.8068542,-659.0,-422.0,3887.0,-62.39547608000015,-55.22394884999998,-87.55447085000029,0.23670821413824397,927.6064071457129,-514.8028397179052,-945.0774344609472
1788030596.8957653,-1096.0,53.0,4081.0,-62.40936548000015,-56.15484692999998,-87.53790647000028,359.326403918891,944.6145715680223,-564.4663279531002,-930.0338997816657
1788030596.9658513,-606.0,-336.0,4159.0,-63.256320680000144,-56.96858523999998,-86.28683735000028,358.06619327231874,913.2535284144299,-555.5690716275808,-911.9286254568625
1788030597.0311747,-1337.0,-737.0,3961.0,-64.41002624000015,-57.15671947999998,-85.85523527000028,358.4954368224658,920.309365482305,-546.9941913271929,-936.1494467019559
1788030597.0991545,-757.0,-920.0,3077.0,-68.00275293000016,-54.82713494999997,-87.01587412000028,359.9697584909055,976.1733716972223,-491.59023131714093,-860.3189564151805
1788030597.1642308,430.0,-762.0,4091.0,-70.43399349000015,-53.11839938999997,-89.43205390000028,1.4274916237360002,1052.3362037997097,-468.94434623001683,-899.4835476854794
1788030597.2349849,-568.0,-1007.0,3294.0,-70.83035946000015,-52.47257231999997,-90.50196484000028,2.1774916237360005,1123.9945390119758,-468.04329580996904,-938.1937284637809
1788030597.322208,3821.0,2312.0,11844.0,-73.51384873000015,-49.92864141999996,-91.51933063000028,1.6896165739325024,1307.5290996588424,-348.7281490745208,-957.7595129151338
1788030597.3961163,1224.0,-1249.0,5879.0,-75.30992329000014,-48.537237979999965,-89.19662927000029,2.4396165739325024,1283.3832477866902,-356.3577633935454,-936.2484116071649
1788030597.4526968,-376.0,1587.0,2114.0,-78.91196831000015,-46.07307627999997,-87.79938923000029,0.9396165739325024,1211.7493847138148,-239.88015479906787,-950.6987425146135
1788030597.539578,2212.0,1272.0,6744.0,-78.68470253000015,-48.427067429999965,-91.55024179000029,359.4396165739325,1259.57560841419,-229.1755964404487,-954.3779298171002
1788030597.6067061,1411.0,-554.0,3065.0,-78.11052823000014,-48.17229934999996,-90.55337907000029,0.9396165739324829,1252.6688261714482,-257.34457319393186,-934.5489884957448
1788030597.672186,646.0,-523.0,4264.0,-78.13824571000015,-47.31921690999996,-89.5678686700003,1.6896165739324829,1264.7243444569433,-209.56138093994562,-948.4548051291503
1788030597.7473714,-863.0,802.0,2771.0,-77.28598255000016,-46.35578898999996,-88.0671444100003,3.188790129240823,1223.6523764618482,-219.8289209928668,-981.690570638327
1788030597.815559,-715.0,-278.0,4504.0,-77.78543073000016,-46.69226127999996,-89.7145147500003,4.669100562674979,1250.8090626998478,-195.18115411677564,-948.7270304279297
1788030597.88332,237.0,-271.0,4844.0,-77.87154158000016,-46.86448297999996,-90.08890975000031,5.419100562674979,1246.7631136221353,-175.02633676888985,-999.8381482188121
1788030597.952649,-708.0,468.0,3914.0,-77.99005445000016,-46.92364774999996,-89.87516482000031,6.708803670488205,1203.3788367697346,-209.77654887252052,-967.8675306325047
1788030598.0178635,-265.0,129.0,4260.0,-77.70478177000015,-46.967058809999955,-89.9278782500003,7.458803670488205,1202.065424330672,-185.04110547100237,-961.6321097251567
1788030598.0864286,-26.0,342.0,4134.0,-78.02751481000016,-47.01644828999996,-89.82707391000031,8.151564212549557,1247.1713253566377,-237.4325960774529,-963.6562897733393
1788030598.152919,-127.0,369.0,4125.0,-77.70519897000015,-47.22298076999996,-89.86149599000031,8.450576477465457,1222.916983503344,-189.3210038479672,-934.4401477935526
1788030598.2075593,-100.0,187.0,4145.0,-77.67120347000015,-47.185894769999955,-89.9109439900003,8.945968231137684,1219.1594224306264,-193.21376980285376,-959.7683870752589
1788030598.2781806,-207.0,251.0,4021.0,-77.55674045000016,-47.145678089999954,-89.8861984300003,9.591206660472443,1177.5358382412408,-163.99589547281028,-914.7936840773722
1788030598.3394077,-325.0,279.0,4394.0,-77.30341129000016,-46.858365749999955,-89.7996957900003,9.850664078191302,1172.4775353104765,-188.41141101464103,-955.384630551727
1788030598.4028306,19.0,430.0,4206.0,-77.15796830000015,-47.037920649999954,-89.8214191000003,9.2424790578238,1194.7038134938903,-225.50390472996227,-952.6231752223631
1788030598.4534683,-70.0,185.0,3923.0,-77.33735940000015,-46.920388549999956,-89.8987428500003,9.28788694532859,1177.3669602998023,-224.7731711473834,-935.2232113446858
1788030598.5204604,125.0,165.0,4277.0,-77.31883110000015,-46.861715599999954,-89.7875730500003,9.266571171658041,1193.7611510251404,-230.65127562875327,-955.2625792492686
1788030598.5845082,-69.0,59.0,4047.0,-76.09285285000016,-46.47255199999995,-89.3799483500003,9.908795451450757,1106.0049247173113,-196.36591839683607,-930.59793198292
1788030598.651173,-599.0,350.0,4035.0,-75.42545605000015,-46.80625039999995,-89.5498873500003,9.837423789480104,1195.3422097415107,-235.21004030079047,-914.2068752044685
1788030598.7204752,70.0,345.0,4139.0,-74.53726084000016,-46.82785729999995,-89.7510488700003,8.527461170306346,1095.8548569583372,-239.01390529131024,-912.2795412688808
1788030598.7934034,350.0,88.0,4093.0,-73.84798568000016,-46.87422109999995,-89.9426859100003,7.957950310200052,1047.2185312595448,-274.2962951800237,-833.4298509470779
1788030598.857548,889.0,139.0,3989.0,-71.87821697000017,-47.12206701999995,-89.58751214000031,6.457950310200052,1089.4473852894957,-290.1557561573394,-968.0724848780327
1788030598.9216526,345.0,54.0,4139.0,-71.11206809000016,-47.437176639999954,-90.07871243000031,6.035646771504029,1059.6247123218386,-299.93406149404154,-942.5714375200032
1788030598.9977157,328.0,1095.0,3642.0,-68.43630920000017,-47.864024739999955,-90.70661726000031,4.535646771504029,1051.2502360486556,-330.4137403913496,-900.7184429994091
1788030599.0671754,647.0,1412.0,4885.0,-67.68443318000017,-48.03420243999996,-90.36316772000032,3.7856467715040294,1125.8055843240652,-318.88230052134816,-867.5340654508522
1788030599.134712,1958.0,922.0,5185.0,-65.89063635000018,-48.727954519999955,-90.10687644000032,2.2856467715040294,1064.1485479472876,-323.95917369098623,-1013.841000956783
1788030599.1962419,-475.0,-1205.0,3242.0,-64.67707491000017,-49.02824905999996,-90.16879284000032,3.0356467715040294,1096.9598609719033,-337.7835494282603,-956.1721577355046
1788030599.2476702,357.0,255.0,5482.0,-62.951247870000174,-49.49218105999996,-91.20490764000033,2.5260392677182337,1072.0375781094122,-345.19658415219664,-955.6270846080122
1788030599.300462,-259.0,-909.0,4094.0,-58.07021115000017,-49.95912970999996,-92.11421625000033,2.5260392677182337,1076.9150148161987,-311.1784685277104,-845.7004945608472
1788030599.3553715,1410.0,214.0,4714.0,-55.81054395000017,-50.30225290999996,-93.35378745000033,1.7760392677182337,1199.1526429845433,-370.1939510420343,-855.615322849333
1788030599.423021,-1046.0,1790.0,5000.0,-54.77537261000016,-50.512322069999954,-93.60097453000033,1.7760392677182337,1075.2237382670414,-430.8874566477786,-964.1369629887377
1788030599.486909,-103.0,413.0,3895.0,-55.63458999000016,-50.564864139999955,-93.70914938000033,1.0528514602004733,1092.3807595970857,-399.12540511314563,-926.1157908374871
1788030599.5559056,152.0,-230.0,3896.0,-55.94078070000016,-50.493747499999955,-93.60089592000033,2.1479669520405684,1086.212473392651,-389.1317439078596,-995.280794992553
1788030599.6221645,297.0,381.0,4419.0,-55.82331510000016,-50.31754909999996,-93.55143672000032,1.3979669520405684,1113.2640256132847,-408.90253477685565,-965.5494687864332
1788030599.6889014,282.0,-8.0,4127.0,-55.415466680000165,-50.274281119999955,-93.56997377000032,0.4530196228972647,1114.1129923683523,-415.3024634232475,-946.3563819242125
1788030599.7576277,171.0,80.0,4208.0,-55.33828818000016,-50.44407381999996,-93.59775803000032,0.3625771842934659,1131.1999536815692,-401.61887367675155,-958.3970484752216
1788030599.8231823,-179.0,246.0,4191.0,-55.26729852000017,-50.425280219999955,-93.50196205000032,1.0412607133919973,1152.4811432370739,-336.29751661989485,-962.9341262720283
1788030599.8901286,-96.0,157.0,4228.0,-55.14070856000017,-50.42836777999995,-93.32597113000031,1.1813679644763648,1148.5764419150323,-373.6039545412868,-956.8874678294588
1788030599.9418435,-659.0,141.0,4049.0,-55.02020090000017,-50.39128849999995,-93.12203509000031,1.5985131109231734,1152.0718475538956,-380.0808531774164,-928.7075680538386
1788030599.992924,-263.0,84.0,4149.0,-55.14375090000017,-50.175075999999954,-92.7452075900003,2.0371807841990353,1144.5431250228278,-350.00964947609856,-942.2695347418942
1788030600.053571,-661.0,280.0,4232.0,-55.323225720000174,-49.639831569999956,-92.26253267000031,3.1381211293457483,1143.0300026368418,-305.3421099106936,-963.6101703479286
1788030600.1217344,51.0,-458.0,3519.0,-55.165703040000174,-49.01591820999995,-92.18222699000032,3.8881211293457483,1145.7427657479288,-297.8334451532013,-987.5789479605303
1788030600.1885202,286.0,701.0,4591.0,-55.03434454000018,-48.09188404999995,-92.11593993000032,3.7499149033446972,1095.936905257704,-291.31531926040185,-951.982873406745
1788030600.253098,-45.0,400.0,3600.0,-54.62281461000018,-48.42296451999995,-91.68893895000032,3.019899765797885,1040.341948312554,-324.99691570920487,-931.2153322395613
1788030600.3199894,470.0,-1116.0,4746.0,-53.32355777000018,-47.60317694999995,-90.49489134000032,4.519899765797885,1016.023037285887,-285.1567711293914,-901.9182435159727
1788030600.389631,-1024.0,626.0,3461.0,-52.040713970000176,-48.06375335999995,-88.61439622000033,3.9844358614396453,962.8799314885382,-267.8317270627922,-912.818574548403
1788030600.462972,58.0,839.0,4206.0,-50.776470430000174,-49.28781311999995,-87.32851526000033,3.2344358614396453,927.7311663619844,-288.99327362222624,-889.6542958699109
1788030600.527008,-1966.0,440.0,3481.0,-47.36521279000017,-50.21878840999995,-87.21073844000033,3.7958198894994806,873.8953449433315,-359.04060695783613,-850.3775429046564
1788030600.5928063,585.0,670.0,8165.0,-42.73434466000017,-51.54553319999996,-90.13674285000032,3.79581988949948,876.116593356747,-422.6890008089084,-891.0073616026041
1788030600.6812403,-777.0,-171.0,2156.0,-41.498039800000164,-52.22262191999996,-91.77874930000033,2.6424950820570428,895.1738768425741,-481.12966661896644,-924.4040419810107
1788030600.7476585,598.0,647.0,6588.0,-41.16753872000017,-51.93100331999996,-92.33699062000032,1.8924950820570428,866.1390070091287,-522.439701713802,-947.0601248128339
1788030600.8137639,2575.0,184.0,5694.0,-42.47649427000017,-51.31421889999996,-92.39513815000032,0.39249508205704275,898.8896407939665,-435.254559571128,-861.1049385077949
1788030600.882514,600.0,261.0,4268.0,-43.725161270000164,-51.52398789999996,-92.20660085000033,358.89249508205705,987.1903035585242,-453.9601240590827,-892.3391407351485
1788030600.9332547,909.0,-284.0,4287.0,-43.55268099000016,-51.68255847999996,-92.07028579000033,358.14249508205705,944.9263589569671,-445.3277565701388,-856.2698464359136
1788030601.001877,111.0,151.0,4179.0,-43.04172677000016,-51.45754564999996,-92.08961860000032,357.898700472706,945.4805170589681,-444.8885734295944,-897.4060397535708
1788030601.1048636,-131.0,-68.0,4101.0,-43.364282500000165,-51.629925759999956,-92.18415472000032,357.43616738485713,954.2272508502399,-427.2572963436427,-897.1450764751297
1788030601.1688771,-166.0,121.0,4135.0,-43.300504310000164,-51.59522038999996,-92.13621340000033,357.51088779588315,934.013262675888,-424.5962632576925,-868.6424783820007
1788030601.2325144,1073.0,-235.0,4200.0,-43.08445799000017,-51.53507064999996,-92.16365060000032,356.1196374119642,898.8874125522065,-428.7129741230823,-893.1335850027671
1788030601.2942965,-102.0,94.0,4137.0,-42.96277643000017,-51.66228318999996,-92.10834080000032,356.0037778137869,887.3516057000758,-409.4647132503647,-863.4430796001681
1788030601.3577104,90.0,67.0,4211.0,-42.546524720000164,-52.04244219999996,-92.11661900000033,355.11408004066,904.5058760117755,-448.60471455361073,-865.85993510128
1788030601.420978,-43.0,548.0,3950.0,-42.41852650000016,-52.04800733999996,-92.30583376000033,354.36408004066,876.528381358894,-422.28047755940617,-831.665735511607
1788030601.505545,203.0,-10.0,4245.0,-41.75037664000017,-51.90684029999996,-92.22287816000032,354.83551915804446,807.682138765676,-427.5275025868939,-868.8805324821259
1788030601.5686176,-95.0,13.0,4327.0,-41.05709664000017,-51.82087357999996,-91.83186824000032,354.6567984310114,887.8302295128632,-456.02400850500067,-859.3809327364446
1788030601.6336935,-119.0,17.0,4324.0,-40.849058880000165,-52.05661971999996,-91.98995708000032,353.21274121059383,843.4269140821307,-515.7197971542107,-912.976083318526
1788030601.7103918,608.0,-1033.0,2454.0,-39.223068920000166,-52.18139247999996,-92.39256502000033,354.3123751069032,887.7420630381413,-506.46197461748346,-879.9116434335111
1788030601.7737393,-478.0,-451.0,3914.0,-38.23992242000017,-52.38690897999996,-92.37867877000033,354.39609311398874,801.4136866107451,-529.5890232741551,-899.5443463527978
1788030601.8378375,566.0,326.0,5528.0,-36.11699700000017,-51.03817501999996,-91.49604345000033,354.39609311398874,716.8193520539558,-516.2856482321035,-941.5350077895073
1788030601.9233549,-440.0,259.0,6356.0,-35.01386980000017,-49.63496026999996,-88.78165800000033,352.89609311398874,691.7917372567001,-467.09760447820406,-916.8526312705853
1788030601.9887345,256.0,611.0,4732.0,-31.175275670000172,-50.05683430999996,-91.56320796000033,352.89609311398874,812.4918204884095,-515.52479561012,-951.4414925991358
1788030602.0530415,-961.0,1162.0,5921.0,-30.65872019000017,-49.78744784999996,-90.60785804000032,352.2389822688394,828.4524087284719,-451.7796656375304,-908.1725536294178
1788030602.1342523,-1179.0,-518.0,2315.0,-32.52717755000017,-49.598847479999954,-90.85257356000032,352.7868228733987,736.2409376597518,-441.122827615249,-900.3924659357621
1788030602.1985745,-1880.0,1157.0,4209.0,-33.50284007000017,-50.457469859999954,-92.06446900000032,353.281196847923,819.8389011349411,-444.60671811744055,-907.7595314512121
1788030602.264194,-33.0,-801.0,4088.0,-33.63351124000017,-49.959582329999954,-91.72789318000032,354.781196847923,789.7520536023036,-427.2356472827432,-908.0717176312846
1788030602.3564336,-25.0,496.0,4120.0,-32.896258500000165,-50.11538223999996,-91.68901091000032,353.281196847923,807.0387248624443,-433.4841537001341,-892.5363276689114
1788030602.4289896,-120.0,164.0,4021.0,-33.418827610000164,-50.05978739999996,-91.85300166000033,352.0644754329246,851.4206050737783,-486.68287732473016,-916.4332432426486
1788030602.4922714,327.0,-87.0,4195.0,-33.388231660000166,-50.12932364999996,-91.83353151000033,351.650831556141,831.2268470437639,-473.692653019665,-887.1150028912188
1788030602.5595055,23.0,-66.0,4203.0,-34.10590190000017,-50.26013719999997,-91.61938114000031,352.546358106291,850.8232468579926,-446.6854042040905,-886.6330922352925
1788030602.62553,-195.0,12.0,4194.0,-33.94507564000017,-50.124299609999966,-91.33090414000031,352.92132811182927,860.6200437726473,-434.7274646280711,-935.6990434091399
1788030602.6958113,-111.0,126.0,4269.0,-34.31947582000017,-49.888385609999965,-91.03962238000031,352.94124676864317,849.8421928204352,-426.71078747199897,-918.7327958665642
1788030602.7583244,-111.0,-49.0,4131.0,-34.27505214000017,-49.61906704999996,-90.78418622000031,353.276298895627,892.074326023148,-445.3346513313827,-889.858326516727
1788030602.8237343,1063.0,-402.0,5200.0,-35.23750545000017,-48.78684712999996,-89.6940625700003,353.1702583628932,896.065163495551,-452.0682980723854,-934.7724381529091
1788030602.8928,16.0,341.0,4176.0,-35.465171070000174,-48.82294045999996,-89.68850975000029,352.5348978778038,819.1956963423431,-419.5859139163108,-928.0515741750415
1788030602.9726408,-485.0,276.0,4375.0,-35.96449269000017,-49.52476689999996,-91.7993488300003,352.9987767207889,918.8412094572558,-411.452029388121,-948.2954139212246
1788030603.0409632,-409.0,579.0,4223.0,-35.95340077000017,-49.90189217999996,-92.4177233700003,352.9428620777795,969.761141072145,-444.1180027213403,-954.4815518500476
1788030603.1213753,-48.0,-96.0,3640.0,-35.80010525000017,-50.42136973999996,-92.8200699300003,354.1695500245967,914.5688116559617,-433.504508737063,-918.623544056268
1788030603.1861115,-972.0,-243.0,3581.0,-35.65659188000017,-50.78499145999996,-93.0472199300003,355.13559428991675,935.1962383310612,-451.9315591331381,-922.3410360720767
1788030603.2514298,121.0,-1005.0,3225.0,-36.839841920000175,-49.57679166999996,-93.4810529100003,355.6194637231466,949.9518379533927,-483.37860067049024,-969.4507720767504
1788030603.3190308,603.0,-1033.0,3201.0,-37.746903950000174,-48.328541169999966,-93.4838268000003,356.3694637231466,936.0209916461132,-461.43328064815694,-903.1175941809302
1788030603.405777,834.0,-1079.0,4180.0,-38.131116170000176,-46.85405752999996,-90.9781801600003,356.3694637231466,807.3116363015046,-415.36491367797964,-943.8691340633598
1788030603.4743047,-244.0,109.0,2413.0,-34.44074858000018,-47.73987371999996,-91.15040571000031,356.73209805898773,779.000380254658,-385.8255348461162,-920.6467164368775
1788030603.5385904,936.0,-4519.0,639.0,-30.52355320000018,-49.937556759999964,-93.89210215000031,356.73209805898773,791.8914132382442,-490.90458268188235,-849.1405426086318
1788030603.5982003,821.0,3028.0,8012.0,-28.432692400000178,-53.37691155999996,-94.25355415000031,355.98209805898773,786.3041504166857,-573.0667142926025,-806.0462492183572
1788030603.6623013,449.0,-1675.0,1007.0,-28.04162172000018,-52.18195527999996,-93.47422385000031,355.98209805898773,676.2184760726286,-515.8157786785235,-816.8861626048928
1788030603.713519,858.0,431.0,3231.0,-28.23929276000018,-51.697043509999965,-94.35138909000031,355.23209805898773,729.02957552993,-530.6114938099063,-849.832257317852
1788030603.7827277,2372.0,-272.0,3677.0,-27.751611510000178,-51.85856850999996,-93.2766265900003,354.48209805898773,633.3478970335536,-570.7851900798402,-827.6830228528441
1788030603.844609,-770.0,-585.0,3547.0,-27.636024990000177,-51.53237970999996,-92.8226914300003,353.8635714681258,703.7420719360874,-547.0323808008336,-877.4967527884878
1788030603.908277,-146.0,725.0,3580.0,-28.071686790000175,-52.07000490999996,-93.21818583000031,353.1135714681258,684.3639067479446,-499.6573108272091,-873.2062300103125
1788030603.9826863,-1445.0,12.0,4398.0,-28.559776070000172,-52.28635950999996,-94.13281479000031,352.26492173985577,735.753774890283,-540.8517847770901,-854.6780902626422
1788030604.0564187,215.0,-734.0,4371.0,-27.51550585000017,-52.827636539999965,-94.86295203000032,351.93048260579945,753.351749158291,-554.1030388032092,-861.015207090351
1788030604.1249955,814.0,-1846.0,3790.0,-26.93134661000017,-53.07000047999996,-94.45901213000032,352.68048260579945,783.7633571336046,-583.1246398091457,-834.124736828752
1788030604.1910088,516.0,164.0,4272.0,-27.04166815000017,-53.30324901999997,-94.65258831000033,351.18048260579945,720.0235306852305,-604.2187465291033,-835.8549260772019
1788030604.2586389,840.0,165.0,4159.0,-27.187184850000172,-53.26919191999997,-94.72689471000032,350.43048260579945,720.0532349686995,-591.3099395220115,-785.7424956600657
1788030604.3236468,429.0,-517.0,4207.0,-27.549272940000172,-53.56938460999997,-94.42051248000033,349.76465701024745,748.0691707791301,-559.4567533155703,-846.9703047651532
1788030604.393282,-10.0,-115.0,4274.0,-28.102720730000172,-53.69623069999997,-94.03710596000033,348.624423273315,753.5679150645087,-525.501090083123,-828.4137585684849
1788030604.4706151,-133.0,-327.0,4105.0,-27.27092893000017,-54.01472005999997,-93.85466216000033,348.0806471534418,666.7982720331981,-550.0810161505974,-808.7338012032462
1788030604.5337415,-696.0,-55.0,4202.0,-27.31109052000017,-54.27092614999997,-93.48714459000033,348.08233092390896,683.6163547917741,-478.44465394521546,-826.7815677668143
1788030604.599668,-628.0,-44.0,4174.0,-27.41301927000017,-54.008382399999974,-93.14120459000033,348.0101395598252,681.8952971681338,-513.667087660846,-820.8761086549536
1788030604.6788595,-90.0,-502.0,4231.0,-26.828292470000168,-53.54407463999998,-92.25382831000033,348.92021961031435,652.6269914131111,-492.02875454263386,-833.147502151625
1788030604.7439218,315.0,-229.0,4686.0,-26.843738320000167,-53.35254609999998,-91.03669533000033,348.17021961031435,635.0626001689326,-488.5848195170959,-779.2258284254848
1788030604.8129625,-1215.0,-605.0,3065.0,-26.855876530000167,-54.156526549999974,-88.84385062000032,348.13988740948895,564.6844630044252,-525.7584945408695,-731.1142114072699
1788030604.8935578,-1111.0,543.0,3131.0,-26.549633320000165,-53.55286985999997,-91.35712957000032,348.13988740948895,610.0024255145468,-538.6963632653523,-846.7757862075397
1788030604.9605575,-1622.0,86.0,2183.0,-26.515568520000166,-53.43519145999997,-95.28077517000033,348.88988740948895,703.0647229475683,-540.9502151792827,-866.5555545896954
1788030605.0241575,4651.0,-277.0,9136.0,-27.155606310000167,-52.53233621999997,-92.72989992000032,348.13988740948895,703.2622158459669,-422.34363435783064,-840.2748747126219
1788030605.1013129,-1070.0,2007.0,806.0,-27.310239040000166,-55.59585275999997,-87.83882317000032,346.7420183211289,575.4817572471816,-564.0563909037777,-817.2137356631499
1788030605.1644945,-2485.0,-2147.0,2111.0,-25.219221370000167,-55.66456454999997,-85.38530567000032,346.7420183211289,470.56675455539107,-560.8472723040512,-797.6956167658531
1788030605.2299454,-902.0,-799.0,3655.0,-24.454138870000165,-54.998602049999974,-85.19016317000032,347.3916363677573,493.7652399691324,-527.5616325963312,-802.0399885751841
1788030605.3079185,-285.0,-116.0,3540.0,-22.507092230000165,-55.902407609999976,-87.78721245000031,345.8916363677573,495.0015172091229,-499.8216030018743,-785.0144584072552
1788030605.3717947,-1044.0,-1189.0,2495.0,-21.641752230000165,-54.67238860999998,-90.77572595000031,346.6416363677573,533.5991814857214,-261.24112369226003,-836.8915340641132
1788030605.4411645,120.0,5667.0,5547.0,-18.472870220000164,-56.34369418999998,-95.2638883700003,346.6416363677573,602.6145213246472,-760.0384169993449,-840.6407514467189
1788030605.5256102,-1165.0,-452.0,5744.0,-20.781867680000165,-54.96162580999998,-95.13993405000029,348.1056326239124,657.1759702831923,-505.55061649358004,-920.043804392691
1788030605.5904632,1667.0,281.0,3620.0,-22.232480480000167,-55.23129100999998,-94.58510565000029,347.3556326239124,694.7227899604478,-453.0173041058564,-877.8731900978268
1788030605.6618955,931.0,-55.0,4704.0,-22.687415100000166,-52.30817640999997,-90.55751383000029,347.3556326239124,634.3331380995892,-415.89965584217794,-907.7352585168819
1788030605.7252862,-3117.0,1355.0,3835.0,-22.736932540000165,-51.921321409999976,-89.65072571000029,348.1056326239124,591.3890385245938,-404.2764923952187,-959.3385790224759
1788030605.794514,3058.0,1340.0,5394.0,-22.275725570000166,-54.86856290999998,-92.08665480000029,346.6056326239124,639.976271615948,-419.43237348110426,-960.9916376968522
1788030605.8624728,800.0,-419.0,4289.0,-22.077893250000166,-55.39096387999998,-91.76517728000029,345.8556326239124,636.5669141431962,-491.59728963313285,-884.3179025678608
1788030605.9431524,-1833.0,128.0,6090.0,-22.789608870000166,-55.34458474999998,-89.25565635000028,347.03903205097424,616.7368692967566,-486.6336255500294,-877.7788763515915
1788030606.0078948,-2261.0,1369.0,2702.0,-23.568672540000165,-54.719885359999985,-86.77333539000028,347.23975778247757,511.6823243144708,-509.9484754149958,-891.799268350165
1788030606.0726788,-3338.0,477.0,3040.0,-23.441918990000165,-56.42951250999999,-88.69318794000029,347.98975778247757,799.6920128484383,-525.7467313956022,-872.9968747711422
1788030606.1566072,2106.0,-1021.0,4555.0,-24.120978070000163,-58.94880522999999,-91.96548550000028,346.48975778247757,710.4469709567202,-560.200405609761,-898.7546117669391
1788030606.2235103,1085.0,-696.0,3457.0,-24.458445340000164,-58.97666949999999,-92.77045330000028,345.73975778247757,740.9592068771373,-615.019688806047,-876.1953113712264
1788030606.3005395,1238.0,-1028.0,3480.0,-25.498368420000165,-58.45686042,-90.6226477100003,345.0342369200891,709.3531849429681,-591.5340501245694,-869.1731207823422
1788030606.3570905,-916.0,404.0,2423.0,-26.391862630000166,-57.98006599,-91.0387552900003,344.3331374978016,660.7611433066363,-561.0635004083823,-849.3958048139008
1788030606.4208875,-179.0,1516.0,4419.0,-27.191360770000166,-58.38911155,-92.9352392500003,343.5831374978016,691.8129521722296,-517.177639056061,-873.4575874363863
1788030606.4721386,367.0,-906.0,6426.0,-28.461901510000168,-59.74620981,-94.17486659000029,344.3331374978016,821.7582545198107,-562.8591569347577,-966.1291104101643
1788030606.538812,-272.0,-1799.0,2092.0,-28.650266330000168,-60.75380269000001,-91.5100564700003,344.3331374978016,836.1952172526542,-631.0263822251679,-864.9133931903949
1788030606.6082602,383.0,-1278.0,3282.0,-28.97210057000017,-59.62738285000001,-89.6595095900003,345.0831374978016,816.8378983475158,-612.3868466266119,-880.4492406237133
1788030606.6740022,-392.0,769.0,-445.0,-29.31819492000017,-61.624347960000016,-89.9835680100003,345.067103584185,694.3794936453747,-667.6782804249959,-912.3811209587358
1788030606.744712,48.0,3279.0,8737.0,-30.07240131000017,-63.04275257000002,-91.1722966000003,344.317103584185,749.7737228547344,-656.0677753154408,-801.4072467657171
1788030606.803398,-910.0,-2302.0,-598.0,-34.005376230000174,-61.82773639000002,-91.1067994200003,345.76889124775676,852.0978548848133,-659.3638646093377,-814.3866232018801
1788030606.871953,933.0,241.0,5535.0,-37.44089188000017,-62.23665259000002,-91.8378920200003,345.01889124775676,904.2440780172122,-612.3159708847086,-830.5201304203366
1788030606.9412956,-5156.0,1312.0,5710.0,-43.92893771000018,-59.79993656000002,-94.2088461300003,346.51889124775676,961.5043152532842,-574.2254553507366,-876.0824385368705
1788030607.0109124,-2360.0,-1308.0,4593.0,-45.14339417000018,-59.80302678000002,-94.75272485000029,347.26889124775676,1050.303579090993,-460.33080447694573,-933.2451195977512
1788030607.079903,304.0,1434.0,5263.0,-44.75466149000018,-59.95158120000002,-92.7930653300003,347.26889124775676,1079.543060778422,-570.7758980564067,-930.1886311737958
1788030607.1522896,-344.0,-558.0,4580.0,-46.16957730000018,-57.64285877000002,-91.5487921600003,348.76889124775676,1029.610548882586,-473.06538676509933,-915.5321732942581
1788030607.2225497,-1582.0,675.0,4774.0,-47.55713235000018,-56.95373747000002,-93.2653871100003,349.51889124775676,1041.3778386849776,-453.5565667254991,-895.363206854103
1788030607.2871556,438.0,-333.0,4279.0,-48.99588995000018,-56.28138642000002,-93.9329662600003,349.51889124775676,1135.7437719452148,-397.5945692631863,-944.9875431382131
1788030607.3530324,60.0,-128.0,4286.0,-48.87798811000018,-55.44676550000002,-92.9432113400003,350.26889124775676,1050.807043675697,-410.85594091984495,-919.1220703740851
1788030607.4294703,1379.0,-1626.0,5133.0,-48.219435530000176,-54.11104888000002,-91.7311994200003,351.76889124775676,971.0394907039042,-363.19645054251566,-883.1540782007502
1788030607.498302,-108.0,1472.0,3912.0,-49.34150858000017,-54.99545877000002,-86.97678360000029,350.4644746672793,949.8554685744099,-369.6444531533092,-873.6927918252128
1788030607.5593338,-108.0,1472.0,3912.0,-49.34150858000017,-54.99545877000002,-86.97678360000029,350.4644746672793,949.8554685744099,-369.6444531533092,-873.6927918252128
1788030607.6467907,-3493.0,-2728.0,2710.0,-46.11439140000017,-58.815246770000016,-81.95671344000029,350.9716423723369,684.9863148462805,-412.6431698217421,-889.5817261947698
1788030607.7139971,-1003.0,-1735.0,2136.0,-44.18221640000017,-59.408810930000016,-81.85160312000029,351.7216423723369,674.7933110507305,-451.6877283150057,-821.0598399768169
1788030607.7815595,-1630.0,1346.0,3001.0,-40.69534952000017,-59.931231990000015,-84.83471941000029,351.8342404387185,648.3165157089604,-442.49306328913866,-827.8903031966003
1788030607.9089324,-349.0,2076.0,3962.0,-32.418955520000175,-59.45725030000002,-91.54345921000028,351.0842404387185,727.98515739406,-416.34300367279593,-805.1745903078039
1788030607.972347,1103.0,-1709.0,2644.0,-30.188027940000175,-58.979416020000016,-90.68087525000028,351.8342404387185,733.1815222698157,-563.1327043982831,-899.9943645079742
1788030608.0604525,2520.0,257.0,2566.0,-30.105128900000174,-58.817140760000015,-90.83083597000028,351.8342404387185,668.8793070508771,-533.3779696978356,-920.4359036785283
1788030608.1239061,1066.0,-72.0,4292.0,-31.208530150000172,-58.84996250000002,-90.80085644000027,350.3342404387185,726.3164437863173,-516.77565836461,-889.0848937509434
1788030608.1769798,546.0,-280.0,3974.0,-31.497735430000173,-58.89167480000002,-90.59507576000027,349.5842404387185,763.5065209069257,-542.2584481962215,-899.1397313299335
1788030608.2410347,32.0,-80.0,4338.0,-31.175010510000174,-58.95287272000002,-90.68680082000027,348.5422127289919,773.5036055116634,-540.5996496725076,-854.0444594817494
1788030608.3000798,-891.0,-102.0,4003.0,-31.225110630000174,-59.069773000000026,-90.79256774000027,349.0509666240955,746.2810132676406,-510.8781406670889,-847.3249042402333
1788030608.3614337,-388.0,77.0,4086.0,-31.164525210000175,-58.95584023000003,-90.77597480000026,348.9692437894954,740.3954812739229,-501.53012385446016,-855.3045125852193
1788030608.4255278,-47.0,-169.0,4146.0,-31.383424240000174,-59.03346659000003,-90.76488512000024,347.6605827003585,709.3646232466507,-558.6627919246649,-849.3872239427495
1788030608.4826653,-237.0,66.0,4130.0,-31.261351520000176,-59.25264261000003,-90.75378760000024,347.22979372677247,749.31832771077,-545.997461395206,-848.0791502342646
1788030608.552943,76.0,-127.0,4176.0,-31.494164240000178,-59.15563731000003,-90.78427498000023,346.1219732968783,722.482523175086,-559.5796324348632,-851.9365328444306
1788030608.605515,-89.0,-137.0,4085.0,-31.136278250000178,-59.21112351000003,-90.86195566000023,346.1750329861593,713.0427163232193,-511.2416951829425,-834.5085563122163
1788030608.6983786,-467.0,72.0,4149.0,-31.61870838000018,-58.98654622000003,-90.81482200000023,346.2547050863861,700.7328496733334,-531.5273932117624,-879.3007353420871
1788030608.763749,61.0,-108.0,4173.0,-31.419057320000178,-59.04478517000003,-90.90079677000023,345.78338718752815,723.708501026645,-526.3319483485697,-866.9295308284984
1788030608.8338857,-34.0,-138.0,4119.0,-31.746657180000177,-58.975378420000034,-90.88691542000022,345.7863181390507,744.0868610701737,-538.4319456953835,-882.5659855244776
1788030608.910212,-164.0,85.0,4120.0,-31.668692580000176,-59.03927071000004,-90.95631769000023,345.82192167068456,722.5055427332752,-527.0460690836342,-897.9100419122109
1788030608.9832022,32.0,-132.0,4184.0,-31.818762360000175,-59.04482885000004,-90.89795722000024,345.67647479689253,750.9271099749905,-548.8260590035003,-872.8030887827879
1788030609.0478516,-230.0,-79.0,4132.0,-32.12692147000018,-58.89221261000004,-90.91460329000023,345.7868661578176,755.5433594480473,-566.4738312984235,-862.8484009955132
1788030609.1167696,-323.0,58.0,4191.0,-32.03052573000018,-59.082968910000034,-90.93161679000023,345.8116938169915,745.9139329270548,-534.6889076888225,-844.3417052876407
1788030609.186549,12.0,-104.0,4171.0,-32.190297300000175,-59.31462082000004,-90.81499917000023,345.26109481628504,739.8508357065605,-548.0873719127926,-852.0987100871705
1788030609.2502098,-8.0,-161.0,4109.0,-32.14322447000018,-59.17894031000004,-90.85930301000023,345.40371440264136,717.1214066043933,-514.0035587830172,-863.9375859457664
1788030609.3339214,-398.0,71.0,4143.0,-32.054375150000176,-59.214782690000035,-90.88971437000022,346.12830723374657,735.7327690853872,-459.79429488486323,-894.7093816338851
1788030609.398323,-234.0,-31.0,4114.0,-32.176629520000176,-59.195303300000035,-90.83139520000022,347.3758383870091,750.7860713299535,-460.38734841985263,-926.5971125532838
1788030609.4644985,-392.0,-145.0,4188.0,-31.873669310000174,-59.07318424000004,-90.8258465100002,348.49762723862807,791.0430076552688,-455.7586964553306,-947.1514272919056
1788030609.5507462,-716.0,67.0,4030.0,-32.00989400000017,-58.86748903000004,-90.50058990000021,349.87920741321983,796.2592618071388,-457.9906166901996,-928.2407390911026
1788030609.6167173,-488.0,50.0,4194.0,-31.94316608000017,-58.90919398000004,-90.23645855000021,350.12595994810397,772.2084040858123,-468.01597428945854,-875.6582903481165
1788030609.6688232,-716.0,-320.0,3842.0,-31.90422144000017,-58.82037707000004,-90.01693204000021,351.59775441729727,746.3759524518913,-445.4632007729799,-874.4293421564745
1788030609.7658467,-475.0,-251.0,4963.0,-30.81745072000017,-58.05247315000004,-90.42720428000021,352.3826473704929,683.3402303397618,-429.6130827223522,-850.0568094432363
1788030609.8384008,73.0,14.0,4218.0,-31.05318377000017,-58.00532654000004,-89.96128484000022,352.04299994850476,779.5385555852073,-439.77616913514834,-901.9050114858475
1788030609.9032724,186.0,-895.0,4188.0,-29.883258300000172,-57.55860362000004,-91.05923400000022,353.1039594057208,722.8006100857174,-419.60831472467214,-890.7109183891573
1788030609.9645977,102.0,337.0,3331.0,-28.959343140000172,-57.88044794000004,-92.39932716000021,352.3539594057208,746.6256352221287,-490.85497941642456,-883.1523919460988
1788030610.028332,571.0,-605.0,4606.0,-28.354561970000173,-57.86937338000004,-94.28292832000021,352.29118046356984,773.4243466261483,-466.09386357130165,-861.1302786699664
1788030610.0950599,486.0,757.0,4125.0,-28.09339897000017,-58.33908563000004,-94.37134532000022,351.5545847175668,758.9655582169413,-459.89197211472276,-870.4293327831012
1788030610.1475928,-144.0,336.0,3565.0,-27.98685799000017,-58.759642130000046,-94.41059726000022,350.8045847175668,724.818847555008,-430.9755312926035,-889.8037535731337
1788030610.2206144,221.0,-454.0,4121.0,-26.67615573000017,-58.67909229000004,-94.81599778000022,351.28433149618746,768.7421799538332,-526.0739069321618,-862.135140863991
1788030610.2857049,819.0,100.0,4931.0,-27.08741665000017,-58.30117685000004,-95.10777073000021,350.53433149618746,794.2299546666912,-500.83915852496136,-885.7123867010259
1788030610.3501794,185.0,-93.0,4411.0,-26.77582362000017,-58.11202649000004,-94.30480682000022,350.8707036799559,762.5393425254448,-464.9767033979012,-876.0611391636842
1788030610.4062924,-271.0,-85.0,4185.0,-26.086575060000172,-58.03668353000004,-94.27132106000022,350.8243794484627,788.9419899993932,-500.5111595186023,-920.128393590412
1788030610.45745,-336.0,-116.0,4201.0,-24.64984704000017,-57.89918022000004,-93.76216290000022,349.73274252038914,555.3465493926695,-478.93527736755794,-961.1983031300138
1788030610.512395,-369.0,-131.0,3855.0,-24.020106390000173,-57.75196812000004,-93.68310455000022,349.68468557548096,736.7579530413465,-512.8041105007674,-866.8700194676726
1788030610.5998385,-674.0,131.0,4526.0,-23.704609180000173,-56.87669190000005,-93.93850144000022,349.79282830180483,743.9995860045617,-532.7707737247301,-831.4659010184608
1788030610.649894,429.0,351.0,3699.0,-23.311058260000173,-57.159074420000046,-94.68307856000023,348.29282830180483,733.0282366428635,-518.5909842033049,-810.8930607815221
1788030610.713626,879.0,-292.0,5242.0,-22.624724920000173,-56.863381400000044,-94.74547250000023,347.54282830180483,776.368790604895,-520.847754124415,-862.6091018355211
1788030610.7685575,1045.0,329.0,5205.0,-22.415765400000172,-56.933939160000044,-94.31398466000023,346.79282830180483,723.1097398183997,-487.8801600596978,-886.4362863229529
1788030610.8206193,-124.0,-108.0,3442.0,-22.915100180000174,-57.87833597000004,-92.75355327000022,346.5327371808553,715.6427970468537,-471.74188084082186,-853.2900484287297
1788030610.885849,222.0,-191.0,3867.0,-22.885231880000173,-58.20960257000004,-92.88117237000023,347.203194667934,683.1715615089571,-459.4129030825555,-867.1225842475937
1788030610.9391844,-246.0,-556.0,4685.0,-22.382435180000172,-58.26395897000004,-92.71810317000023,347.6470230158361,662.9249750819677,-507.35377679299614,-843.625141476998
1788030610.9913943,-684.0,190.0,4027.0,-22.18984271000017,-58.26395897000004,-92.47125930000023,347.9075655601245,706.9463497448462,-468.3666574347766,-884.8044893157432
1788030611.0496705,-1059.0,-5.0,3465.0,-22.11382831000017,-57.645286090000035,-92.26503146000023,348.65131676654755,659.6110134102415,-500.8465231279408,-874.5555183167792
1788030611.1164477,-672.0,-635.0,3222.0,-20.85570403000017,-57.02750697000003,-94.56381368000024,350.15131676654755,717.9287191889595,-511.63009938503706,-892.3189376390018
1788030611.1852324,201.0,1518.0,5253.0,-19.99696349000017,-57.063173510000034,-95.55424606000024,349.40131676654755,725.0062939489487,-475.69161537658124,-864.7353338925055
1788030611.2468271,1576.0,148.0,5354.0,-19.36376645000017,-56.65770523000003,-94.26285736000024,348.65131676654755,708.8690318912195,-506.08408830263335,-836.1508741136838
1788030611.3138428,-219.0,-10.0,4500.0,-19.138524020000172,-56.48531287000004,-95.04703852000024,348.88993969445175,679.2870903312527,-486.39014978483226,-860.2602835467235
1788030611.3652282,806.0,-44.0,3754.0,-18.081468580000173,-56.88580702000004,-94.17902410000025,347.38993969445175,679.2192585561854,-511.01019702101524,-878.293475754011
1788030611.4522686,-485.0,-534.0,3544.0,-17.259315220000172,-56.41083567000003,-93.23187433000025,348.37167939837514,620.3159353380802,-512.8887980091131,-836.6316497490686
1788030611.520019,1175.0,1551.0,5508.0,-17.02022217000017,-56.35508991000004,-93.29335904000025,346.87167939837514,601.3115186447351,-442.2147148893138,-884.6413507682716
1788030611.5843215,267.0,-481.0,2829.0,-16.90077032000017,-55.94950921000004,-93.65171459000025,347.62167939837514,657.9843833875022,-416.1005636980939,-873.4306084198868
1788030611.671742,-469.0,161.0,4241.0,-15.93322864000017,-55.92729849000004,-93.29839981000025,347.96453882490755,660.3292409087034,-424.3153956825217,-877.1379270730574
1788030611.7404003,-829.0,390.0,3871.0,-16.31433524000017,-56.04969769000004,-93.26501821000025,348.25089104929435,696.241595729454,-437.78737174984815,-948.4289809124764
1788030611.8097577,-399.0,-4.0,3860.0,-16.71109930000017,-55.708345070000036,-92.81852615000024,347.867938038352,670.841695649807,-488.6350152533068,-1141.9967963809552
1788030611.8713744,-561.0,-159.0,4190.0,-17.45111116000017,-55.869096710000036,-92.20877855000023,348.24505184966125,634.9520248968553,-459.5109805691197,-889.0947369956048
1788030611.9234834,-532.0,218.0,4380.0,-17.376291170000172,-57.14254224000004,-91.51512195000024,347.0745849457059,668.7455692697864,-503.6287410525089,-898.7860004339025
1788030611.989559,391.0,-328.0,5286.0,-17.561977650000173,-57.00951312000004,-91.79226595000024,346.4088595170666,685.7248162624201,-525.5906258688444,-863.9059772001518
1788030612.0683825,220.0,-370.0,3798.0,-18.424379400000173,-57.21748767000004,-90.51947170000024,344.9088595170666,603.7982400602735,-546.9555277372028,-851.832905657785
1788030612.1332722,-381.0,84.0,3151.0,-19.795297830000173,-56.36648990000004,-90.30923321000023,344.4515963310414,620.1320540185492,-537.355022904363,-869.2735716428359
1788030612.1995838,433.0,-166.0,4781.0,-19.884104590000174,-56.238803880000034,-90.09822885000023,342.9515963310414,555.6555361745278,-513.9981696540037,-871.378368316844
1788030612.2896087,-889.0,33.0,4352.0,-19.509210490000175,-56.08570002000004,-90.08723024000022,342.72410732934406,548.6902367739585,-511.8856223385347,-880.1434926266776
1788030612.3540766,-455.0,-251.0,3884.0,-19.087440890000174,-56.30213442000004,-90.66993824000022,343.3697470120988,544.4136961550953,-474.3887478198303,-909.4832870572309
1788030612.421328,386.0,411.0,5708.0,-18.837675500000174,-55.87203937000004,-92.67881658000022,343.4060723695727,668.4982192966258,-449.289820199925,-856.352427917828
1788030612.4901836,-540.0,34.0,4141.0,-19.162351670000174,-55.22823705000004,-92.44016572000021,343.4060723695727,655.749980011994,-433.3352958502487,-906.9392217577766
1788030612.5560496,682.0,-326.0,4998.0,-18.834475240000174,-54.95896882000004,-92.31553835000021,344.4099514762367,645.8162872698715,-416.40387871026684,-852.6556300589151
1788030612.6248393,449.0,854.0,4798.0,-18.118221660000174,-54.764719100000036,-92.4599362400002,344.4099514762367,657.5335380891396,-435.6217845540585,-885.0966125256751
1788030612.701652,-202.0,-508.0,3509.0,-18.171035960000175,-55.12619245000004,-91.8761741800002,344.94569741910226,650.458400681544,-447.1243986961902,-877.2878173142431
1788030612.7535117,-110.0,-988.0,3490.0,-18.687344060000175,-54.72091835000004,-92.3897064300002,345.69569741910226,669.6774207667553,-438.4202624105127,-905.841235857721
1788030612.8062546,664.0,74.0,3456.0,-19.751272100000175,-54.15145295000004,-93.3230741100002,344.94569741910226,690.4451104263336,-453.89934227889347,-894.9803532159759
1788030612.8703725,-120.0,481.0,4038.0,-20.838189540000176,-54.49337327000004,-93.6232968300002,344.62761325637354,707.9513531452099,-448.4062534382675,-914.2746785276122
1788030612.9214761,-136.0,-341.0,3443.0,-21.556995880000176,-55.22305117000005,-93.4696946400002,344.62761325637354,710.8641948357462,-482.1741850474506,-847.4459855811385
1788030612.9736514,-1039.0,2.0,3899.0,-21.131755330000175,-55.23416857000005,-93.2862575400002,345.37761325637354,768.1168725084962,-499.67105372105624,-915.3220640559698
1788030613.03931,-783.0,195.0,3908.0,-20.345192280000173,-55.76496534000005,-92.26086471000019,345.4913551175195,681.290571928592,-479.1665409648354,-955.4289398726409
1788030613.1241477,-72.0,-616.0,3495.0,-20.83740624000017,-55.93460194000005,-92.25806933000018,345.4913551175195,690.7472033722784,-500.3149335355719,-904.6101103506785
1788030613.1939564,253.0,928.0,4653.0,-22.209065550000172,-56.14434343000005,-92.77084838000019,345.4913551175195,712.5027197789427,-520.791656354418,-909.2846726909694
1788030613.2620974,-371.0,834.0,4294.0,-22.836660560000173,-56.412936090000045,-93.06211677000019,344.83895097512453,771.802409399835,-544.1483919662343,-910.5447721572806
1788030613.3298945,1173.0,401.0,5491.0,-23.360906660000172,-56.17840494000004,-92.55994419000018,344.08895097512453,740.7801452958188,-522.8034907943055,-896.2282207003956
1788030613.3831246,-666.0,350.0,3598.0,-23.38858634000017,-55.610415840000044,-91.59189627000019,344.95847025190363,739.3527024434187,-535.43326581427,-875.9366354475113
1788030613.4331307,-32.0,327.0,4074.0,-23.41634484000017,-55.405002940000045,-91.91111902000019,344.20847025190363,657.3809069963613,-478.84247065902866,-903.8645002474613
1788030613.4971042,-276.0,562.0,4250.0,-23.29666423000017,-55.30758849000004,-91.99461712000019,343.51605595634913,663.8783935559242,-494.45683046306704,-889.466883350627
1788030613.5538132,-1125.0,722.0,3537.0,-23.35498963000017,-55.80696961000004,-92.23870096000019,344.78038299894024,706.165830903513,-476.41140714638533,-906.606396440471
1788030613.622605,-272.0,-1559.0,3922.0,-23.36053727000017,-55.67382625000004,-92.6464525000002,345.53038299894024,706.6298199707335,-508.00415182448666,-851.5352301575084
1788030613.6874087,889.0,-368.0,3674.0,-24.17923067000017,-55.87370649000004,-92.6936150000002,345.53038299894024,716.557774363261,-517.0223577115385,-872.0981807869445
1788030613.7490253,-73.0,-157.0,3864.0,-24.442880630000168,-55.22981625000004,-91.5474212800002,346.2973768356151,719.1237108909744,-496.4611819489967,-859.646431980836
1788030613.8171024,-762.0,578.0,3726.0,-24.53161060000017,-55.59288287000004,-91.8975404200002,345.68300106498646,699.4798140013331,-522.2705591244539,-875.6640163542709
1788030613.883484,-83.0,-456.0,3759.0,-24.36783132000017,-55.47351831000004,-91.9141959400002,346.43300106498646,735.1219038460507,-498.44845003324076,-856.8661123783571
1788030613.9821448,-1240.0,934.0,5100.0,-23.779089880000168,-56.025806130000035,-91.3254959400002,346.059108514238,677.5473485065584,-563.60504293639,-891.4088629383185
1788030614.0482924,-314.0,-262.0,3172.0,-24.079063120000168,-55.48141025000003,-92.0032132600002,346.8000948922521,667.8110825030249,-492.2534533379058,-899.7536465723051
1788030614.1065009,730.0,-329.0,3235.0,-25.153894570000165,-56.11456025000003,-93.5248330100002,345.9706046618309,737.1211546415717,-466.277217471361,-867.3253449015604
1788030614.1807625,-272.0,293.0,3280.0,-25.807950840000164,-55.56916008000003,-92.9934481000002,345.1063021891914,719.0036780508335,-489.07996125757586,-873.4091643800889
1788030614.2471058,113.0,-400.0,4325.0,-25.377422840000165,-55.42750248000003,-92.82679210000019,345.8563021891914,750.235791968313,-483.5426575680699,-887.9887927543314
1788030614.3111856,-378.0,379.0,4517.0,-25.369155490000164,-55.995049320000035,-92.3621642300002,345.4324556136308,703.21807473433,-521.3055270113111,-866.7478031062258
1788030614.3720193,553.0,-1079.0,4067.0,-25.210961020000166,-56.28935305000003,-93.0942071500002,346.4556616767575,723.5901186851047,-535.125268216776,-915.2487832414284
1788030614.4381342,-683.0,-165.0,3029.0,-25.642682520000164,-56.25871475000003,-94.7820989500002,347.2056616767575,741.7250360063289,-524.1977053435603,-861.560170178518
1788030614.5020766,472.0,-536.0,4304.0,-26.445664280000162,-56.74615303000003,-94.8608887100002,346.51148190527215,764.4150391797549,-556.0497158770094,-865.2670863804061
1788030614.577145,-822.0,-179.0,3092.0,-28.181602050000166,-55.97489625000003,-94.0652759900002,347.4031745490805,758.3572732808226,-507.31921044535596,-882.7389673166106
1788030614.6435375,-927.0,17.0,4275.0,-29.252379450000166,-55.30920570000003,-94.3095320300002,348.9031745490805,773.0247176216673,-457.20712655789794,-919.6461441596874
1788030614.7080896,25.0,-335.0,3772.0,-29.277331860000167,-54.87669726000003,-94.2540822300002,349.6531745490805,814.4640134634891,-440.8490448746381,-973.2570041185907
1788030614.7902167,-616.0,1459.0,4013.0,-29.196989290000168,-55.104272020000025,-94.19033134000018,348.80163663560097,847.4531392210225,-449.64716496670826,-999.6741909582561
1788030614.857456,-46.0,-366.0,3440.0,-29.06106371000017,-55.936480600000024,-93.86855618000018,348.8985714582029,826.2053235787133,-555.753296338516,-950.9163087259742
1788030614.9153812,-453.0,-109.0,4280.0,-29.56605183000017,-55.68953586000002,-93.79641502000018,348.71998279781695,737.6793510058249,-540.876115855648,-851.1317501551857
1788030614.9944987,1248.0,-509.0,5380.0,-30.21806606000017,-55.52307201000002,-94.47069394000019,348.3228246866479,818.4111446165904,-503.70267610895996,-892.5135748927622
1788030615.0601072,563.0,-1348.0,3444.0,-31.20015332000017,-54.66577795000002,-93.59121506000018,349.2235161329065,1025.8953626743532,-509.3075387013564,-912.2461102588248
1788030615.12591,-1174.0,226.0,3839.0,-31.37984878000017,-54.33920639000002,-93.31748272000019,349.91707439930275,765.4132149040147,-483.25560248778305,-905.2779123302257
1788030615.1934114,-291.0,-553.0,3983.0,-31.26049325000017,-54.272589350000025,-93.20923003000019,350.66707439930275,770.5754083815768,-468.2891695497912,-850.9039967706673
1788030615.2597895,-442.0,108.0,4017.0,-30.69413550000017,-55.12216486000003,-91.86742194000018,349.88896525579855,725.0162247048547,-459.8547696656294,-895.9382197862014
1788030615.324601,-1189.0,-1089.0,3067.0,-29.90025759000017,-55.54694698000003,-92.05068642000019,350.3116811054024,726.3457298485187,-565.8217619862579,-845.6999682597195
1788030615.4102783,2125.0,-776.0,4916.0,-31.45087484000017,-54.666460730000026,-93.77525717000019,349.7174259595584,858.8467354951912,-521.2480412476264,-869.0292153694642
1788030615.4785833,2077.0,34.0,5583.0,-32.70016484000017,-54.38606453000003,-93.20613617000019,348.9674259595584,793.247514207742,-501.52322909321623,-821.716032504406
1788030615.543302,-461.0,449.0,4785.0,-33.42480652000017,-53.39484108000003,-92.89792393000019,349.75586469168286,860.7686419810061,-467.5787910041413,-859.5912492803466
1788030615.6361835,-366.0,-543.0,4964.0,-32.62420000000017,-53.617372340000024,-93.08993204000018,351.74846068222763,808.5708835109422,-438.3907315638219,-916.3232038434305
1788030615.705545,-212.0,334.0,3732.0,-32.47978664000017,-53.91730778000002,-93.01217100000018,351.1584511361588,788.834325267552,-452.8572232499056,-929.7016129254326
1788030615.7733722,-740.0,-77.0,4862.0,-32.53826345000017,-54.067485920000024,-93.74118362000017,351.0326238060776,826.7190875518487,-511.7860872732519,-904.7747313503113
1788030615.8377721,696.0,-879.0,4244.0,-32.91962898000017,-53.74179419000002,-94.11976546000017,351.7826238060776,834.8954163924593,-512.1505828974476,-865.0392142997406
1788030615.906043,-1033.0,647.0,3887.0,-34.36844754000017,-53.21619359000002,-93.98067406000017,351.4366744340133,861.543405901677,-432.5078275710238,-949.4716654158955
1788030615.9751623,-11.0,-388.0,3858.0,-34.13819724000017,-52.288795160000014,-94.04466946000016,351.4366744340133,836.4568557253258,-414.9931703769117,-960.1108594540749
1788030616.0429454,-427.0,-124.0,4056.0,-34.41319917000016,-52.530428090000015,-94.08093681000017,351.89084942157666,835.6870049049495,-449.89007478314574,-886.672824381113
1788030616.1072495,-83.0,71.0,3532.0,-33.991748770000164,-52.50824649000001,-94.20016291000017,351.94407874715785,831.9900297099281,-438.28399473787204,-911.2360131193948
1788030616.159173,608.0,221.0,4987.0,-32.998697550000166,-54.01430545000001,-93.45633549000017,350.44407874715785,790.0575137052593,-441.81391129572614,-897.9054595834194
1788030616.2114804,109.0,-2571.0,4492.0,-32.66312462000017,-54.06977205000001,-92.75468300000017,351.19407874715785,773.6613972108773,-514.9251299320488,-935.5823793380376
1788030616.2721257,180.0,-1017.0,2740.0,-33.846263780000164,-53.30586737000001,-92.75753137000018,351.19407874715785,747.2780500766494,-476.462939969604,-875.1030988776487
1788030616.322369,57.0,569.0,5249.0,-34.17636502000016,-52.950800490000006,-92.91564709000018,350.44407874715785,757.1366267508258,-478.43792487602644,-877.4608454692174
1788030616.391787,-420.0,1045.0,4224.0,-34.22912080000016,-52.98134331000001,-92.82679525000017,349.69407874715785,739.2636173573145,-461.27559776683114,-850.1376925105542
1788030616.4606893,-1334.0,145.0,5002.0,-34.02372890000016,-52.64013776000001,-93.07089225000017,349.9562640146178,733.1409686190584,-467.282722956405,-872.5742553973907
1788030616.5306623,679.0,-97.0,3976.0,-34.12638481000016,-52.41006274000001,-92.82663348000017,349.97169716236283,778.7880930888008,-437.14360957387527,-955.7760384774484
1788030616.584484,52.0,392.0,4289.0,-34.13195611000016,-52.869694990000006,-91.93522548000017,349.22169716236283,734.6458603364812,-460.6622379608605,-911.0811630311176
1788030616.6732824,645.0,-1237.0,3408.0,-34.82623795000016,-51.06662932000001,-93.65196946000016,349.97169716236283,792.314727528323,-423.023071106712,-913.734107776266
1788030616.7371633,3180.0,1957.0,9119.0,-36.411687970000166,-51.466462600000014,-93.22992322000016,349.22169716236283,857.352137788367,-382.2660867291358,-913.1734740547793
1788030616.7897086,195.0,576.0,2518.0,-37.266692890000165,-51.744061600000016,-92.12507920000016,348.47169716236283,862.4076897007872,-428.752624025184,-913.0205552327869
1788030616.8842876,-706.0,44.0,4054.0,-36.75870037000016,-51.538527320000014,-91.92778224000016,349.4413856798428,724.3095896541344,-404.7265004224308,-928.3819470786328
1788030616.9477513,420.0,-98.0,5305.0,-36.49769809000016,-51.60516620000001,-91.35024528000015,349.48393992998666,755.517385576282,-417.7797172587368,-944.6130966554274
1788030617.0135157,-948.0,23.0,3909.0,-36.044810830000166,-52.105308080000015,-89.31344478000015,349.9255345824633,700.0556548288732,-426.65708910149834,-923.1715700315972
1788030617.0754995,-263.0,206.0,4569.0,-35.34412483000016,-52.455709040000016,-89.51627664000016,349.4813909553693,666.5817486876898,-425.3413731306019,-873.823393912142
1788030617.140862,-540.0,-1419.0,3531.0,-35.869403710000164,-52.071634160000016,-89.73090672000016,350.2313909553693,737.0391447377121,-462.6734842080341,-914.84919174214
1788030617.2068613,77.0,641.0,6090.0,-37.34422797000016,-50.29212552000001,-92.89940205000016,350.7828294237279,803.1319494427013,-365.460867684767,-973.3303486096163
1788030617.2591443,1118.0,-1693.0,4713.0,-37.08456801000016,-50.09323704000001,-92.52372381000016,351.5328294237279,850.7124240797742,-399.89133986471944,-912.6385742899249
1788030617.327304,-346.0,15.0,3348.0,-37.057150550000166,-51.23707778000001,-90.67032597000016,351.8467809519341,809.210050041288,-388.3734542401203,-953.3609491836329
1788030617.3940647,-69.0,114.0,3758.0,-37.89297967000017,-50.93736158000001,-90.80927065000016,352.3695390803026,835.210856840063,-427.5925903679505,-942.5697512653517
1788030617.4593995,-555.0,32.0,4417.0,-38.47210822000017,-50.49400958000001,-90.19134880000016,352.849825711444,757.7106079691317,-397.62736960781365,-893.7756315958228
1788030617.510127,-605.0,414.0,4037.0,-38.793531560000176,-50.998469760000006,-90.94278039000015,353.2434370392095,813.8277025068045,-404.47554170327584,-894.0993548945477
1788030617.5789044,-193.0,197.0,4643.0,-39.007029460000176,-50.89310716000001,-91.48622959000015,353.20707374099266,866.244454692445,-431.5549609971598,-938.7822821141223
1788030617.6448135,-2354.0,1967.0,5105.0,-39.661856150000176,-50.28580851,-94.26833815000015,354.2424836798873,882.6663305701256,-387.0052177090222,-937.3741136335848
1788030617.7129672,32.0,9.0,3059.0,-41.09277207000017,-49.00984431,-92.01321864000015,354.09058896900524,836.6202428233105,-364.02290884080327,-989.8241176328232
1788030617.7815077,-338.0,-17.0,4308.0,-41.070585990000176,-48.80184981,-92.44307394000015,354.84058896900524,811.6609713844718,-344.76827110208933,-969.4324376078864
1788030617.8321674,-763.0,348.0,3555.0,-41.00082784000018,-48.47104318,-92.25726755000014,355.92573783790294,845.5032563033836,-336.2162628766694,-974.1387824096015
1788030617.8869205,-292.0,1323.0,5409.0,-40.653312840000176,-48.49884438,-92.47411691000013,355.17573783790294,861.9213084072787,-336.76107675520217,-912.0269550591007
1788030617.9469957,-1170.0,276.0,3033.0,-39.43443434000017,-49.86739373,-92.47100072000013,355.3921524705695,813.7611142023051,-375.22794859053243,-922.6833021827613
1788030618.0114439,-1054.0,-401.0,4384.0,-38.34099766000017,-50.14491573,-93.16758094000014,356.1421524705695,819.6325230338053,-424.16286807799503,-886.0185631198087
1788030618.0793226,407.0,-12.0,3668.0,-37.89415322000017,-50.39197219,-95.49905974000013,356.5299886153857,902.3890793172494,-365.65944572621726,-890.2649451391819
1788030618.148541,469.0,842.0,4325.0,-37.44857228000017,-50.93551085,-95.04670140000015,356.34735382568607,839.3127923611278,-385.95643777100463,-869.2055731740235
1788030618.2126408,124.0,621.0,4124.0,-37.51479956000017,-50.95482714,-94.46721270000015,355.59735382568607,828.8024665598392,-354.13880707405787,-952.0330412404799
1788030618.2773957,-651.0,-498.0,3715.0,-37.13213532000017,-51.108287579999995,-92.75197064000015,356.1218545080525,788.9175786419792,-402.59331616430615,-892.7285211657791
1788030618.3594902,-1895.0,522.0,3737.0,-38.43251706000017,-49.557863039999994,-92.68248367000015,357.4690939198946,801.6383914736441,-354.69882213759183,-916.7194203677749
1788030618.4246724,866.0,-592.0,4235.0,-38.62715906000017,-50.08356395,-92.66311264000015,356.8858453141893,803.8781149774798,-407.33221186710693,-923.658953025223
1788030618.4928699,1108.0,-120.0,6311.0,-39.565822240000166,-49.458714199999996,-93.08801047000016,356.1358453141893,767.2575130029152,-371.2551067027195,-937.4822854430021
1788030618.5632563,-601.0,748.0,3326.0,-39.28517446000017,-48.939055339999996,-93.02689179000015,355.60718495409355,827.6363538919928,-348.31164722319284,-917.314856474671
1788030618.6314418,-294.0,1014.0,3865.0,-38.56209938000017,-49.47257434,-93.88021762000015,354.75501007287806,862.2603349629961,-342.03365730018754,-999.6791044425064
1788030618.6971283,31.0,-218.0,3839.0,-37.558760750000175,-49.51402141,-93.08498815000014,356.1800584619087,855.5634025337182,-343.32042919223596,-980.1132400385084
1788030618.7685502,-428.0,78.0,3540.0,-37.59755895000018,-49.982371109999995,-92.68869225000014,356.4585026291439,809.8011583241292,-365.90426285646134,-927.1165704202908
1788030618.8356056,-947.0,1637.0,6175.0,-37.597649250000174,-50.30153436,-91.86515121000014,355.35286857657917,780.2998236755624,-351.35974243375495,-953.0090395145613
1788030618.9019985,-1186.0,1376.0,5698.0,-38.58966867000017,-49.54259982,-91.40687787000013,355.6073178681869,743.068670127612,-307.4706094461901,-923.9434739823782
1788030618.9707823,-611.0,1346.0,2936.0,-38.50648977000017,-49.19324844,-91.31260845000013,354.8573178681869,736.334330900719,-344.0446195043279,-891.2585076068484
1788030619.040263,-63.0,168.0,4566.0,-38.617639690000175,-49.39868919999999,-91.82290621000013,354.0338453806274,790.6000355861788,-373.226350132163,-931.4580323449622
1788030619.1073475,-477.0,358.0,3526.0,-38.06205361000018,-50.13489928999999,-92.18402991000012,353.7536346837561,765.3834172584637,-379.65604561476687,-926.3389491201767
1788030619.1907096,-1056.0,761.0,3795.0,-37.22691329000018,-51.23807450999999,-93.16306265000011,353.7357606762037,796.7601295175573,-380.62966748226455,-1009.3677504081013
1788030619.2410412,1331.0,-253.0,3667.0,-36.88998369000018,-50.28764110999999,-93.31203385000012,353.20374340762515,780.8121846562382,-308.93821820025863,-956.174368640709
1788030619.3067858,672.0,1260.0,5419.0,-36.599850770000174,-50.40064784999999,-93.22049660000012,353.20374340762515,781.2199893627077,-301.3022966002684,-895.9867452624851
1788030619.4019837,-639.0,34.0,3663.0,-35.264563180000174,-50.808834299999994,-92.90427902000012,353.81774831508847,789.7974269912734,-406.40320581762967,-922.8828141772701
1788030619.4683523,-104.0,1168.0,3645.0,-34.702026100000175,-50.61301175,-93.49007577000012,353.0771098206207,793.2352452769263,-375.19712300743555,-938.8933638081992
1788030619.532672,-581.0,1153.0,4497.0,-34.15248046000017,-51.24260183,-94.65433481000012,353.0771098206207,772.6561409265399,-366.0552145312912,-936.9184580817202
1788030619.5962985,731.0,242.0,5245.0,-34.32984814000017,-51.51973883,-95.83216706000012,352.3271098206207,768.8807870618784,-355.8413018389688,-927.6699406637991
1788030619.6623726,536.0,-633.0,3077.0,-34.11809247000017,-50.559926620000006,-94.65472604000013,353.8271098206207,780.590753588268,-335.4827282130183,-890.1518858159787
1788030619.734124,96.0,492.0,4573.0,-33.092462410000174,-50.114015280000004,-93.63546934000013,352.9895617334832,760.439722484196,-357.07338762353345,-914.4008934314188
1788030619.820792,-602.0,-104.0,3490.0,-31.608624950000173,-51.22837846000001,-92.96768096000012,353.6908738859757,705.2801892380489,-396.87762306578844,-900.907247710813
1788030619.8866448,-818.0,-700.0,3353.0,-30.460022250000172,-52.02969506000001,-93.15431335000012,353.6908738859757,686.8794468532438,-364.4812692079777,-945.8525742981486
1788030619.949942,-255.0,-1857.0,3461.0,-30.657072810000173,-51.08884802000001,-94.51979047000012,354.4408738859757,747.3473728284255,-415.69547777588986,-951.4840882667747
1788030620.0346394,201.0,2083.0,5433.0,-31.416938070000175,-50.11565678,-94.18994284000011,352.9408738859757,803.2606695681804,-410.8728830141622,-980.2197470231333
1788030620.0996726,1448.0,459.0,4588.0,-32.280361400000174,-50.22893449,-94.8061364600001,351.4408738859757,829.1898154402697,-368.696529538974,-1041.4277769132152
1788030620.163095,-1374.0,-122.0,4491.0,-31.514566370000175,-50.0914841,-93.82434796000011,352.1908738859757,795.9347600638387,-332.06322037306217,-1007.9491798294532
1788030620.2473538,-541.0,-257.0,4693.0,-30.200724400000176,-50.60206564,-92.92538472000012,354.22688824841254,760.5029436316846,-418.1583079799723,-905.6129613257731
1788030620.3137245,-964.0,-142.0,4761.0,-30.425488870000176,-50.85735368,-93.25281938000012,354.95151428993114,694.02759321341,-365.0177766627532,-890.5310205506655
1788030620.3652194,272.0,-213.0,3054.0,-31.025314390000176,-50.01870874,-94.53022558000012,354.96547288243505,797.9530524997042,-411.2411201153368,-948.8662296621711
1788030620.4288354,834.0,-277.0,3874.0,-32.520925430000176,-49.66869544,-95.38915218000012,354.48659538235216,843.5429582487616,-364.76352548927184,-1013.0370481030852
1788030620.4983716,-867.0,793.0,3389.0,-33.319085310000176,-49.96212886,-95.17287024000012,353.8201200910198,817.2266560358079,-342.29169871659553,-1004.473494407014
1788030620.5659664,1127.0,1769.0,4464.0,-32.90844578000018,-50.47198331,-95.17562621000012,353.0701200910198,849.0142264924312,-350.25825471196237,-1012.564285828581
1788030620.6321328,-33.0,520.0,4970.0,-30.55245473000018,-51.2039507,-94.30947918000011,352.82638416833134,759.5017640051066,-393.0241548098109,-936.8464309838675
1788030620.7013412,-71.0,-461.0,3891.0,-31.018125880000177,-51.20391066,-93.99931233000011,354.32638416833134,758.5785282558335,-409.3397424468594,-1154.0220760537795
1788030620.768785,662.0,-926.0,5325.0,-31.94357684000018,-50.6114784,-95.22446696000011,354.32638416833134,844.3307229874662,-347.5975745416405,-973.9669993144943
1788030620.8226688,349.0,104.0,4432.0,-31.76039384000018,-50.908456900000004,-94.44177596000011,353.81592724702654,784.7596678707973,-374.02334716879056,-957.6124896988898
1788030620.8896165,-227.0,358.0,4919.0,-31.26668496000018,-51.33899918,-94.07241984000012,353.3154541306907,809.1204421785993,-391.65942447860607,-935.9713874040664
1788030620.9409251,-34.0,-274.0,3888.0,-31.00060656000018,-50.887220230000004,-93.27972794000013,354.0654541306907,753.2674672393317,-344.1499453802,-968.0102159184981
1788030621.010784,1277.0,1868.0,6526.0,-30.64589808000018,-51.19770915,-93.41566710000012,353.95750815346935,757.726997768616,-413.2797330867905,-977.6592947972608
1788030621.1072567,590.0,735.0,5190.0,-30.61007250000018,-51.34759854,-94.23881187000012,353.95750815346935,838.5728767592938,-406.55175809296315,-974.9214985291151
1788030621.178732,-900.0,850.0,3197.0,-31.12843790000018,-51.358545140000004,-93.57012427000012,352.760913403064,735.3241887183596,-376.0435353735117,-994.1126541250509
1788030621.2324746,76.0,-7.0,4501.0,-30.40397122000018,-51.510627840000005,-94.03743293000012,352.84109624365425,761.1370925064189,-383.8038173403391,-927.8902018348666
1788030621.301685,137.0,270.0,4567.0,-30.46445136000018,-51.97188073,-93.43384827000013,351.81433485169515,746.3647728475846,-364.0575928269863,-947.3453956528914
1788030621.3774712,-448.0,970.0,4522.0,-30.30365478000018,-52.60421677,-93.19816548000013,351.6449229389711,750.8823089513471,-408.9154513511608,-906.0765201991925
1788030621.4454572,368.0,-77.0,2701.0,-30.51421646000018,-52.64294924,-93.78330941000013,350.93738775797954,795.1825974800895,-396.5555310836903,-970.7697776875968
1788030621.5090263,484.0,-516.0,4516.0,-30.56141305000018,-52.14599691,-93.73056028000013,351.68738775797954,801.2052344119085,-403.8154492979505,-964.6440574046687
1788030621.5770795,-182.0,-20.0,3806.0,-30.30348979000018,-51.33634149,-92.81486788000014,353.0028145221269,766.3390639741801,-373.3006847328834,-940.1520444988334
1788030621.6423573,-385.0,1718.0,5041.0,-29.640484090000182,-52.00254024,-91.67374258000014,351.5028145221269,731.3967815040791,-399.41735367457795,-937.0468579202668
1788030621.7348464,302.0,-328.0,3507.0,-29.870079960000183,-51.98623892,-92.56403191000014,352.6372826641106,779.7943949263072,-431.12624840278335,-937.6211974189848
1788030621.799969,-1217.0,926.0,3897.0,-30.782360910000182,-51.800652469999996,-94.54847332000014,352.4303531895396,834.7844340923491,-413.03456304091804,-950.9023579371096
1788030621.864628,4188.0,-1486.0,7735.0,-31.106815950000183,-51.40409630999999,-94.76200356000014,352.98715462843614,865.4830766689404,-384.3500213498665,-1004.0298247879253
1788030621.9330533,-2327.0,-408.0,3898.0,-30.80242697000018,-51.05183187999999,-93.53819671000015,352.98715462843614,753.8139228271866,-366.0891933986532,-945.9148768474871
1788030621.9881716,268.0,689.0,4248.0,-30.26935625000018,-50.62426473999999,-93.75475669000015,352.23715462843614,761.1340390153587,-369.1749616124797,-942.6405883230002
1788030622.0523825,-855.0,820.0,3993.0,-29.34406209000018,-52.00990941999999,-92.88598431000015,351.02192696582,763.5322914834593,-438.8228320071133,-904.675212745351
1788030622.1341822,-921.0,-1038.0,3962.0,-29.120082600000178,-51.81547398999999,-94.33351095000016,352.52192696582,748.8182249052442,-412.52490370273944,-957.0758787464017
1788030622.2003813,51.0,147.0,1996.0,-29.78617243000018,-51.687750589999986,-92.25944581000016,351.1042733782583,745.0420457912825,-394.22372073060336,-930.5491013216421
1788030622.2505043,-728.0,450.0,4258.0,-30.386775510000177,-51.46459072999998,-92.50464615000016,351.408491934452,710.6283711505174,-360.36227586919875,-928.9476043236955
1788030622.3179693,142.0,474.0,5594.0,-29.180700360000174,-51.16406518999998,-92.99191286000016,351.4948305452006,663.0757411876789,-327.82591143689723,-908.3341806755301
1788030622.384981,537.0,-543.0,3085.0,-27.660012240000174,-51.82713640999998,-92.29534265000015,351.4948305452006,690.1729692699987,-412.295169406518,-919.1015921796245
1788030622.4515193,-687.0,606.0,3930.0,-26.969975970000174,-52.47837545999998,-91.64964606000015,350.91958239777716,693.686272256123,-417.39001903267183,-923.8165728721538
1788030622.5202231,-2872.0,598.0,3945.0,-27.641130090000175,-52.381861489999984,-92.22531346000015,352.41958239777716,635.9757124982729,-397.5581171366836,-881.5108877040178
1788030622.588837,1674.0,-384.0,5693.0,-28.254469180000175,-50.63897936999999,-93.41313758000015,352.16190656302564,677.9460535218243,-296.78605178400034,-901.2330382856127
1788030622.6556578,1012.0,1473.0,3860.0,-28.950057500000177,-50.85787272999999,-92.60408276000015,350.66190656302564,707.2970898746896,-345.60411610253783,-860.3979341866782
1788030622.7253602,-615.0,670.0,4627.0,-28.290571400000175,-50.37018552999999,-92.69829506000015,349.99249762476074,712.6484682290425,-356.9265776823873,-959.2332070583925
1788030622.7854564,216.0,536.0,4871.0,-27.544761860000175,-50.33779764999999,-92.03786249000015,350.38469092678986,750.1923773660617,-322.9733626153841,-1017.3582819986276
1788030622.852957,-112.0,-700.0,5381.0,-27.481248970000177,-51.21317095999999,-91.22047921000015,351.13469092678986,702.8090873392695,-367.5125865914061,-942.1453106646408
1788030622.904937,-618.0,-1125.0,2605.0,-27.692417130000177,-49.89786115999999,-93.93427617000016,352.63469092678986,709.8297458512894,-400.76652990515333,-921.21838344323
1788030622.9700174,-402.0,1980.0,8240.0,-27.842252550000175,-50.06434495999999,-93.14347812000015,351.95532025850525,837.1288845855177,-351.2072141167926,-930.6039116575295
1788030623.0260668,-1016.0,-138.0,2843.0,-28.394697660000176,-49.20941396,-92.71636311000016,351.9897742358684,702.2984814125111,-410.6199237273445,-971.854625320692
1788030623.0797331,106.0,1354.0,6041.0,-28.689796170000175,-49.6175876,-93.22658016000015,351.2397742358684,755.9735621962068,-336.129526747149,-942.6619686863138
1788030623.1500218,742.0,39.0,4277.0,-28.692576780000174,-49.77052115,-93.10701393000015,350.9409756700061,811.2593782154396,-366.1731765006134,-998.4374117783649
1788030623.2176886,217.0,756.0,4021.0,-29.69245944000017,-49.96538001,-92.69568511000014,350.28602342285313,736.5917161851027,-367.05796698877504,-963.2130897851408
1788030623.283429,-921.0,393.0,4779.0,-30.55963638000017,-49.45998708,-93.28945276000015,350.7599475001345,785.5881953708931,-421.7299223486673,-942.5987975579262
1788030623.353154,1146.0,439.0,5740.0,-32.31311608000017,-48.932027899999994,-94.06464914000014,349.2599475001345,874.8317297148346,-404.3106606234611,-967.8298432954181
1788030623.427714,-118.0,176.0,3917.0,-32.321630390000166,-48.474321489999994,-93.66525980000014,350.7599475001345,843.1963171631471,-347.26764597752054,-1005.8744544292357
1788030623.4947333,-907.0,2.0,4083.0,-31.43166194000017,-48.16933722999999,-93.01648622000013,351.6503137637951,779.2887132930783,-342.0624349745452,-953.0396232789598
1788030623.5490859,-33.0,224.0,4132.0,-31.24917656000017,-47.74077307999999,-93.29021429000014,352.0936749457321,762.8197585612522,-323.45939599382604,-963.2559605510935
1788030623.6221032,20.0,353.0,4212.0,-30.544942330000172,-47.47616747999999,-92.70163336000014,352.1355625590185,743.4558760572185,-288.8193788625264,-927.7929069081481
1788030623.6953163,7.0,477.0,3673.0,-29.939944370000173,-48.23102731999999,-92.29645124000014,351.5023664003545,761.2568612693512,-354.3518101717864,-975.6670072498282
1788030623.7464163,-1203.0,-388.0,3340.0,-28.609022610000174,-48.69892488999999,-93.36806234000014,353.0023664003545,703.4250252007922,-381.00632793330357,-936.5732994000191
1788030623.8328118,216.0,20.0,4278.0,-28.035120750000175,-48.886215489999984,-92.40631526000013,353.4407598111808,748.348970676271,-378.8747203173115,-913.5231136827679
1788030623.8979778,112.0,658.0,3371.0,-27.971280960000175,-49.148716679999986,-93.17617505000013,353.4407598111808,772.1851700391564,-380.41689894918596,-947.7182282143314
1788030623.9650595,428.0,85.0,4534.0,-27.971280960000175,-48.96365396999999,-92.76461768000013,353.08137556406734,761.4074236422615,-356.9114941359289,-929.0701044402776
1788030624.0541868,1113.0,-732.0,4916.0,-27.857637570000175,-49.360019939999994,-93.20810408000013,353.08137556406734,779.4793177333962,-385.91864712919744,-911.5389408787198
1788030624.1195958,-461.0,725.0,3543.0,-28.667787330000174,-48.895135169999996,-93.55227182000012,353.08137556406734,792.7929277420101,-380.4271829842161,-1031.069160309494
1788030624.1896625,1502.0,501.0,5362.0,-30.497483450000175,-48.44352723,-93.44356112000011,351.58137556406734,806.7019595661611,-332.3407453030876,-974.7524052400163
1788030624.2589886,-1569.0,1214.0,3567.0,-30.283673420000177,-47.91311616,-91.9995076000001,352.54915556171545,712.9832639829415,-337.2515344854898,-962.175932639084
1788030624.3256953,-126.0,623.0,4530.0,-31.312399580000175,-48.40376758000001,-93.3610459600001,352.50581573273314,823.619322243956,-355.85843329416633,-988.2624628200226
1788030624.3887756,456.0,-303.0,4323.0,-31.824067030000176,-48.163145590000006,-92.9987300900001,353.25581573273314,791.5848088422049,-363.59513735476907,-961.7438638151319
1788030624.44383,-60.0,-390.0,3900.0,-32.05556851000018,-48.604100790000004,-93.6050434900001,354.00581573273314,810.1991202589421,-339.50345684165944,-979.447149246595
1788030624.5102992,-115.0,614.0,3728.0,-32.00571115000018,-49.403928490000006,-93.6542483100001,352.63187461422797,804.6624575925987,-354.19290498882765,-962.5607047704586
1788030624.5762107,-1281.0,-1170.0,4238.0,-30.98427031000018,-50.17708948000001,-93.5399986500001,353.32081740122453,731.4692127134903,-421.08943038306654,-940.5016754700005
1788030624.644893,2814.0,846.0,5953.0,-32.52983342000018,-49.21599424,-95.1858615400001,352.24868308844015,872.0828032767002,-393.23892319811665,-941.2927187922105
1788030624.7080448,94.0,1094.0,3752.0,-32.99830142000018,-48.96374224,-94.4013855400001,351.49868308844015,794.7351193387377,-384.2394246959595,-962.6397666108172
1788030624.7735922,302.0,713.0,4216.0,-32.68240374000018,-48.850264609999996,-94.8030748000001,351.49868308844015,790.619545036533,-339.3211609760495,-911.6822538483448
1788030624.8236213,-259.0,32.0,4051.0,-32.15791362000018,-49.37197964999999,-94.4617399600001,352.24868308844015,773.6433515349596,-331.98813188757316,-931.8118905939618
1788030624.8917568,-163.0,431.0,4530.0,-31.71271068000018,-48.764249729999996,-94.75883347000011,353.70701080471105,1073.6143398641545,-388.9941334453007,-918.7710119704197
1788030624.955317,-300.0,809.0,3467.0,-31.547398680000178,-49.15824333,-94.63209427000011,352.95701080471105,797.2969680154567,-371.9395782401147,-951.02389674896
1788030625.0224373,-286.0,-1190.0,3900.0,-31.915424660000177,-49.38557918,-94.25537597000012,353.0025149561423,782.6669304722272,-386.7644239614833,-927.2358218774152
1788030625.0843906,-682.0,1343.0,5243.0,-33.10960268000018,-49.452071409999995,-96.2980996600001,352.58177085349746,848.2041244940135,-374.8360862420567,-937.3937828092646
1788030625.1373343,1263.0,-439.0,3653.0,-33.99709173000018,-48.27901805999999,-95.71857211000011,353.24447901348833,857.299953294361,-369.37782127011076,-763.5000499170425
1788030625.2020478,717.0,100.0,5761.0,-34.800250520000176,-47.619240549999994,-95.81532926000011,353.65961691673186,899.5144200848864,-387.9909570622867,-930.9970909442455
1788030625.2669253,-173.0,554.0,3658.0,-34.309276680000174,-47.238597909999996,-95.58639202000012,353.4789995561795,857.744361373585,-347.9520694614037,-931.7834118116581
1788030625.3315885,280.0,676.0,4388.0,-33.50553318000018,-47.668165859999995,-95.01257647000011,352.4620586237421,813.0999075071293,-367.0779210565636,-911.7623406699194
1788030625.3835278,304.0,6.0,4658.0,-32.61576612000018,-48.153241359999996,-94.13112499000012,352.72338835154864,807.5928279978704,-365.23428738524626,-991.8483063378271
1788030625.4660292,-1066.0,-682.0,2413.0,-32.091954160000185,-49.05380619999999,-93.20008005000011,352.72338835154864,726.0023459867655,-380.8671888821243,-935.092930105819
1788030625.529963,-284.0,32.0,3486.0,-32.95593819000018,-47.81249654999999,-96.07876502000012,353.9243228198088,776.1466334651087,-372.70617219430426,-892.2961772435132
1788030625.5802872,697.0,162.0,4165.0,-33.45478479000018,-48.280858079999994,-96.24227585000013,353.5374400004136,874.5471820546928,-354.28152262259687,-908.9134163448552
1788030625.6305175,-989.0,1632.0,4077.0,-33.532285150000185,-48.03728552,-96.28656177000012,353.03153727279425,893.1024535370178,-377.3519563264595,-963.6201485648979
1788030625.6924918,-49.0,122.0,3811.0,-33.17503084000019,-48.32966446,-96.22585399000012,353.89583529799677,851.8555667781734,-354.9526522352854,-957.877159107734
1788030625.7518227,417.0,670.0,4606.0,-32.99510011000019,-48.51830886,-96.27268938000012,352.8972051062313,850.6217268905766,-358.2568119634182,-939.5102903177346
1788030625.8027074,231.0,1348.0,4827.0,-33.266948190000186,-48.91498514,-95.76505470000012,352.1472051062313,814.5644434911937,-365.62709084206426,-950.2186565887699
1788030625.8696182,-252.0,352.0,3527.0,-33.244682030000185,-48.92890149,-95.56465926000013,351.7917383054791,784.248709882581,-414.89918657051896,-905.1402540709316
1788030625.9422908,-1148.0,-13.0,3269.0,-33.538934730000186,-49.05373816,-96.25039375000013,352.5617335861132,793.7945805564306,-411.4171086999811,-934.9324003742288
1788030626.0078807,2126.0,1481.0,6033.0,-34.490254680000184,-47.92482541,-98.07004627000013,352.5617335861132,875.9755547117101,-334.2502902252608,-944.8013853730998
1788030626.0733478,-920.0,526.0,2970.0,-35.33899362000018,-47.71364717,-97.43053908000013,352.911745557465,805.8801551868522,-352.95660717311296,-980.9073368745073
1788030626.143215,874.0,111.0,4406.0,-35.574787500000184,-47.78101685,-97.81510767000013,353.05317358648847,902.1267643615037,-323.7071548000751,-947.2709462280046
1788030626.2003286,-437.0,709.0,3244.0,-36.00830100000018,-47.37264861,-96.33473409000013,352.49072296833117,838.9667124476051,-339.7146006790934,-940.860777321227
1788030626.2688608,-617.0,1427.0,5691.0,-35.40924485000018,-47.586343629999995,-95.98062173000012,351.8777455207248,845.2712617697733,-320.41989053761876,-1001.6743655510828
1788030626.321679,-629.0,833.0,3444.0,-35.39812941000018,-47.872566209999995,-95.19420435000012,351.8967076433948,798.17128712579,-336.8588013261381,-944.0937962280694
1788030626.38554,-306.0,612.0,4083.0,-35.10699521000018,-48.854204839999994,-95.36335844000013,351.8208462563341,740.6090998945973,-361.74267865201136,-974.4470337237985
1788030626.4369159,-837.0,-199.0,3497.0,-35.24559171000018,-49.25059082999999,-95.85953391000012,352.5708462563341,774.1211500984467,-370.4601568623956,-910.4714837233998
1788030626.4922543,153.0,111.0,5710.0,-36.163309070000174,-49.09255490999999,-96.89647135000013,352.663956924507,845.0471842387758,-402.3777257310723,-974.408034147237
1788030626.5555763,-190.0,-441.0,3408.0,-36.68720657000018,-49.14800470999999,-95.04735429000013,352.663956924507,812.0358092057786,-366.38975609570156,-977.4713835978885
1788030626.62045,-363.0,131.0,2950.0,-37.07567857000018,-48.837227109999986,-94.87809149000013,353.413956924507,825.527001012237,-357.2648133827,-951.8212422444168
1788030626.6865041,-239.0,435.0,3783.0,-37.91289985000017,-47.54255526999999,-94.64517923000012,353.74364383605,782.5832151031923,-299.175466964186,-998.3789340555765
1788030626.7541997,-652.0,898.0,4095.0,-38.481016350000175,-47.409532869999985,-94.60915233000013,353.3874183713966,745.5281742008171,-317.38494860331855,-962.3489694508797
1788030626.81699,-683.0,989.0,4343.0,-38.27869493000018,-47.45119840999998,-93.86383104000014,353.3627977719903,753.4673862968891,-333.104586229717,-937.0704069421594
1788030626.881403,-1947.0,915.0,4510.0,-37.13559325000018,-48.766038229999985,-93.61170742000014,353.15562743513084,679.019191169971,-337.7365091170467,-938.357676454423
1788030626.9318504,-574.0,-412.0,3099.0,-36.527881390000175,-48.22769986999999,-95.70123724000014,353.90562743513084,736.364634751787,-351.0875356228409,-1007.1910539892091
1788030626.9955425,2026.0,-109.0,5671.0,-37.04330413000017,-48.45215815999999,-95.46569459000014,353.15562743513084,829.9994224264055,-308.6782472260899,-948.8714269015568
1788030627.0640638,477.0,1331.0,4425.0,-37.756477710000176,-48.069268939999986,-96.12640800000014,353.15562743513084,817.3159118370387,-336.77423074389975,-939.681505902571
1788030627.1302536,-10.0,266.0,3988.0,-38.26456417000018,-47.955385519999986,-95.93433822000014,353.31494309722166,597.7624155862563,-288.77386927724024,-928.8063036104826
1788030627.19531,-546.0,641.0,3874.0,-38.099252660000175,-48.17096080999999,-95.90249004000015,354.1450322585149,816.9009273930074,-289.34494521696286,-928.2282157347363
1788030627.2704284,-467.0,800.0,4232.0,-37.326229780000176,-48.30634682999999,-96.31105876000015,354.5509834064449,753.8359741852513,-292.2594067190306,-889.0648231614633
1788030627.3358893,22.0,554.0,4173.0,-36.876927640000176,-48.91928369999999,-96.33324652000015,354.12974225017985,755.6006885394514,-284.21639934160913,-964.1339140155543
1788030627.4022305,694.0,587.0,4358.0,-36.582435260000175,-49.54160721999999,-95.94707255000014,353.37974225017985,755.7486044493342,-342.18940848644564,-956.2931626268881
1788030627.4975927,-1042.0,-329.0,3326.0,-35.35350616000017,-50.43727632999999,-94.35914530000014,353.9285091194627,721.8055870300018,-340.4324621787011,-948.9375241907647
1788030627.5624804,-995.0,385.0,4901.0,-36.526625800000176,-49.91742986999999,-94.62045054000014,354.514906003962,684.9794322036018,-291.9987772546816,-958.298148283979
1788030627.6264343,-1165.0,92.0,3573.0,-37.14730936000018,-48.900539519999995,-94.80887178000013,355.35224484955717,727.562503453557,-288.8797360047497,-932.3866412007837
1788030627.6935022,83.0,2253.0,6560.0,-38.23991563000018,-48.00206599999999,-95.88205319000012,355.35224484955717,832.9819005346686,-235.21253367000404,-953.3780946497748
1788030627.7617972,577.0,289.0,4320.0,-38.96386438000018,-47.56103974999999,-95.42438444000013,355.5551824020838,849.7250651426976,-249.63937545398602,-946.8695335017568
1788030627.8278234,-520.0,547.0,2878.0,-38.203518220000184,-47.735831569999995,-95.73798976000013,356.5674432791195,816.6497370749936,-260.98757906247096,-970.4939486784008
1788030627.913076,1050.0,859.0,4980.0,-37.44366304000019,-48.81187247999999,-95.85994929000013,355.0674432791195,852.8590242352533,-303.3289800219643,-951.1089520744478
1788030627.979147,-698.0,296.0,4287.0,-37.141226920000186,-48.67878056999999,-97.57961850000012,356.5674432791195,874.257495612555,-316.2908964944073,-982.321325124364
1788030628.0328407,898.0,1354.0,6174.0,-37.799302450000184,-48.062355389999986,-96.98540684000012,355.8174432791195,865.3831806110549,-250.13124555922252,-987.9255213016924
1788030628.1190917,284.0,907.0,4526.0,-38.962643860000185,-47.40150134999999,-97.21910492000012,354.6094645455471,884.4424282614333,-278.2802689573528,-1050.8330929993415
1788030628.192286,-2820.0,900.0,2760.0,-38.776252620000186,-47.657363319999995,-96.52360025000013,356.1094645455471,827.2211053707529,-264.04913383628246,-967.4011041210512
1788030628.2579103,609.0,871.0,4053.0,-38.50144200000019,-47.55762864999999,-96.23462548000013,355.5530150729497,827.0235191102722,-266.1473507776264,-964.6303903709395
1788030628.3216999,-1260.0,489.0,3698.0,-38.38476516000019,-48.20212928999999,-95.56790068000014,356.3030150729497,808.6532566694943,-312.22887102406554,-920.2476374281971
1788030628.3895304,-320.0,802.0,3985.0,-38.68440590000019,-47.805166919999984,-96.11180075000013,356.6346266317656,854.718837295596,-282.1929882675923,-993.4248192620435
1788030628.459048,-433.0,1238.0,4200.0,-38.5789162500002,-47.83837904999998,-96.14507798000014,355.51511111148847,884.3652434736192,-309.10420679290604,-971.0782328042842
1788030628.5419788,-441.0,1.0,4609.0,-37.1350632100002,-48.88237108999998,-96.46718571000014,356.423963486503,836.3868069017334,-301.07454062775565,-979.4394282976714
1788030628.6069362,-361.0,489.0,4481.0,-36.832259030000195,-48.94626554999998,-96.30328253000013,356.47341885380473,865.0157866045184,-320.40819555251096,-989.9879510435342
1788030628.661649,-701.0,559.0,4297.0,-37.354279760000196,-48.45754787999998,-95.24262167000013,355.8797853885469,805.8269197618445,-343.84552428006566,-962.7223695225905
1788030628.7538736,247.0,1035.0,4576.0,-37.30429549000019,-48.663092239999976,-94.62880301000013,354.3797853885469,830.5493881220953,-331.9891210494274,-992.5253753949435
1788030628.8197885,-1286.0,396.0,4845.0,-36.6896966100002,-48.58291115999998,-94.28852720000013,355.49724703552675,746.310343540751,-325.5147394513368,-975.1035823398289
1788030628.8719833,406.0,-267.0,4510.0,-36.928865190000195,-48.13794635999998,-94.74739715000013,355.9846046299431,809.3621033909071,-354.7857232467315,-1001.1782279704959
1788030628.9523745,264.0,857.0,4259.0,-37.91443719000019,-47.61985136999998,-95.02280228000014,355.74355349571516,815.8027894510525,-292.10669117849477,-961.0221415086055
1788030629.0177321,-766.0,415.0,3675.0,-37.78129327000019,-47.30920480999998,-94.19903318000014,355.53249162920014,804.3105347741644,-315.5265843011713,-1002.1771440797148
1788030629.0882301,-658.0,630.0,4197.0,-37.45144529000019,-47.686605329999985,-94.86769320000015,356.03072115070995,812.5049700726696,-283.53157560102125,-991.9727550343372
1788030629.1633463,-961.0,668.0,3626.0,-36.89613984000019,-48.58501780999998,-94.38189635000015,355.56971008358767,789.4400794891949,-313.35749090548825,-923.7329837226665
1788030629.2287152,-1824.0,451.0,3532.0,-36.633491440000185,-48.97760804999998,-94.58925035000014,356.22277409040385,787.0907158957319,-375.3588988564973,-927.5890489396597
1788030629.2972393,-169.0,512.0,4052.0,-36.38422564000019,-49.827737329999984,-95.05461707000013,355.21849207344553,790.672571350907,-379.40969918346667,-933.2309736632179
1788030629.3983696,-502.0,291.0,4224.0,-36.93347336000019,-49.869094379999986,-94.13394361000014,355.41782940356126,744.4106313638249,-338.5631560637791,-1013.2367974898882
1788030629.4683893,-1578.0,-13.0,3076.0,-37.55000627000019,-50.10184346999999,-95.45788889000015,356.55306900674515,758.8876857528182,-364.72749871317063,-973.6112097992099
1788030629.533038,1094.0,-500.0,4711.0,-37.62275755000019,-49.98287048999999,-95.37141838000015,356.8144335882815,786.2257114026382,-355.53810446533856,-945.0800228844516
1788030629.5945628,-548.0,812.0,3236.0,-37.33700362000019,-50.22978407999999,-95.19386254000015,356.0644335882815,765.5044844585389,-364.14708127163135,-926.490724264806
1788030629.6594512,-324.0,307.0,4744.0,-36.67625374000019,-50.83808001999999,-94.78000000000014,355.24059669121704,822.1523489074979,-381.74513337498973,-985.1985458591005
1788030629.7269785,-1219.0,529.0,3697.0,-37.162015240000194,-51.212810319999996,-95.11586938000015,355.6451517339584,788.4335685410548,-350.35230739095005,-945.2515772440862
1788030629.810882,-513.0,83.0,4390.0,-37.99511408000019,-50.59359585,-95.74901140000016,356.0055595635713,870.101658939074,-393.05065143565065,-960.3646142742003
1788030629.8777232,-213.0,230.0,3922.0,-38.12289656000019,-50.40192213,-95.57956072000016,356.0231935252078,846.740974931341,-355.62822915620956,-995.0335247183057
1788030629.9463177,-370.0,331.0,3540.0,-38.42914271000019,-50.46587273000001,-96.82798132000016,355.9494980201813,856.3490985525547,-371.9348483137171,-913.214176162153
1788030630.0281074,-545.0,-11.0,3448.0,-38.44293103000019,-50.39359290000001,-96.46384608000017,355.9494980201813,837.5400948445052,-360.4316459788716,-937.8474520751813
1788030630.0960212,-1397.0,317.0,3318.0,-37.90373034000019,-51.44729933000001,-96.90134881000016,356.1616793044101,840.6535597155148,-387.61721390599155,-1004.4420507203878
1788030630.1591775,-231.0,-148.0,4741.0,-37.194099600000186,-51.22771283,-98.28663579000015,356.1589406910413,850.6859823979993,-396.45154728530076,-944.6368657559711
1788030630.2172003,-557.0,-635.0,3874.0,-37.81834098000019,-50.42945726,-99.28928898000015,356.9089406910413,867.3147095646581,-378.20142658221215,-900.0663753296662
1788030630.2859554,972.0,429.0,3549.0,-38.64702954000018,-50.41564052,-97.96510500000015,355.4089406910413,890.3564760346268,-396.3978022861593,-924.0145138050348
1788030630.3373137,-309.0,622.0,3601.0,-38.43762370000018,-49.28319578,-95.65337474000015,354.6589406910413,866.8073662395938,-404.96016413164006,-911.6615510346275
1788030630.426983,-939.0,561.0,1480.0,-37.40882551000018,-50.25772381,-95.78119229000013,355.2894063972114,801.1074508472313,-423.62407814983027,-948.9262535136049
1788030630.4978762,-640.0,219.0,4678.0,-37.245252730000175,-51.72433399,-97.31711297000014,355.31114290921477,904.7429761852466,-414.13657008282945,-996.8059448891319
1788030630.5589244,-770.0,-1303.0,2929.0,-36.74031319000017,-52.52338399,-97.03673630000014,355.31114290921477,866.3058658194411,-424.14338527681315,-955.2954915775363
1788030630.624471,-659.0,212.0,6087.0,-37.22346943000017,-51.64870459,-96.20648506000015,356.06114290921477,1090.9714232025801,-379.3956758087645,-935.355333589796
1788030630.6883454,-559.0,710.0,3755.0,-38.05053119000017,-50.65210976,-95.54302373000016,355.70414382808985,811.9115455638192,-334.0609116623978,-906.5246921944273
1788030630.7394526,-555.0,1002.0,4014.0,-37.972834830000174,-50.27472744,-95.45422789000015,355.02240171644604,785.5203747890605,-314.35287804755706,-929.8987199065506
1788030630.792737,-2322.0,148.0,3814.0,-36.05158935000017,-50.39692308,-95.41815178000014,355.6009337258718,745.5102768535563,-318.7669976132945,-929.4540889827304
1788030630.8538063,-1403.0,613.0,3527.0,-35.26416166000017,-51.02296983,-96.07480526000015,356.048190584205,738.7433889627681,-322.6435036362949,-958.268187049514
1788030630.9215646,-795.0,328.0,4530.0,-34.38301643000017,-52.27890458,-97.72775901000014,356.3425207668303,803.7571523327216,-407.3524485530575,-921.8253016491157
1788030630.9883635,148.0,624.0,5805.0,-34.59403423000017,-51.718041480000004,-96.91145331000014,355.5925207668303,827.9949448646394,-387.48972178640804,-927.0154420102008
1788030631.0526295,586.0,-1054.0,4281.0,-35.45195402000017,-50.952197870000006,-95.34336826000013,357.0925207668303,737.4345759580494,-344.2001841794482,-973.5207758991874
1788030631.1205502,176.0,497.0,3524.0,-34.33599204000018,-51.087463420000006,-96.42077711000013,355.5925207668303,791.0775316769501,-326.16746654124717,-884.4299843101714
1788030631.1867874,-551.0,-140.0,4405.0,-33.11238924000018,-51.22248166000001,-97.27589263000013,356.3425207668303,740.9404900959781,-325.2072819930446,-909.9585955086142
1788030631.255927,-597.0,684.0,4175.0,-31.987797380000178,-51.21768764,-98.08060773000012,355.19214121725224,878.2455986376812,-413.0395985418675,-922.2705000832066
1788030631.3200693,-619.0,-243.0,4455.0,-31.706533880000176,-51.26616194,-97.79251923000012,355.64791248898075,792.5043471974489,-406.4700574643922,-914.8128269519243
1788030631.3881989,-590.0,783.0,3724.0,-32.25330738000017,-51.066325940000006,-98.71120973000012,354.89791248898075,808.0124780360552,-394.7692884939048,-935.8805510527615
1788030631.4555879,-64.0,-226.0,4172.0,-33.47913968000017,-50.44103204,-98.48342931000012,355.4932436434286,847.4236056526802,-382.88083595366544,-959.1956899339923
1788030631.5077941,-262.0,311.0,3924.0,-34.046269880000175,-50.28534924,-98.36388716000012,355.4555982937309,839.3312508804802,-355.82843118086885,-980.9182514632259
1788030631.5751228,764.0,793.0,5113.0,-34.50202056000017,-49.92623566,-98.44591743000012,354.9062346898234,867.3800490207569,-310.2065660380102,-975.6013674315654
1788030631.65488,1449.0,754.0,5754.0,-34.22492787000017,-50.505454300000004,-96.26220079000012,353.4062346898234,763.8297300284853,-371.1356161447769,-950.9927454742909
1788030631.7215319,-235.0,-232.0,3327.0,-33.99496807000017,-50.51099550000001,-96.26497139000013,354.1562346898234,769.3886419702924,-383.6360175409093,-938.3986536601105
1788030631.7873552,-1620.0,53.0,3373.0,-33.008169950000166,-50.94613125000001,-97.41797107000012,354.67010886280804,769.5258514637109,-366.05919128535567,-938.5706654906903
1788030631.8959036,787.0,-83.0,5776.0,-32.761490090000166,-50.96266140000001,-98.94553746000012,355.3966409232769,847.7423636685528,-349.78492701200105,-960.436302597255
1788030631.9609623,-110.0,-192.0,3718.0,-33.746096440000166,-49.91972440000001,-97.08748966000012,356.5972459435306,812.5652972509897,-382.3095957467592,-938.0775478340886
1788030632.0112572,994.0,449.0,5094.0,-33.92358956000017,-50.213697380000006,-96.87394325000011,355.8472459435306,814.3980524908909,-318.66908581878505,-991.7496940179358
1788030632.093431,47.0,126.0,3193.0,-33.82140174000016,-50.32450129000001,-96.20068318000011,354.63542131740866,734.8983437138049,-351.85255293489803,-935.8600942881598
1788030632.1576762,-6.0,226.0,3748.0,-32.57997953000016,-50.933917300000005,-95.64283561000012,353.3641344482265,693.9403015767305,-340.2436022235213,-984.8339003743508
1788030632.2234802,-834.0,-16.0,3588.0,-31.56187517000016,-51.39711934,-95.09355618000012,354.3587325991007,691.1206493943603,-391.4850118236587,-931.222692983828
1788030632.3096042,-1120.0,326.0,3817.0,-31.65613395000016,-50.685719420000005,-95.95441618000012,355.25895718619086,683.7533497967261,-340.7351889981602,-944.9870265313892
1788030632.3770735,-1251.0,78.0,3600.0,-31.96170845000016,-49.888447770000006,-97.18504803000012,355.9143408975829,739.8241411408118,-375.8172599361073,-914.9032695087683
1788030632.4455554,240.0,-147.0,5910.0,-32.20295414000016,-49.297627680000005,-97.64533387000012,356.5063730748581,812.0997404160458,-289.4689046146596,-724.2801745637503
1788030632.5158029,261.0,-1446.0,4706.0,-32.58024021000016,-48.875903650000005,-97.98906740000012,356.5063730748581,867.3013566851663,-358.06491636251616,-946.8352899697967
1788030632.5801823,-501.0,816.0,3103.0,-31.43887082000016,-49.93942912,-96.28617187000012,356.5063730748581,795.002501538837,-327.229518106505,-976.8881794728837
1788030632.6492698,251.0,212.0,3047.0,-31.419432030000163,-50.33653583,-95.94460456000012,355.7563730748581,752.9893290340262,-408.9094274007927,-905.280657155897
1788030632.7217863,-465.0,-256.0,3883.0,-31.886154090000165,-50.31149018,-96.61408813000013,357.2563730748581,768.1486951005752,-357.68246581332335,-949.5325578463786
1788030632.773315,-1184.0,662.0,2753.0,-32.611856760000165,-49.74983524,-97.36481503000013,357.41286020389236,783.8787301949941,-325.2929593756801,-971.719474494775
1788030632.8380845,60.0,975.0,4456.0,-35.032572680000165,-49.51994852,-99.06350167000014,355.91286020389236,825.2286822513357,-349.05407579087944,-946.4012348598969
1788030632.9228106,1190.0,-1112.0,4458.0,-35.58686544000016,-49.838778430000005,-97.92546673000014,355.91286020389236,926.0828920092131,-348.1192817805553,-969.3852045917934
1788030632.9874282,-1129.0,698.0,3200.0,-35.41217463000016,-48.843711490000004,-95.54987974000014,355.40816352359707,791.5890012485161,-339.8450803908871,-959.2261086394025
1788030633.040786,-843.0,619.0,3293.0,-35.16831871000016,-49.19286883,-95.58867500000014,355.62337147176333,825.9523344334419,-326.90234256994535,-987.7499133800351
1788030633.104648,-1130.0,97.0,3850.0,-35.89543888000016,-48.959555890000004,-96.02943119000014,357.1222695038663,834.6405014781438,-362.2889522465696,-959.5891066130025
1788030633.1556048,-2321.0,543.0,3840.0,-36.12894859000016,-48.689472370000004,-96.80873468000014,357.8722695038663,784.7738955883315,-318.9477168367719,-984.6157441853782
1788030633.221344,55.0,-595.0,4793.0,-37.21792914000015,-49.535927910000005,-98.74151567000014,357.8722695038663,862.2724939606621,-332.7383970372815,-998.8533438412302
1788030633.2769122,463.0,-1744.0,2971.0,-37.159868550000155,-49.32027429000001,-98.37103381000014,358.6222695038663,877.2884939629303,-353.1299610811754,-1015.9400965576189
1788030633.3593278,-1157.0,630.0,4190.0,-37.44251973000016,-50.168800710000006,-99.28351937000015,357.97631178178,876.0457576793615,-349.3807814857036,-980.2848494178057
1788030633.411584,968.0,117.0,5077.0,-36.89791126000016,-49.90340775000001,-99.78389568000014,357.22631178178,869.8994732442494,-348.8567444323232,-936.1058907670674
1788030633.466653,-1211.0,345.0,3524.0,-36.84577792000016,-50.399299230000004,-99.51648714000014,357.28718404208774,922.1947016130399,-404.7023579923177,-900.1373687894816
1788030633.5485997,338.0,-61.0,4612.0,-37.99156039000016,-49.9637544,-98.52624481000014,357.10272196545645,894.1272304649442,-360.3195910338104,-911.7750214659346
1788030633.6143582,-934.0,1202.0,4686.0,-38.38827671000016,-49.60032896,-98.03797857000013,356.65986265011253,855.6896469112964,-364.47063368219045,-935.16785843151
1788030633.680456,1468.0,-215.0,4850.0,-37.80280868000016,-49.76958749,-98.51245740000013,356.12630588319485,862.052097252626,-336.39272201548476,-946.7453685603822
1788030633.779206,-888.0,-440.0,4490.0,-35.71302385000016,-49.71454719,-99.02347700000013,357.5233311256738,888.5835310118633,-353.15278510263136,-908.7929661907052
1788030633.8437634,-354.0,539.0,3590.0,-35.821440340000166,-49.97029891,-99.06239574000013,357.0577592562886,878.7271825794467,-357.7193856442547,-874.4065731041645
1788030633.9104438,-95.0,187.0,4837.0,-35.97431999000016,-49.6450822,-98.81778830000013,357.33640523509854,866.1160482329165,-339.6767626962098,-926.8472550061709
1788030633.983,-1896.0,492.0,2893.0,-35.311604860000166,-50.03885194,-97.31395695000013,357.33640523509854,817.984155318952,-366.7805123562159,-936.6980782145059
1788030634.0481503,-1004.0,632.0,3511.0,-34.84059096000016,-49.99452122,-97.91519234000013,357.37042020370393,817.5753824123581,-333.12021062781275,-894.0621388389258
1788030634.1124725,-329.0,467.0,4523.0,-34.24231510000016,-49.80340323,-98.38593779000014,357.37042020370393,848.8151492552417,-388.5038866108375,-915.3793904820558
1788030634.1726544,664.0,-539.0,4099.0,-33.75207843000017,-49.05061532,-99.26632737000014,358.17017138572413,884.5870431741149,-303.904196982935,-973.8793015833216
1788030634.24107,642.0,436.0,4300.0,-34.02915243000017,-49.341543019999996,-98.53208127000013,357.42017138572413,869.8882440512008,-350.75054731785787,-952.5280351437038
1788030634.3088422,-523.0,-336.0,3382.0,-33.911238900000164,-49.227404379999996,-98.36279572000014,357.67051438499345,832.0193653608715,-404.0306875279917,-924.3449967479515
1788030634.4002542,-597.0,132.0,3863.0,-34.027668990000166,-49.718093319999994,-98.16859997000013,357.7476781667595,862.2806696626507,-316.21573842388756,-997.1815859527273
1788030634.45941,-161.0,-31.0,4167.0,-33.81965202000016,-49.648756569999996,-98.08266832000014,358.94826715988705,868.1894852917661,-329.8634197452607,-973.6359488613068
1788030634.5129933,-860.0,222.0,3478.0,-33.902902320000166,-49.854107309999996,-98.34351926000014,359.1335138732334,843.0888119531977,-351.9356652259823,-955.5900121815197
1788030634.606161,799.0,374.0,3656.0,-33.91401370000016,-49.18869501,-98.18270112000013,357.9174736448273,824.1003615846975,-348.397180445292,-716.1777736902251
1788030634.6707704,-8.0,920.0,3470.0,-33.38724060000016,-49.31622955,-97.76960011000013,357.1674736448273,749.2333250978272,-312.46837003519823,-936.114022824095
1788030634.7351713,-701.0,216.0,3996.0,-33.58696320000016,-49.59935239,-97.31166613000013,356.7396012333708,746.1876258420754,-324.84916323484526,-940.3952871815227
1788030634.7954066,-524.0,264.0,3872.0,-33.417807150000165,-49.51893394,-97.33662358000014,356.69702555203065,734.2977228963252,-328.2036794007689,-924.1740822318935
1788030634.861491,-1251.0,240.0,3255.0,-33.648150270000166,-49.17204418,-98.58823520000014,357.6419551507201,751.2102770291423,-336.4066987615461,-919.5598825178347
1788030634.9269643,406.0,535.0,3622.0,-33.56477509000016,-48.58928186,-98.16369969000014,356.1419551507201,811.6722005775206,-342.8744682165547,-953.0102932312499
1788030635.0163937,61.0,842.0,4069.0,-33.49813453000016,-49.011427850000004,-97.17533504000014,354.6419551507201,807.9937004729193,-320.2533840497238,-943.8831959290321
1788030635.082246,-936.0,289.0,3759.0,-33.076988840000155,-49.80629605,-96.13807602000013,354.65395132667925,706.3697278789149,-321.48335234051854,-991.182279222398
1788030635.1481872,-142.0,24.0,3632.0,-33.63026156000016,-49.93050013,-96.06468270000013,355.1198430153199,676.7262488121953,-295.1050389630629,-767.8302121153558
1788030635.241996,-843.0,54.0,3400.0,-34.16342783000015,-48.98032482,-96.82285487000014,356.8133333278424,755.8032428668014,-349.75480654772514,-925.1712234769944
1788030635.308459,620.0,2079.0,7990.0,-34.48023383000015,-48.67741382,-96.99515287000014,356.0633333278424,790.8781737914844,-308.4668681115703,-994.1875911075633
1788030635.3726442,-1434.0,430.0,2781.0,-34.58593586000015,-47.88074732,-96.81710101000014,357.5633333278424,791.06473996955,-277.28499874139123,-1010.0166967713551
1788030635.43581,374.0,196.0,3665.0,-34.84633873000015,-47.556838909999996,-97.72812343000014,357.30427624779935,1083.9737842487493,-313.60816914378813,-1002.2557698789872
1788030635.5022504,103.0,634.0,4254.0,-34.44200487000015,-48.14949265,-97.81951396000014,356.55427624779935,814.7618702297826,-311.20691838356197,-1012.8470319216182
1788030635.573821,-313.0,-165.0,3244.0,-33.64405569000015,-48.49304131,-98.11053609000014,356.55427624779935,768.0844395931525,-319.4877304914408,-944.405982408142
1788030635.6697226,1149.0,-365.0,3651.0,-34.51789460000015,-47.408921490000004,-98.13237063000014,356.63893726437794,813.1473496159673,-300.4651095223374,-954.4024523036693
1788030635.7376943,-902.0,899.0,4546.0,-34.99178634000015,-46.801992090000006,-97.13745195000014,357.2068753137138,799.634117644679,-251.4227473776684,-1006.1693774845015
1788030635.801827,-589.0,890.0,3767.0,-34.84213740000015,-47.04591535,-96.47511748000014,355.874224199234,799.9957621083857,-305.2296776687429,-1001.1195765318976
1788030635.8704052,-284.0,-126.0,4108.0,-35.158670120000146,-46.560318980000005,-97.40141292000014,356.16347412521975,768.6790579838288,-298.3901649126663,-983.9108912091975
1788030635.9376035,-1814.0,1524.0,4640.0,-35.35281302000015,-47.156615030000005,-97.35149046000014,356.2246816028276,798.3999640911314,-301.19309007735603,-992.8481373889365
1788030635.989059,-1097.0,238.0,3254.0,-35.24470502000015,-46.92931103000001,-97.68690246000014,356.9746816028276,809.0365011278631,-315.93492032710014,-1155.881216374886
1788030636.049386,-457.0,744.0,4505.0,-34.570770500000144,-47.356409590000005,-99.17072466000015,357.1662164902495,858.8640113259527,-329.69117263759534,-995.9517778388578
1788030636.0993984,798.0,-88.0,4412.0,-34.737355100000144,-46.870537840000004,-98.78758008000014,357.3200882725219,873.9900584458809,-305.4901199095184,-1026.248697613556
1788030636.1647215,-671.0,655.0,4366.0,-34.67703967000014,-47.31250286000001,-97.74590994000013,356.8697383679802,784.0984062090467,-298.0626364604783,-1004.8673135373065
1788030636.2298176,-201.0,7.0,3821.0,-34.69647650000014,-47.082037590000006,-97.56264840000013,357.55984640280565,799.2906895720166,-300.8776791109349,-924.3987357397817
1788030636.2983325,-1297.0,1113.0,4159.0,-34.585769960000135,-48.12509730000001,-96.45284992000013,356.3345491780482,775.9679789118231,-350.532155091116,-936.3348515054332
1788030636.3642964,-984.0,355.0,3721.0,-34.368611060000134,-49.344193010000005,-97.22699308000014,356.6754823403702,779.672447510357,-370.73725929176203,-978.3669476187756
1788030636.433559,-353.0,-833.0,4693.0,-34.332470410000134,-49.149589510000006,-98.36125348000014,357.4254823403702,808.544860050435,-372.99602835566344,-941.5939903835643
1788030636.5003164,-535.0,168.0,3187.0,-34.529648650000134,-47.94117104000001,-99.05303863000015,358.66324581181016,832.1718369317582,-308.48804590586315,-965.434770608902
1788030636.5647473,55.0,431.0,3333.0,-33.94677783000014,-47.338256490000006,-99.19202867000014,357.50348404693165,821.8061260431512,-302.2943432344987,-971.3084472593385
1788030636.633629,-902.0,2024.0,5177.0,-32.92768297000014,-47.52955095000001,-98.19451180000014,357.50348404693165,804.2038548135151,-328.2818738294465,-969.1709618388373
1788030636.6960118,-712.0,996.0,4124.0,-33.07727647000014,-47.75394120000001,-97.16951930000015,356.75348404693165,780.528044024129,-328.95126110794774,-921.2637066228972
1788030636.7602658,-157.0,-2119.0,5937.0,-32.71959572000014,-48.18099965000001,-97.00035940000014,358.25348404693165,771.5692321776337,-366.92315760728854,-953.290239478953
1788030636.834956,1028.0,-1154.0,4423.0,-33.49276889000014,-47.34963065000001,-96.91168004000014,359.00348404693165,753.1964390223801,-320.93218383994366,-915.2484918669537
1788030636.9204504,-228.0,1142.0,4529.0,-33.61954932000015,-47.283419890000005,-96.59177199000014,356.75348404693165,698.0480800027069,-291.0319332223207,-943.50848712097
1788030636.9845302,-601.0,540.0,3943.0,-31.548458760000145,-47.64859911,-97.82175627000014,356.8017773247832,707.2420828246969,-316.69421783846974,-954.7412873822648
1788030637.0530515,-437.0,664.0,4930.0,-30.234884400000144,-47.68999326,-98.83177353000013,356.0517773247832,755.804997920719,-350.44061945016733,-958.0458672591932
1788030637.1373208,712.0,-749.0,4318.0,-27.573003640000145,-48.6545276,-99.47218855000014,356.0517773247832,737.5698212869165,-356.91500033582224,-944.1818964105246
1788030637.2033541,-271.0,1655.0,3087.0,-26.883732120000147,-48.504955450000004,-99.16684127000015,355.4748447636906,812.3840623944864,-351.3624954613152,-931.9633183069714
1788030637.2689395,-1347.0,186.0,4417.0,-27.603746520000147,-47.959454410000006,-98.26335827000015,356.73649667038853,705.3534952855025,-343.3375592225623,-978.1342343871656
1788030637.3431623,-1148.0,982.0,3802.0,-29.455993700000146,-47.3624592,-97.71910162000016,355.92695088533213,713.3081289809345,-333.4133369995441,-933.9157723260793
1788030637.4087787,244.0,936.0,4576.0,-29.561444080000147,-47.63163517,-98.56270466000016,355.17695088533213,764.544904035887,-279.9756329714985,-968.3255407187029
1788030637.4612894,486.0,752.0,3776.0,-29.183909440000146,-47.970305950000004,-99.84521204000016,354.42695088533213,771.6789656293431,-368.7967238068726,-971.5460352316968
1788030637.514832,-706.0,-173.0,4243.0,-27.235950700000146,-48.97758376,-100.28086663000016,354.42695088533213,809.5511618879412,-366.9786671845716,-923.4391493251009
1788030637.5761032,232.0,707.0,4792.0,-27.247050740000144,-49.11078424,-100.81644356000017,353.67695088533213,831.4772067346448,-342.85265488847165,-942.2407044117548
1788030637.6435912,-48.0,382.0,3287.0,-28.235006240000146,-48.683584880000005,-99.17331396000017,352.566357647762,816.8761911764079,-369.89037637151466,-936.607241863201
1788030637.703158,660.0,-653.0,4101.0,-28.154443660000148,-48.389114760000005,-98.31490578000017,353.316357647762,740.3656286617971,-330.1198838071005,-934.5413347264289
1788030637.7668655,-422.0,335.0,3634.0,-28.62016346000015,-47.80666394000001,-96.56836889000017,352.8261517477497,674.4349126176502,-362.4191959688421,-953.3984663080332
1788030637.8318655,22.0,623.0,5504.0,-28.783481510000147,-47.88699125,-96.90056033000018,352.50766794206334,692.1913608833482,-324.87424748573613,-973.0064602519033
1788030637.895031,-317.0,310.0,4158.0,-27.75526369000015,-48.26401797,-97.57417271000017,351.77364271551863,719.3197842258458,-360.28728349073384,-1028.075622935275
1788030637.9815564,-1269.0,450.0,3440.0,-27.65834540000015,-48.90099417,-98.63767403000017,353.0546821239275,757.512388998917,-341.54785848639557,-1015.7658697056188
1788030638.048727,1348.0,-93.0,6652.0,-28.28481740000015,-48.85387017,-98.88438203000017,352.74603031144625,771.6330806570237,-335.07571202061774,-934.4110499844388
1788030638.0997508,120.0,382.0,3874.0,-29.15263232000015,-48.27444153,-97.85030339000016,351.3885958324506,730.4482211638423,-344.32955780328047,-965.8232824604835
1788030638.1897018,-1017.0,-10.0,3376.0,-29.36134670000015,-47.94098113,-97.59739381000016,351.3885958324506,698.5057529771733,-324.3444217590732,-921.301846277231
1788030638.25541,-325.0,1148.0,3702.0,-28.78041278000015,-48.431943069999996,-97.89867304000015,349.8885958324506,732.7024364624206,-378.72054506075034,-938.2265317902052
1788030638.3058634,-433.0,-1305.0,4086.0,-28.44314256000015,-48.268836979999996,-97.97884383000014,350.6385958324506,711.9165357896309,-411.0896971739003,-921.2381626582354
1788030638.3948708,1825.0,932.0,5221.0,-30.00682272000015,-47.80597598,-100.93287057000015,350.6385958324506,846.3188491452552,-301.83141720811034,-999.1664999828561
1788030638.461201,-1869.0,2144.0,3320.0,-30.788901780000153,-47.58965624,-100.78311075000015,351.2892683242094,820.2294192549836,-326.307477115738,-949.9887345456725
1788030638.5343966,1723.0,-599.0,4018.0,-31.843291340000153,-46.593362129999996,-99.72650898000015,352.7892683242094,773.086805669307,-273.5637740629134,-982.5620053540133
1788030638.6099033,169.0,347.0,3863.0,-31.17757776000015,-45.96095020999999,-100.21755982000015,353.01668323124215,791.2109008255153,-334.57219498378555,-969.3013016004902
1788030638.6795325,-314.0,1143.0,4352.0,-30.719701110000152,-46.135775839999994,-100.34243527000015,352.5972478039116,818.1073957942122,-290.0024502867828,-962.9969922154216
1788030638.7324123,68.0,-238.0,4709.0,-30.259116650000152,-46.89615713999999,-99.69315097000015,353.9199527103771,820.6945856329623,-368.21898980786284,-994.3773785535577
1788030638.8187952,-1650.0,443.0,3608.0,-30.36712959000015,-46.466250319999986,-100.49504647000015,355.4199527103771,830.6008684931855,-340.4143910400325,-977.8356989646614
1788030638.8849633,101.0,-650.0,4289.0,-30.74811152000015,-46.243779119999985,-100.73142212000015,356.1699527103771,845.2395549262459,-314.92265925087355,-935.0487256705327
1788030638.9530945,-1307.0,648.0,3745.0,-31.62057640000015,-46.007597369999985,-99.56159500000014,356.0373683399702,784.2869915182386,-304.3998078527148,-992.0315251690824
1788030639.0310066,-774.0,1242.0,3489.0,-31.679377870000152,-46.038052059999984,-99.72535937000015,354.5373683399702,768.1812933532126,-307.0805590169324,-944.5274025238454
1788030639.1008594,-1209.0,1458.0,3958.0,-31.144943130000154,-47.03218547999999,-99.33489041000014,353.39125369361795,801.6764144099257,-358.4763095656859,-950.4805348091015
1788030639.164365,-22.0,-578.0,4340.0,-31.167538010000154,-47.02730997999999,-99.36974663000014,354.67545339956945,770.9441888095052,-377.3535322561564,-944.9376248567171
1788030639.2329805,-26.0,295.0,4125.0,-32.181348570000154,-46.67468021999999,-100.00888807000014,354.4972734564142,811.1362918842383,-344.1631000813332,-1026.9505306657516
1788030639.297315,-2.0,1418.0,4598.0,-33.168149070000155,-46.207201739999995,-99.41077727000014,353.5040389156712,798.5773202072744,-309.42406435512714,-996.434493397349
1788030639.3512466,-1111.0,1374.0,2562.0,-32.83559307000016,-46.456618739999996,-100.08420317000014,353.5889142888143,825.2908636610576,-281.919087176003,-1038.3684896814082
1788030639.4391322,561.0,-24.0,5317.0,-32.55564165000016,-47.17441203999999,-100.37530363000013,353.88665452460646,837.2115602167855,-310.57626214277457,-960.2159864065248
1788030639.5040526,414.0,-79.0,3849.0,-31.440908590000163,-47.332393499999995,-99.05830634000014,354.696885536432,789.830955048528,-348.3998416438673,-933.4740426300973
1788030639.5688732,-1064.0,-110.0,3836.0,-31.327259460000164,-47.035796989999994,-98.88644668000015,355.446885536432,770.3564476836748,-367.9853963961198,-951.3859884374913
1788030639.6605287,227.0,1129.0,3651.0,-31.449279680000163,-47.39353472,-99.15557855000016,353.2313049549081,772.024990576291,-347.2278777244405,-958.0666164357518
1788030639.7264256,837.0,359.0,3898.0,-32.11213901000016,-47.310330619999995,-99.03077240000016,351.7313049549081,777.2847585078966,-343.43027124893865,-922.7742572302133
1788030639.7910213,247.0,409.0,4212.0,-32.487011060000164,-47.34365258,-99.04743338000016,351.24405116893644,817.2014082358588,-368.28367661977893,-990.5286318342057
1788030639.8647144,-85.0,550.0,4123.0,-31.676500940000167,-47.11598528,-98.86140502000016,351.2967650779345,817.6700079306581,-314.1714537052586,-926.2122054496012
1788030639.9308302,-46.0,366.0,4192.0,-31.859637740000167,-47.179805679999994,-98.84753102000016,351.54755188595067,851.4303379122854,-369.82639539085517,-920.2666117406375
1788030640.0022585,-320.0,480.0,4070.0,-31.262630630000167,-46.69673337,-98.74209359000017,352.826090573848,812.6922073559766,-359.2251149993689,-970.2680878166652
1788030640.0683033,-184.0,455.0,4150.0,-31.12388363000017,-46.73835747,-98.83644155000016,352.9262014706163,822.1073937397957,-340.6226642113635,-963.6599443872027
1788030640.1326637,-211.0,411.0,4169.0,-30.81532713000017,-46.89291502,-98.82857936000016,353.23667038701115,790.1503292030671,-354.3686582963864,-955.3566677631546
1788030640.199569,-206.0,404.0,4129.0,-30.81810949000017,-46.767708819999996,-98.78684396000017,353.28633160684825,781.4813579427687,-331.54304243520346,-968.7873247280043
1788030640.2850215,-153.0,400.0,4174.0,-30.643292190000174,-46.781605219999996,-98.80907414000016,352.76705954450654,812.8055720419055,-366.0945818152309,-907.1883305726262
1788030640.355984,-228.0,425.0,4145.0,-30.445789360000173,-46.95129075,-98.80907414000016,352.6749750838317,809.3558038692205,-375.6184695739613,-888.6397890800171
1788030640.420168,-131.0,375.0,4157.0,-30.577289470000174,-46.80461142,-98.83120058000016,352.9388700159471,823.3129323363831,-348.6816266585548,-982.8323370925276
1788030640.485389,-116.0,369.0,4149.0,-30.879429420000175,-47.08732896,-98.85891568000015,353.00710659986066,791.9721193271282,-329.45517911392034,-963.9114205094237
1788030640.5498405,-167.0,390.0,4131.0,-30.563612940000176,-46.99036776,-98.86445632000016,353.0474281360158,763.9823611212638,-327.9149300398068,-932.2248577525047
1788030640.6144786,-98.0,375.0,4146.0,-30.55532550000018,-46.9737268,-98.91708624000016,353.23456299705856,794.8273736644538,-325.5401292767796,-941.2731769694992
1788030640.7079217,-204.0,437.0,4123.0,-30.62185301000018,-46.92110024,-98.94757313000017,353.07628159872047,790.0841095310932,-346.46556538643154,-920.7192010056755
1788030640.7747781,-145.0,370.0,4157.0,-30.69115084000018,-46.85736517,-98.92262870000016,352.7592105876365,793.3401701836581,-361.7560205767181,-939.0249022668778
1788030640.842089,-96.0,369.0,4164.0,-30.57469912000018,-46.74908777,-98.87269266000017,352.92856551060584,793.9688282149384,-337.2085440755496,-1011.4449282220332
1788030640.9098783,-245.0,420.0,4100.0,-30.66619059000018,-46.721356150000005,-98.87269350000017,353.62912192987307,821.3648594392366,-303.7472206453015,-931.9957869748134
1788030640.9844794,-244.0,361.0,4046.0,-30.73273707000018,-46.774038780000005,-98.88655735000017,353.83976097662935,827.5100049590976,-342.6501703904232,-963.9421143131476
1788030641.0494692,-457.0,440.0,4080.0,-31.06298230000018,-46.940613230000004,-98.84770672000018,354.45484557568943,852.3981436256678,-354.1757742460657,-933.2539465180182
1788030641.1194615,-359.0,442.0,4304.0,-30.720597460000178,-46.672509590000004,-98.84623182000018,355.43374524633754,892.4627204567477,-305.0050972244494,-962.4342998746813
1788030641.1858046,-162.0,236.0,4089.0,-31.08483826000018,-46.495907990000006,-98.81587842000019,355.8479150834075,852.8293199517846,-316.2377870290562,-1001.221382491584
1788030641.2523863,-634.0,167.0,4307.0,-31.19588234000018,-46.06777434000001,-98.86560432000019,357.3479150834075,859.6295267891936,-285.3353721466633,-986.3622653405836
1788030641.311387,-524.0,559.0,3978.0,-30.906359190000178,-46.212886510000004,-99.04345591000019,357.68673130400487,828.6516017142131,-266.04821454417714,-972.9423028858017
1788030641.3804536,-750.0,719.0,3858.0,-30.509692920000177,-46.38209380000001,-99.15718540000019,357.52037305145546,824.3499728172925,-306.86527344581475,-928.4795731608101
1788030641.447821,84.0,171.0,4532.0,-30.059172080000174,-46.518092180000004,-98.80209318000018,356.9538691729211,829.9599964976644,-306.4464446297637,-964.4172189620407
1788030641.5401835,-1102.0,665.0,3224.0,-29.945171130000173,-47.26828512000001,-98.93568342000019,356.8043544388209,789.180977546401,-338.3560112243638,-906.130936740619
1788030641.6056566,-687.0,-221.0,4129.0,-30.00884068000017,-47.95202559000001,-98.33223624000019,356.8043544388209,773.8277444378402,-362.07536024369153,-921.4938574014673
1788030641.6744084,-72.0,494.0,3158.0,-30.12800595000017,-47.35036985000001,-98.22968190000019,355.82816190447244,809.4743787503271,-316.7346919228065,-982.3597485338332
1788030641.743741,-236.0,373.0,4859.0,-29.68153244000017,-47.00695797,-99.12195468000019,355.66914339237456,816.3692660726111,-334.69420329220276,-941.4749126422498
1788030641.809189,-243.0,133.0,3788.0,-29.54857388000017,-46.804750160000005,-99.39064177000019,355.7077614415184,855.6284832904412,-389.602434793932,-1002.5180754835835
1788030641.8740652,1724.0,619.0,4869.0,-30.03897764000017,-47.14319092000001,-100.09690537000019,355.7077614415184,908.9727516159153,-342.014479361122,-971.2286905557405
1788030641.96221,155.0,-30.0,3685.0,-30.31826833000017,-47.38244154000001,-99.13279117000017,355.189627535749,852.6255771204414,-372.3777033462097,-971.4575325979592
1788030642.0162022,211.0,363.0,4300.0,-30.15752887000017,-47.32424277000001,-99.14110528000018,354.75325155643264,854.6713951867579,-348.80579980181847,-950.7847076282935
1788030642.0800166,-266.0,555.0,4052.0,-30.69252186000017,-46.57318792000001,-99.05249760000018,355.0443913810068,830.6805455999681,-352.96526651249854,-964.0223748505321
1788030642.1687386,1057.0,-256.0,4231.0,-30.61963450000017,-46.67123986000001,-99.27450631000019,355.43621913967485,862.5583016624394,-348.01289715779814,-922.9175615430167
1788030642.2200658,-1089.0,-260.0,4123.0,-30.39363348000017,-46.42870218000001,-98.94101700000019,356.18621913967485,852.606276780721,-375.30543718795343,-987.8695586316204
1788030642.2725654,518.0,795.0,4400.0,-30.12391494000017,-46.241770540000005,-99.28895606000019,354.68621913967485,827.4681032824557,-316.1565569546563,-927.6531263531162
1788030642.3280299,-2075.0,213.0,4554.0,-29.31555186000017,-46.07231986000001,-99.0611699000002,355.43621913967485,863.6375958814486,-334.921655115035,-987.03533585534
1788030642.3891227,-470.0,340.0,3977.0,-29.517946640000172,-45.87807182000001,-99.3802969600002,355.3018136486316,856.5940223665565,-318.712547495332,-960.3068777774926
1788030642.4404967,79.0,89.0,4360.0,-29.623359780000172,-45.97238884000001,-98.95032231000019,355.5245104443729,856.6202549376976,-353.12979538912055,-931.6723387744025
1788030642.5090032,-557.0,1049.0,4370.0,-29.14555098000017,-46.09728564000001,-98.4139699900002,354.23521019088844,834.9260451027126,-340.73022450711267,-945.1928621290037
1788030642.5716362,-581.0,547.0,3739.0,-28.94265843000017,-46.15287264000001,-98.6168625400002,354.4100765442808,841.7425371842892,-340.9689007608816,-1015.8992844109196
1788030642.6361728,-169.0,134.0,3640.0,-27.89265213000017,-46.586310540000014,-98.6142406900002,355.53452823810136,812.068302903099,-331.2765769564955,-974.1481045068334
1788030642.7046833,-323.0,829.0,4139.0,-27.77286876000017,-46.792005750000015,-98.69713889000019,354.03452823810136,785.1322390548369,-340.40556600859213,-910.4529032054204
1788030642.7957318,358.0,-437.0,4294.0,-28.000138180000167,-46.62265664000002,-98.7330190700002,355.53452823810136,835.5731286356711,-388.46715471591534,-927.4286929238791
1788030642.864856,12.0,232.0,4247.0,-28.387865380000168,-46.218312560000015,-98.52807755000019,355.25938892125606,795.8464506382926,-349.29223343696515,-942.9345877795541
1788030642.9314215,-675.0,1063.0,4376.0,-28.59929436000017,-46.661743170000015,-98.36280174000018,354.0473450602138,831.9041906544504,-328.66472463534404,-1012.72589556105
1788030643.0137954,-636.0,-97.0,3699.0,-28.25296446000017,-46.80800712000001,-97.75651809000018,354.59875504589735,769.6037185500012,-310.11357068103615,-950.0584829456207
1788030643.081596,-344.0,-67.0,4302.0,-28.546759360000173,-46.417204470000016,-97.49875464000019,355.34875504589735,787.7661503084418,-328.4332960584474,-965.5132649389899
1788030643.1466472,-250.0,867.0,5069.0,-28.768868870000173,-46.06425852000002,-98.56046256000019,354.73020729424303,799.3923518770542,-303.78517626672794,-942.6444131495502
1788030643.233259,-83.0,617.0,3264.0,-29.140327090000174,-45.900701210000015,-96.86670595000018,353.26379595718316,787.0606045842303,-318.2255249550358,-953.6957144240449
1788030643.2994397,-21.0,882.0,4775.0,-28.634966710000175,-46.147640840000015,-96.18016303000017,353.26379595718316,698.5045590953476,-294.91265127647114,-967.2450003160852
1788030643.3521426,-183.0,774.0,3430.0,-27.877560970000175,-46.72193750000002,-95.63361017000017,352.51379595718316,678.1775748675922,-306.7266515774474,-938.6007454213023
1788030643.4066405,-1061.0,627.0,4285.0,-27.558708520000174,-47.406777110000014,-95.17335359000016,352.62456042252313,652.9075120042355,-335.0227194813737,-918.6604473075563
1788030643.4654453,-565.0,-1242.0,2365.0,-26.984348020000173,-46.95165251000002,-97.24321614000017,354.12456042252313,651.6230169948487,-337.98887949871494,-932.2615149546773
1788030643.521377,-565.0,-1242.0,2365.0,-26.984348020000173,-46.95165251000002,-97.24321614000017,354.12456042252313,651.6230169948487,-337.98887949871494,-932.2615149546773
1788030643.5931313,835.0,1020.0,3768.0,-26.404767970000176,-45.61775358000002,-98.95156726000017,353.3402156224121,784.2996237037468,-300.96032013541236,-926.3024742906355
1788030643.6645217,-341.0,142.0,3971.0,-25.72545171000018,-46.599366870000026,-99.81957027000017,354.3736350907044,802.7643575187659,-334.71818145513225,-948.0232609557511
1788030643.7172027,634.0,53.0,4167.0,-25.55070105000018,-46.65761709000002,-98.83486417000017,354.3398919800947,773.4944012651428,-296.90530777729293,-925.7381344387456
1788030643.782703,-552.0,1244.0,4596.0,-25.91456546000018,-46.22988615000002,-99.21256513000017,354.297209647088,759.3836569340098,-306.6536110006976,-892.8928757239195
1788030643.8684585,1042.0,-290.0,4190.0,-27.41244807000018,-45.47400431000002,-100.97179344000017,354.1639474964887,849.0842865092585,-332.1797929238253,-962.5024471263213
1788030643.932958,1090.0,-367.0,4909.0,-27.69869228000018,-44.96543450000002,-100.48267712000018,354.9139474964887,877.7653077552254,-331.1927602590259,-1037.1790912629554
1788030643.9833913,515.0,825.0,4117.0,-27.09933562000018,-44.87668850000002,-99.45295780000018,353.4139474964887,866.5906337834516,-311.1979764260144,-980.1148962064794
1788030644.072864,-410.0,264.0,3735.0,-26.42033429000018,-44.82105621000002,-97.73746563000017,354.2726980786764,779.8178327057639,-336.6377744228144,-976.8672015608527
1788030644.123471,-692.0,704.0,4373.0,-26.309493490000182,-44.906957830000025,-96.91724371000018,354.2677385335868,752.8048811645707,-311.0115158703309,-973.77447569965
1788030644.1905205,-1555.0,821.0,3494.0,-25.840240090000183,-45.17558948000003,-96.44767356000018,354.83978515727,746.8088288653507,-340.40034328406927,-1033.4472072634976
1788030644.2712011,8.0,810.0,4316.0,-25.58795589000018,-46.11799752000003,-97.56749723000019,354.83978515727,768.4247645860127,-338.70335386184337,-984.4331015212151
1788030644.3364043,-1037.0,-114.0,4302.0,-24.91052249000018,-46.66971547000003,-98.09452905000019,356.33978515727,746.3457861738149,-320.5191436971751,-958.7117929921183
1788030644.4035826,-725.0,483.0,3898.0,-24.55184795000018,-46.70953826000003,-99.18423172000018,356.7808377433253,797.5936362777574,-363.9757752723081,-921.887384119803
1788030644.492321,146.0,125.0,3990.0,-24.50477106000018,-47.37765543000003,-98.95694802000018,355.3910591055502,810.269587303802,-391.4671759620757,-953.3910754770861
1788030644.5577676,-462.0,217.0,4825.0,-24.31357068000018,-47.44970195000003,-98.54406604000019,355.28544627457455,785.4652135950088,-384.2311182722022,-969.4300402138348
1788030644.6253784,40.0,-1153.0,2802.0,-24.14140939000018,-46.756701950000036,-97.9120120300002,356.78544627457455,728.4200529386454,-348.79918694630095,-935.527561382811
1788030644.6993902,572.0,455.0,3924.0,-22.731747850000183,-47.592006630000036,-98.92760227000021,355.28544627457455,703.2750405710414,-368.81368885757973,-916.5850357009208
1788030644.7656183,-888.0,235.0,2921.0,-21.017366020000182,-47.902714720000034,-100.5004747600002,354.8313651525855,725.482018414735,-408.83391641464465,-930.2356064052182
1788030644.8310258,1108.0,-569.0,4690.0,-21.228208260000184,-48.094137280000034,-101.0220318800002,355.169579754289,841.31839764491,-400.7631420562384,-934.0274592364469
1788030644.9075696,-921.0,1108.0,4131.0,-21.999539380000183,-47.03654032000003,-101.1166307200002,355.24132681808265,814.5169464157809,-364.42921920194715,-965.7543303062786
1788030644.9725556,404.0,456.0,4611.0,-23.278947860000184,-46.63967056000003,-100.11199296000021,355.24132681808265,770.4444050477629,-348.52488559800685,-934.219030203381
1788030645.041402,-2110.0,667.0,3563.0,-22.148997780000183,-46.73126528000003,-99.9895666000002,355.24132681808265,773.4642787604063,-371.76902541312467,-982.5780697817942
1788030645.1107295,-323.0,6.0,3832.0,-21.491005200000185,-46.71738358000003,-100.5031895000002,355.5717949576145,755.4492513284988,-356.8688559291814,-936.9586476984861
1788030645.177247,-474.0,-262.0,4846.0,-20.470247630000188,-47.61500226000003,-100.7493876200002,355.51223206536355,774.5841927899826,-390.34135644928966,-985.2068979947792
1788030645.2274408,3843.0,-413.0,5022.0,-21.476828450000188,-47.25352296000003,-101.48346866000021,354.76223206536355,798.4544483645399,-407.54662662734876,-906.9141653507404
1788030645.293576,462.0,929.0,5789.0,-21.868840630000186,-47.50354756000003,-101.54474526000021,353.26223206536355,819.8822553927848,-386.2552358899113,-951.2355220292134
1788030645.357163,17.0,-26.0,2551.0,-21.777241150000187,-47.85644563000003,-100.44640221000022,352.5641289590032,815.7266278299377,-432.0375355167849,-925.9150587160935
1788030645.4130585,-105.0,1111.0,4398.0,-21.334079550000187,-48.22482371000003,-99.47975597000021,351.8141289590032,736.1419602132489,-431.49968598452665,-930.6178160835528
1788030645.4777944,1466.0,-936.0,3551.0,-21.77171899000019,-48.37159670000003,-99.31085059000021,352.87295181501344,768.1784377795512,-393.4713395119963,-986.6473064076862
1788030645.5423422,1448.0,117.0,4983.0,-22.386543550000187,-48.385444100000036,-99.02559415000022,352.12295181501344,796.7331266636907,-405.9358324830058,-962.5482440530944
1788030645.6058333,-172.0,381.0,2971.0,-23.788612820000186,-48.102795860000036,-98.18327372000022,351.39665449430095,789.274871177483,-427.82834790210427,-950.0541369716411
1788030645.6727312,-79.0,806.0,4366.0,-25.593643460000184,-48.011394900000035,-98.59375540000022,350.90902922270516,805.5120404863325,-399.6575592294029,-964.0096303780326
1788030645.7668595,-692.0,408.0,3654.0,-27.861133860000187,-47.48468550000003,-99.31160330000023,351.9419256996211,836.272671933079,-353.9284867064233,-967.0651401836133
1788030645.833931,1243.0,334.0,5158.0,-28.678770610000186,-47.85885825000003,-99.70517760000023,351.23966101774124,885.778563163802,-336.06133444777515,-962.6846873392019
1788030645.8877244,37.0,81.0,4276.0,-29.247506750000184,-47.07331209000004,-98.69759900000022,352.73966101774124,840.8272462019311,-342.1546068617199,-1002.1367807471393
1788030645.9734392,207.0,521.0,3405.0,-28.828765910000183,-47.54215200000004,-98.26778570000022,352.31359271529357,837.6722866823122,-358.51760640738644,-923.2589590746521
1788030646.0388987,-311.0,-1147.0,4091.0,-28.323902950000182,-48.257756400000034,-97.31632470000022,352.8059108337428,817.4933063486889,-393.70288572743567,-1030.4950408894272
1788030646.1066196,-927.0,-19.0,3849.0,-28.74333112000018,-48.29108844000003,-97.28299266000022,353.5425548585748,789.1288698434095,-422.8631071768683,-930.9118705597696
1788030646.1943338,151.0,464.0,4140.0,-29.33289884000018,-48.243252960000035,-98.96652234000022,353.5425548585748,799.996433213627,-412.1050864372697,-963.5858036504337
1788030646.2621047,-837.0,170.0,3890.0,-28.85843702000018,-48.39029174000004,-99.31614420000022,353.2049150986384,825.5036677880971,-436.26455970548403,-910.8933618710709
1788030646.312889,-620.0,148.0,3310.0,-28.92775452000018,-48.48733624000004,-100.60544970000022,353.277161093487,778.1034982029104,-440.18264518834707,-962.1029819425192
1788030646.4008307,308.0,578.0,3934.0,-29.318354520000184,-48.56227747000004,-101.09010065000022,351.29385351263846,902.9268860152732,-398.2655798124608,-934.7446542338447
1788030646.466008,-28.0,103.0,4400.0,-29.637887020000182,-49.268027060000044,-100.20096233000022,350.8274533344578,842.3002769317675,-428.82502906814346,-919.2060156120136
1788030646.5300653,452.0,132.0,4732.0,-30.118641910000182,-49.51813076000004,-99.44231444000022,350.6137465882646,796.8967778388841,-391.7987988068709,-930.721964417628
1788030646.5942626,-1923.0,725.0,3375.0,-30.485261030000185,-49.81566205000004,-97.5737755300002,351.46417310697734,787.1038980600971,-475.17054509632794,-971.411065740929
1788030646.6452122,-508.0,-160.0,3523.0,-31.008732440000184,-49.60239592000004,-97.3217337400002,352.21417310697734,737.4193138805813,-422.1659995460231,-932.6030138688168
1788030646.709255,-176.0,4.0,3956.0,-30.881247110000185,-48.843401530000044,-97.3522613000002,352.8920945204221,757.4452944889007,-408.85690612815546,-907.3562338215207
1788030646.7609847,-98.0,-121.0,4584.0,-31.047420110000186,-48.754775930000044,-97.67906820000019,353.3372766065751,741.9933975997874,-376.4869305452061,-947.8988759357253
1788030646.8302395,-210.0,317.0,3910.0,-30.377076450000185,-47.94590983000004,-99.7594639300002,352.5831885468445,833.2590481533801,-393.1510113956041,-974.7506303758983
1788030646.8996089,-381.0,1060.0,4610.0,-30.798526850000187,-47.90154663000004,-100.11436953000019,351.86938112095464,857.5293893491931,-405.9857886640919,-918.4417062946698
1788030646.9565732,148.0,533.0,4599.0,-31.416548310000188,-48.04849546000004,-100.37227669000019,351.57049335866304,911.9203536410392,-395.90849798490956,-956.2752510016834
1788030647.0301182,366.0,195.0,3663.0,-31.768574530000187,-47.87664014000004,-100.0091630300002,351.33705348547807,904.0230432216093,-406.68247379427805,-1017.8428014704351
1788030647.098324,1176.0,-746.0,3875.0,-32.470336220000185,-47.53266805000004,-98.9358169800002,352.1434102554259,864.5759613885708,-369.0130688373108,-988.5955632356421
1788030647.1617405,-155.0,33.0,4676.0,-33.947356940000184,-46.72550953000004,-98.7337052800002,353.30243650862394,831.2255981953634,-376.45019936271945,-991.2339422813317
1788030647.2311175,-83.0,326.0,4565.0,-36.013435150000184,-46.21506743000004,-98.2319480100002,354.2315822473887,899.0727848484464,-368.099334270301,-954.9058447054133
1788030647.3002794,82.0,639.0,4626.0,-36.580215910000184,-46.162242140000046,-97.90670610000019,353.97202903812774,835.2592287535183,-353.57832145635285,-1000.8062466744619
1788030647.3674114,469.0,305.0,4157.0,-36.394876490000186,-46.292256360000046,-97.89840732000019,353.22202903812774,768.2017710036912,-314.47159318921223,-1027.575186781032
1788030647.4358537,-148.0,438.0,4142.0,-36.223767650000184,-46.388850060000046,-97.68314136000019,353.3549176355433,781.8959353587672,-308.93014705358695,-956.2348499630881
1788030647.501178,-764.0,275.0,3974.0,-34.398831600000186,-46.45450551000005,-97.5485358400002,354.2712003409762,726.8978250460536,-328.0557633716613,-942.9435711019879
1788030647.5724566,-941.0,736.0,4131.0,-34.41827529000019,-46.932264750000044,-97.3679872900002,354.23431587053284,759.7390898602791,-346.69155749323835,-919.0257239790609
1788030647.6432965,-1646.0,340.0,4007.0,-33.87095243000019,-47.27393769000005,-97.7571276500002,355.51590984179154,777.9127508117684,-363.11747998511504,-918.0583615957936
1788030647.7070978,434.0,496.0,4942.0,-34.23739151000019,-46.779905970000044,-98.7760545800002,355.51590984179154,782.9981611517164,-297.90707178535814,-922.6050452449675
1788030647.7678313,-824.0,1334.0,4398.0,-33.606065920000184,-47.071928820000046,-98.4117213100002,354.9672350635609,794.5058758234718,-297.54099951902987,-949.7373220999359
1788030647.850712,-1148.0,218.0,3456.0,-33.18359674000019,-46.932964470000044,-98.3533465600002,355.9894568321988,792.7536725283956,-298.52024436775525,-956.0240209285781
1788030647.915997,-1046.0,164.0,3916.0,-33.23079368000019,-46.26740391000005,-99.9782277900002,357.4894568321988,1082.4355735847057,-347.25456299872496,-949.7938813294769
1788030647.9798622,126.0,713.0,5431.0,-33.153168860000186,-46.40323695000004,-100.9503982900002,357.030288010506,974.9194008427719,-338.6247606013322,-955.7555481230429
1788030648.0646884,-486.0,-951.0,3436.0,-33.39136710000019,-46.67197073000004,-99.90064623000019,357.4708778235752,875.1113754679168,-322.5167661139157,-979.5706193247304
1788030648.130157,-423.0,226.0,4871.0,-33.27503130000019,-46.71074933000004,-100.3466001300002,357.7745762595042,906.521214134065,-346.5549369049695,-934.5151896616925
1788030648.2002034,107.0,387.0,4094.0,-33.44904262000019,-45.88669897000004,-100.11203853000019,356.65127033435056,898.6101987736853,-334.9609047604319,-960.6701044865653
1788030648.2735655,35.0,335.0,3610.0,-34.20976083000019,-45.07676824000004,-100.57670525000019,357.14222217711267,931.1414040506114,-292.72631092435466,-925.4305056544822
1788030648.3448298,-276.0,833.0,4734.0,-35.285217940000194,-44.63596585000004,-99.72306792000018,356.88032569552354,908.07986405308,-271.6018965165476,-982.7976834899457
1788030648.4089713,-1066.0,1406.0,3604.0,-35.190943760000195,-44.85778745000004,-100.38298718000017,356.8372026062534,926.5053810499917,-272.1504999255714,-1016.700509752589
1788030648.4726937,488.0,1279.0,6463.0,-35.2962465800002,-45.932525450000036,-100.78462611000018,355.3372026062534,926.5095238675607,-331.69985379321776,-957.6888454570791
1788030648.5381234,-132.0,-711.0,2506.0,-35.4900170800002,-45.87162615000003,-101.35486501000018,356.0872026062534,933.5116523225857,-308.1581180541789,-1028.6279896274266
1788030648.6050596,-148.0,702.0,3390.0,-36.2780385800002,-45.50805665000003,-100.05145801000019,355.0961792387248,894.7535173036407,-296.0215760360163,-930.6783911690966
1788030648.686228,-793.0,401.0,4790.0,-35.3966140500002,-46.25624346000003,-99.8464485900002,355.0961792387248,896.5928911090119,-316.19223081512916,-977.1736530779492
1788030648.7518,309.0,-383.0,4094.0,-35.0801069500002,-46.61392645000003,-99.92080728000019,355.37203438074727,925.891462319595,-296.1757993460896,-993.6076269851948
1788030648.8195345,-1150.0,-3.0,3275.0,-34.9386087400002,-45.947989990000025,-100.5313016400002,356.87203438074727,881.1027621729833,-311.0222231184557,-987.3189332137833
1788030648.9135532,121.0,716.0,3437.0,-35.2973295500002,-45.961864760000026,-101.5576085300002,355.4032054692488,947.2330836087369,-314.1437347777858,-942.5676213502747
1788030648.9804604,-93.0,711.0,4143.0,-35.4946435200002,-45.87293452000002,-101.5103643400002,354.96739322687193,968.8436548657015,-336.34971007402595,-1174.6445681307218
1788030649.0474222,-914.0,358.0,4151.0,-34.8443102000002,-45.914734180000025,-99.8243890000002,355.4870138090421,893.7076849820763,-315.2958622679669,-966.0609005195223
1788030649.1121168,-22.0,60.0,3713.0,-34.5943049200002,-46.23988103000003,-99.0406740400002,356.7002611554955,876.1748960261082,-332.83788618635907,-980.4467429054102
1788030649.1798763,-385.0,684.0,4055.0,-34.4474018000002,-46.40373451000003,-98.78641864000019,356.4060824342866,845.7897297325696,-307.2560777598412,-975.338921700963
1788030649.2496767,222.0,-96.0,3629.0,-35.467551420000206,-46.16753092000003,-99.72311615000018,357.080540844758,889.9016970293287,-325.3922139601077,-991.3284297433768
1788030649.333573,-132.0,651.0,3891.0,-35.353834530000206,-46.449889430000034,-100.29019217000018,356.70669820749293,928.952269508756,-304.6173292685809,-975.4320917698354
1788030649.4027607,383.0,353.0,4460.0,-35.12945562000021,-47.15903759000003,-99.89129633000019,356.6102926209961,921.0354112434648,-300.59881352829814,-969.5482417567608
1788030649.4563518,-48.0,-268.0,4064.0,-35.62152482000021,-47.12562323000003,-99.55215879000019,358.1102926209961,883.9750886082695,-297.6378539915255,-980.2973101351699
1788030649.5555491,-57.0,-59.0,3633.0,-36.26511714000021,-46.95621322000003,-98.8145353300002,359.1829912617618,906.9664640336568,-352.3294578446545,-974.6738472334442
1788030649.6254318,-833.0,137.0,3183.0,-35.934213770000206,-47.20419816000003,-99.9588608200002,359.56883363757925,932.0760337681971,-337.3105516875375,-1010.0081622630452
1788030649.6904824,736.0,-362.0,4690.0,-36.218331590000204,-46.90077966000003,-100.7672219400002,0.024055162579088574,931.8697602223782,-301.377973990907,-986.5853177001635
1788030649.7559583,628.0,334.0,3706.0,-36.1133307500002,-46.50011856000003,-99.94379430000019,359.2740551625791,928.4363984202452,-345.6672276971927,-906.5174750792902
1788030649.8221745,60.0,368.0,3514.0,-34.764017190000196,-46.394594540000035,-100.3018089500002,358.65552919087384,864.9343544438184,-307.1715071776028,-970.9266313754648
1788030649.8735764,-97.0,782.0,4210.0,-34.7972585100002,-46.491548390000034,-100.1771540000002,357.90552919087384,889.9644065934677,-331.9236810651782,-960.2166089364584
1788030649.9249265,-129.0,581.0,3695.0,-34.614976410000196,-46.20707784000003,-99.7407817000002,357.3244956539922,899.9668609152748,-316.83359359160585,-1012.0633922033926
1788030649.9833193,-1198.0,743.0,3735.0,-34.642610240000195,-46.63741593000003,-99.5949320100002,356.9990255917671,862.8989403212503,-320.7623375566459,-957.8990519616556
1788030650.0481052,-320.0,337.0,3909.0,-34.441107610000195,-47.51519451000003,-100.5472389600002,357.2185636530848,946.3403939633005,-344.75078815613466,-981.5061316801869
1788030650.1176257,-459.0,197.0,3819.0,-34.4416874900002,-47.88944363000003,-102.3241721600002,357.91351274097235,927.7837194885159,-323.2260392840398,-976.106305961955
1788030650.191427,1127.0,-901.0,3814.0,-34.1635563500002,-48.167054950000036,-102.83107632000021,359.41351274097235,992.9525896991488,-388.976108935273,-972.7303128602857
1788030650.2483943,582.0,55.0,3941.0,-33.9891041000002,-48.261206490000035,-102.8534654000002,358.2315406863388,963.5935371661866,-409.0026587472879,-955.3795132649864
1788030650.2994285,518.0,539.0,4352.0,-33.801160260000195,-48.30542857000003,-102.0547040800002,357.4815406863388,994.106504973822,-355.40084834327934,-921.0470792489269
1788030650.3662708,-715.0,309.0,4307.0,-33.143764920000194,-48.20628001000003,-99.9711836200002,358.64328642682415,921.7448357080367,-333.5227106393827,-983.8936657904105
1788030650.433669,-122.0,232.0,3830.0,-32.9746103400002,-48.03144934000003,-100.76157910000019,358.67190828848095,888.4364403512809,-303.2670462376085,-933.9119775862098
1788030650.497189,-131.0,887.0,5210.0,-32.8833399300002,-48.22228747000003,-101.09347150000019,357.92190828848095,897.7374917664455,-337.51854152827076,-914.9295460426891
1788030650.549925,593.0,535.0,4607.0,-32.3788693200002,-48.23055748000003,-100.95839467000019,357.17190828848095,916.3211690950967,-333.73712539962446,-967.1488781159281
1788030650.6271229,-463.0,-92.0,4101.0,-31.8280036200002,-49.06106807000003,-100.15840303000019,357.55360407021726,859.0116797296943,-369.94395639103686,-904.2475999347041
1788030650.6909244,-649.0,23.0,4255.0,-31.2285619100002,-48.55916401000003,-99.19582981000019,358.6628661596264,915.2546500124199,-376.59783277366506,-922.8473556721233
1788030650.7546656,351.0,640.0,4850.0,-31.407922840000197,-49.10856160000003,-97.70062323000019,357.1628661596264,820.9167539659836,-384.3634802006803,-933.9570332869024
1788030650.830368,-1284.0,-202.0,3276.0,-31.771881260000196,-49.39508490000003,-96.70278534000019,357.1628661596264,722.2128139933121,-342.42949569029213,-955.33506732119
1788030650.899492,-765.0,-739.0,3285.0,-31.760840860000197,-48.90378710000003,-97.58877744000019,357.9128661596264,736.5953474193219,-372.05386760505303,-881.877536788358
1788030650.9654796,-322.0,804.0,4215.0,-31.294583040000195,-48.64301484000003,-98.97919283000019,356.980066102301,749.7393203970068,-355.0660004918815,-915.6499682696858
1788030651.050764,-156.0,1067.0,4924.0,-30.171005970000195,-48.83652438000003,-99.63526580000018,355.480066102301,783.4372544804457,-357.7232921008528,-935.7705666732062
1788030651.1144843,-497.0,75.0,4384.0,-30.107121450000196,-48.526118340000025,-99.78171182000018,356.1275482157564,782.7229553110865,-373.67113472241647,-992.2099405554131
1788030651.1816208,-27.0,211.0,4138.0,-30.385969320000196,-48.371509620000026,-99.66575528000018,356.1203649714195,799.6310145648768,-320.09330248133733,-964.4258548528549
1788030651.2391412,-85.0,280.0,4109.0,-30.507432200000196,-48.51505666000003,-99.07500400000018,356.07345798659685,805.5627451968644,-316.6961481086662,-988.5356030606926
1788030651.3013108,232.0,-290.0,3968.0,-30.678364010000195,-48.23428491000002,-99.28234722000018,357.0153623714091,825.0554139861871,-332.5617722064113,-941.9789999072332
1788030651.367601,-403.0,226.0,4167.0,-30.814467250000195,-47.78548187000002,-99.54330834000018,356.48165293736173,834.3524821056742,-359.58586914658576,-922.1505710764859
1788030651.4189103,-158.0,675.0,4331.0,-30.409326010000196,-47.72720813000002,-99.80970258000018,355.76272110452965,878.3776309535963,-358.80360345322396,-967.5396686654141
1788030651.4786735,-611.0,-635.0,3905.0,-29.692527270000195,-47.52737430000002,-99.28735257000017,356.95235675350256,840.6158504451838,-337.3735435063427,-965.6353075846268
1788030651.5465755,-156.0,417.0,3051.0,-29.761671520000196,-47.40291465000002,-99.90135351000016,356.48919414478326,826.8305322841355,-314.53769166364174,-983.3476863778492
1788030651.6036355,147.0,-334.0,2950.0,-29.437160340000197,-47.533303580000016,-100.26195851000016,356.48919414478326,855.9469938001728,-338.7863004608728,-919.8952616313587
1788030651.6871657,923.0,135.0,4262.0,-29.429344700000197,-47.824082460000014,-100.60305199000015,355.11885436093513,865.9677141017661,-343.6586641801131,-941.4155113207496
1788030651.7526648,265.0,-522.0,3388.0,-29.809784480000197,-47.42710182000001,-100.06547404000015,355.86885436093513,896.8045509429677,-357.8065220304799,-952.1355884262468
1788030651.8287177,199.0,558.0,3639.0,-29.847503210000195,-47.01838652000001,-99.62445017000016,355.11885436093513,816.9074909919026,-305.3454267497066,-979.2271168110002
1788030651.8928094,-158.0,848.0,3655.0,-30.035075770000194,-47.38525638000001,-100.28095413000015,354.743073164758,865.6948522514477,-278.4784933707392,-946.5766140460817
1788030651.9580004,-564.0,-136.0,3408.0,-29.970908170000193,-47.28344166000001,-100.33870161000014,354.743073164758,885.6736382570704,-349.5024368784926,-962.5531488805233
1788030652.0260222,274.0,646.0,5062.0,-29.816557890000194,-47.75349131000001,-101.14293140000014,354.9051385361838,940.074797382031,-360.42152834833195,-970.0500416670181
1788030652.1093273,-352.0,151.0,3875.0,-29.567987750000192,-47.69013004000001,-102.03217402000014,355.7321888290579,944.5851371771641,-331.1011772770007,-1002.5432169969628
1788030652.174983,-138.0,178.0,3549.0,-29.689156210000192,-47.31366605000001,-100.65700736000014,356.9151569656669,880.6242978820875,-316.7848833809781,-931.5234184947701
1788030652.225738,-583.0,661.0,3901.0,-29.203760530000192,-47.50120529000001,-100.64321771000013,356.8248637642907,835.04007551605,-303.3650060856299,-959.24902647454
1788030652.3124151,17.0,44.0,3994.0,-29.007605340000193,-48.01211954000001,-100.05702343000013,356.3926291033273,841.8582346672948,-338.89122536760453,-919.1090044404305
1788030652.378432,259.0,87.0,4335.0,-29.141397040000193,-48.178656540000006,-99.98781527000013,357.20024555451545,876.1386281437442,-329.7462116607073,-979.5602722462825
1788030652.4295819,-390.0,552.0,3578.0,-28.930746320000193,-48.660935820000006,-100.20123771000013,356.6191906137279,850.8475098867495,-360.2842005039351,-943.1573563839987
1788030652.5197458,306.0,-470.0,4410.0,-29.29187184000019,-48.778734060000005,-100.97004043000013,357.2056161982646,890.6415464713531,-368.9833020010989,-974.521559598207
1788030652.5732973,603.0,458.0,5163.0,-29.556565920000192,-48.778734060000005,-101.11617362000013,356.4556161982646,860.6990497741886,-340.4029313320103,-959.4194921764744
1788030652.6380947,171.0,372.0,4463.0,-29.517526220000192,-48.55253382,-99.85788673000012,355.42221868897525,832.5317263415474,-361.60916329449543,-927.5103258740992
1788030652.7179573,-377.0,32.0,4937.0,-29.249834180000192,-48.71536579,-99.84137114000012,356.35845258292375,844.6836801658347,-363.37371019474057,-948.2650675491203
1788030652.782813,-537.0,546.0,4772.0,-29.393596820000194,-48.704827429999995,-99.63938684000011,355.6341295492329,833.1433122748673,-346.53100608311644,-984.3137313679437
1788030652.832817,331.0,60.0,3542.0,-29.767212020000194,-48.381027589999995,-100.02407212000011,355.39411080505766,843.9032658798183,-355.92973224916443,-968.38509844237
1788030652.8978531,-43.0,515.0,4005.0,-30.020949560000194,-48.72263088,-99.87535747000011,354.2321989135139,850.568282354935,-380.12318438474074,-924.689075428774
1788030652.9524872,-276.0,542.0,3753.0,-30.009925960000192,-48.68404828,-100.24464807000011,354.1387415396802,837.2078409983169,-340.18209165226006,-897.8304513050834
1788030653.0167756,-743.0,649.0,3936.0,-29.39017200000019,-49.22310939,-101.5155450400001,354.97211091182567,907.8821236485404,-372.48825194660475,-925.2149368515318
1788030653.0815737,705.0,-544.0,4680.0,-29.53725124000019,-49.21200907,-101.3518153200001,355.72211091182567,875.1981939167539,-341.435168007544,-950.1710297782158
1788030653.149574,469.0,-142.0,4361.0,-29.432090800000193,-49.17603313,-100.3417216200001,356.12372919737777,901.2887131335347,-361.8796062397035,-955.0875174080231
1788030653.220165,-664.0,155.0,3156.0,-28.889383810000194,-49.33151223,-100.19032891000009,355.7440923617752,807.4066304523302,-417.760656958214,-912.7977866283425
1788030653.2898173,895.0,-676.0,5680.0,-28.928252570000193,-49.13994477,-100.92328267000009,356.35589976271615,870.1894071925283,-404.5675959519076,-946.5614085030462
1788030653.3716607,-335.0,-925.0,4147.0,-28.590986200000195,-49.90461105,-100.0687144800001,355.60589976271615,828.3769240280005,-415.4787332011825,-919.4681225678178
1788030653.440032,-966.0,382.0,3281.0,-28.629880440000196,-50.09074777,-100.2909672800001,355.4729248833566,816.0912708181297,-432.6626383613753,-964.2906566266145
1788030653.4919317,213.0,269.0,4632.0,-28.669437300000197,-49.64666861,-101.0788091600001,355.912195744605,855.0535834607529,-345.8173559022231,-939.8736357229544
1788030653.5809715,-317.0,494.0,3546.0,-28.721505540000198,-49.45602669,-101.82027492000012,355.2905366251427,877.3725229979158,-394.25273510691784,-939.7513556850233
1788030653.6448412,-117.0,-14.0,3664.0,-28.871781680000197,-48.63638178,-102.20628355000011,355.89256698479755,915.9755127806744,-376.65047168484506,-917.4068828661802
1788030653.7118623,-524.0,109.0,3574.0,-29.194559800000196,-48.502818420000004,-102.24245696000011,356.4065735511342,868.1767651220084,-367.90463758832664,-895.6439116415298
1788030653.7856882,137.0,-494.0,4990.0,-29.0703244300002,-48.411646080000004,-102.10984952000011,356.4065735511342,860.7584967366336,-363.28299802359135,-946.4218103206457
1788030653.8378737,-131.0,232.0,4006.0,-28.912679530000197,-48.44760018,-102.37535672000011,356.34765021048725,876.4574411261916,-364.4609858933863,-922.6250995582867
1788030653.901409,-584.0,230.0,4225.0,-29.075586540000195,-48.07382965000001,-102.0735937900001,355.7505937443365,867.8266523240663,-397.7348129774557,-909.9592093817262
1788030653.992171,42.0,648.0,4296.0,-29.394402520000195,-47.72716788000001,-101.87395190000011,355.3085045547786,877.8474771809766,-387.1184490395111,-929.797582839639
1788030654.0611134,-312.0,273.0,3357.0,-29.321954200000196,-48.43119603000001,-101.52059729000011,355.01894918962074,866.2848600145453,-343.0858953845863,-995.326782948779
1788030654.1128945,-583.0,45.0,3673.0,-29.313657100000196,-48.35928783000001,-102.17606819000011,355.73866847301844,840.1286327091402,-369.2918174938404,-978.0967172627653
1788030654.195824,-704.0,-103.0,4130.0,-29.926612380000194,-47.67705663000001,-102.47651771000011,356.7228100014119,881.61191551854,-352.75998164581335,-950.4226159397623
1788030654.2469974,196.0,813.0,4707.0,-29.976270240000193,-48.13501245000001,-102.9620612300001,355.9728100014119,882.8228404032644,-366.50065761172493,-921.1340994305033
1788030654.3148139,-438.0,-181.0,4407.0,-30.073576540000193,-48.28179923000001,-102.8066067700001,355.9728100014119,907.7315612756302,-369.92856798246225,-971.8118396610826
1788030654.405529,162.0,597.0,5533.0,-30.520718410000196,-48.17071070000001,-102.6288573800001,356.4615064607962,895.6655456843048,-311.1844695216885,-962.5550337839669
1788030654.4724922,-717.0,129.0,3567.0,-29.982159340000194,-48.09018704,-102.2485152500001,356.220026734078,861.7968740501929,-384.1073683420332,-931.6711950970395
1788030654.5227923,-72.0,-265.0,3854.0,-30.045828400000193,-48.300571760000004,-102.7495630700001,356.970026734078,896.9154782765029,-389.111858712666,-924.4482301401364
1788030654.6082277,-388.0,-15.0,4085.0,-30.496615380000193,-47.89194648,-102.4670910200001,357.34269415637476,887.0638834224892,-341.18244471024747,-966.3618796989193
1788030654.6737137,204.0,766.0,4096.0,-30.977354380000193,-47.68355886,-101.75296894000009,355.84269415637476,868.9639521175537,-360.3716417522765,-923.1590293615878
1788030654.7427568,522.0,-562.0,4001.0,-31.340468040000193,-47.51170354,-101.9802614600001,356.59269415637476,872.1193848250151,-349.86441475221363,-937.1335607569041
1788030654.8318892,262.0,183.0,4370.0,-31.810992780000195,-47.385605680000005,-101.7197996500001,356.01811266096234,913.905426307768,-335.5134849235201,-996.2251381581788
1788030654.8951404,-578.0,241.0,4412.0,-31.986497550000195,-47.52489518,-101.4802217100001,356.6285348293628,867.9377338016606,-330.2520111709287,-937.0838839839181
1788030654.945239,-670.0,609.0,4152.0,-31.724659610000195,-47.82573026,-101.7532016900001,356.4109710449918,881.5535578826039,-374.8004130940194,-919.1590199882146
1788030655.0370128,219.0,109.0,4005.0,-31.259710930000196,-48.14993435,-101.9483520300001,355.70545995706306,928.6008086849291,-403.8038726638211,-980.8785106605839
1788030655.1017904,45.0,503.0,4051.0,-31.315416930000197,-48.19988411,-101.7940531300001,355.8337017640832,883.3932453539256,-348.50488490157744,-960.6086532026329
1788030655.1712663,-486.0,-111.0,3654.0,-31.757304250000196,-48.182504859999995,-101.83576865000009,355.8939904487765,881.3710795555324,-397.7209531575015,-902.4940353801715
1788030655.2327402,-321.0,661.0,4186.0,-31.884749750000196,-48.48266948,-101.96649652000009,355.64189499892535,923.3831131450922,-354.4199565549551,-961.868926384754
1788030655.300979,-340.0,-337.0,3520.0,-31.680875310000197,-48.523995379999995,-101.8618042400001,356.39189499892535,883.0728368394525,-365.4262532836147,-924.8115205256934
1788030655.3679209,-206.0,713.0,4178.0,-31.763008830000196,-48.2503441,-101.9645872000001,355.60456823644046,909.5092764478641,-379.79057309052695,-917.9304655910336
1788030655.4461327,-439.0,758.0,4135.0,-31.1861421200002,-48.43728449,-101.8455763500001,354.63463492890025,924.4954292158392,-379.8819910929328,-899.5843459775929
1788030655.5089316,314.0,220.0,3610.0,-31.9484361700002,-47.852027650000004,-102.17095616000009,354.98037116663977,891.5219725638067,-363.160236542841,-938.0906861010491
1788030655.5727203,-247.0,961.0,4671.0,-32.4173794700002,-47.647899390000006,-101.93648451000008,354.61542951020834,883.9722991944179,-319.8422261236397,-933.5081588090889
1788030655.6552298,254.0,335.0,3662.0,-31.946144510000195,-47.55909417000001,-101.64540925000009,355.0135376673695,895.5650772610928,-337.70874284849754,-898.3662023353439
1788030655.720444,-282.0,-212.0,3438.0,-31.119790170000194,-47.570263090000005,-102.39113402000008,356.0409557376335,863.6669864989669,-368.4790310794979,-941.9685341326382
1788030655.7887535,1415.0,25.0,5229.0,-31.391725470000193,-47.794887210000006,-102.62939274000009,355.30838804556873,892.0443192669634,-372.7125497727363,-914.283115769634
1788030655.8797913,-1093.0,735.0,4543.0,-31.860520510000192,-47.80322659000001,-102.29934435000008,356.14705046475956,878.274318149958,-339.72156573780364,-914.7374712419686
1788030655.9467604,-37.0,34.0,3924.0,-31.707821460000194,-48.53832004000001,-102.58225775000008,355.6146273004163,889.2638289361257,-389.35253410922644,-906.6656541328421
1788030656.0129335,-799.0,135.0,3798.0,-31.949186430000193,-48.17211112000001,-102.91794926000009,356.2540363141755,872.9264882989473,-378.4684106686034,-968.8786649130956
1788030656.0758739,611.0,183.0,4306.0,-32.19890408000019,-48.64874385000001,-103.63641617000009,356.42341889604285,913.6929961910868,-353.62260660269925,-945.809157451784
1788030656.1453032,-97.0,201.0,4019.0,-32.08480723000019,-48.45672720000001,-103.7310330700001,356.2838300737668,933.8135527289643,-404.6641670938057,-896.2185348953832
1788030656.21298,106.0,670.0,4148.0,-32.49573663000019,-48.131167350000005,-104.1080856200001,356.12907561891546,964.2127376294034,-406.1478005026748,-931.6933630492749
1788030656.2793949,-424.0,684.0,3979.0,-32.40961010000019,-48.350487640000004,-103.7196144600001,355.4086246827067,916.4764354576678,-367.10020565125336,-940.3581088319207
1788030656.3435783,-16.0,234.0,4203.0,-32.49079043000019,-48.69001543000001,-103.2749409300001,355.67574356330346,924.9348362105192,-393.23202843687267,-907.7042387113972
1788030656.4139023,-77.0,369.0,4118.0,-31.87791040000019,-48.44546455000001,-102.60548690000009,355.2524723561706,908.4715152729714,-398.0309283662685,-953.3230932844345
1788030656.4868057,-374.0,562.0,3968.0,-32.10503646000019,-48.25988594000001,-103.03204072000008,355.0697827174789,891.0156635986764,-367.0287890577126,-963.6003693498926
1788030656.5517592,366.0,-71.0,3679.0,-32.080157200000194,-47.43199503000001,-101.66423526000008,355.91910087112564,873.9508965943484,-340.0915451731657,-980.2549518598252
1788030656.615239,-148.0,40.0,2966.0,-31.763432680000196,-47.15225669000001,-101.53454024000008,356.51101641375453,823.7267394696563,-385.7921441714681,-894.8258169695146
1788030656.6937003,372.0,71.0,2872.0,-31.641406160000198,-47.52665624000001,-102.24451272000009,356.2165921459878,899.5415274940698,-347.19606440436047,-976.1347210677744
1788030656.7636387,-56.0,-762.0,4034.0,-30.3777698000002,-48.46045043000001,-101.01378252000008,357.7165921459878,854.1581539902071,-315.3293705811578,-988.5169038465659
1788030656.830932,-457.0,-309.0,3871.0,-30.6443406500002,-47.92116406000001,-100.90242967000007,358.8635045271043,866.7583232208972,-372.0990242747108,-890.9588285069811
1788030656.9217255,-139.0,681.0,3868.0,-31.190789980000197,-48.048864500000015,-100.65590346000008,357.3635045271043,870.3518644858959,-360.9987917931706,-960.6782829064341
1788030656.989056,-456.0,192.0,3634.0,-31.113196660000195,-47.96006600000001,-101.11601136000007,357.5767440592204,818.7190366941069,-342.7349762497472,-961.6246123580075
1788030657.0525117,320.0,-159.0,5737.0,-30.641629200000196,-48.11561636000001,-102.15346162000007,357.3214626485435,804.4558703808293,-364.726510263752,-944.1834889020113
1788030657.119704,652.0,-368.0,4059.0,-30.647180760000197,-48.04899764000001,-102.31445686000008,357.5562505566911,879.9446710630665,-387.4605431429099,-896.1169576711694
1788030657.1893358,-114.0,329.0,4461.0,-30.726715600000198,-47.71084276000001,-101.91254150000007,356.4102623627846,887.332866532447,-383.6464895119485,-958.6729034548823
1788030657.2543423,-324.0,640.0,4163.0,-30.8347329500002,-47.81343483000001,-102.29284800000008,355.4531856513434,851.8376694309126,-356.33470124526133,-924.9822786395846
1788030657.3206668,219.0,-22.0,4073.0,-30.781970520000197,-47.541291770000015,-102.24841648000007,355.9169187670095,859.3958321682405,-336.6638700795138,-922.8474193486076
1788030657.3865738,-936.0,118.0,4139.0,-30.082837400000194,-47.293885730000014,-101.73128777000008,356.1989204677284,843.4433150748499,-399.37506909589445,-966.1264766613008
1788030657.4532297,-160.0,588.0,4395.0,-30.138411730000193,-47.19665832000001,-102.30007053000007,355.51464893430636,864.9985053959242,-360.8549701566703,-977.7350830451794
1788030657.543565,110.0,-263.0,4814.0,-30.518849200000194,-47.31607587000001,-103.17736044000007,356.5354141360789,855.1994802395095,-366.271324284644,-960.6977783663042
1788030657.6082597,328.0,334.0,3364.0,-30.890820940000193,-46.54216448000002,-103.48036713000006,355.6257687995243,863.5207760542596,-394.4912456686319,-926.1900201837228
1788030657.6748977,-684.0,1551.0,5135.0,-30.782573710000193,-46.66706513000002,-103.42763130000006,354.8757687995243,878.3767011489791,-366.2050608305953,-951.9432848900537
1788030657.7453685,757.0,-638.0,3948.0,-30.558314710000193,-46.237529590000015,-102.98761032000006,355.81497988405283,875.7988147342336,-365.0840415416731,-961.8570418344822
1788030657.8113015,-195.0,-41.0,4749.0,-30.214777670000192,-46.14056349000001,-102.00409702000006,356.55508439702675,850.5524537275423,-335.724863325604,-919.6232100483891
1788030657.8794024,70.0,176.0,2738.0,-30.087208480000193,-46.33735169000001,-103.31190296000007,356.15770467568166,881.6320411075607,-357.9195180838833,-951.2888499129396
1788030657.9463909,504.0,157.0,4755.0,-29.757258650000193,-46.628463140000015,-103.31200145000007,354.89169306351175,924.7075456665698,-408.2390523853085,-955.0459553784217
1788030658.012434,-5.0,-86.0,3690.0,-29.74876814000019,-46.67569655000002,-102.51380909000007,355.84497005142134,881.9641903984322,-393.6578000676798,-992.9877269145155
1788030658.0773718,-477.0,338.0,4341.0,-29.94829166000019,-46.52882507000002,-102.57477461000006,355.66627646282876,833.4235245778738,-387.1012479992828,-960.2026107472703
1788030658.1680062,738.0,-239.0,4832.0,-29.488794300000194,-46.91658867000002,-103.06771041000006,355.06338319530903,886.48695326844,-391.87541659341605,-963.1156038289694
1788030658.2352989,-877.0,219.0,2876.0,-29.377698070000193,-46.642106210000016,-102.02428817000005,354.9560828511176,797.4068609890579,-426.1350999568572,-909.4220309189673
1788030658.3042536,-208.0,-180.0,4190.0,-29.169688450000194,-46.744596150000014,-102.00443659000004,354.84498692927036,824.4976796165415,-395.81573790502114,-924.0025742351002
1788030658.372634,-646.0,644.0,3813.0,-29.150272550000196,-46.41448525000001,-101.82105339000003,354.911605839148,834.0225994520698,-379.0868533165998,-935.6502265583815
1788030658.438068,-505.0,31.0,4389.0,-29.280609190000195,-46.25364429000001,-102.02071803000003,355.6337767305841,828.1354169597518,-353.5642959443439,-909.0733148896907
1788030658.5012772,580.0,90.0,4888.0,-29.940866550000194,-46.506061210000006,-101.84025908000002,355.6337767305841,839.7768694125975,-382.9474523233425,-957.8554949892849
1788030658.589993,128.0,592.0,4003.0,-29.949224970000195,-46.600434930000006,-101.35202476000002,355.16818348324045,854.7589343295784,-391.30019963244536,-940.3452543200956
1788030658.6548052,-651.0,460.0,4208.0,-30.076860870000193,-47.133173570000004,-100.65002031000003,354.54875064478205,834.0090374619443,-389.9277984112736,-985.7828936614682
1788030658.7067864,-405.0,272.0,3449.0,-30.165649990000194,-47.307977150000006,-101.05234601000004,354.68285325779664,829.0299000546129,-372.340736174202,-990.236627320421
1788030658.7942016,-475.0,315.0,3780.0,-30.696211000000194,-47.45520346000001,-101.37458737000004,354.2107243368171,812.1236620145498,-362.4179729547735,-961.9863015952562
1788030658.858638,-698.0,498.0,4780.0,-31.204557720000192,-47.27184847,-101.74407824000004,354.5561060813465,825.0270081398609,-359.4136220389204,-944.4664000540367
1788030658.908837,75.0,233.0,4550.0,-31.129681590000192,-47.31621951,-102.00753129000003,354.3108342978578,883.7894026460789,-404.7176768158616,-923.570679126958
1788030659.0052607,-257.0,-266.0,3482.0,-31.018949360000192,-47.762440950000006,-102.37884706000003,355.2480211251932,901.4071338705821,-401.78396707726193,-993.9954439735369
1788030659.073237,-505.0,79.0,4071.0,-30.683604280000193,-48.04513896,-102.20143479000002,355.2774623574347,870.3357221925526,-363.0666537055887,-960.6580462204836
1788030659.1364124,-68.0,422.0,4492.0,-30.523154410000192,-48.270331760000005,-101.79608775000003,354.5531044564915,829.3398166410883,-400.00217108327644,-916.0130762826115
1788030659.19845,-349.0,163.0,4273.0,-30.672725230000193,-47.960029320000004,-101.43582505000003,354.2647114340615,811.2535902771027,-441.5593760792115,-908.2228615891588
1788030659.264332,42.0,210.0,3696.0,-30.708722100000195,-48.14278266,-101.59088849000004,354.62630526954416,1095.334309082438,-429.9551796754936,-941.5192398898993
1788030659.3359761,-540.0,335.0,3738.0,-30.800217420000195,-48.75902430000001,-102.33513010000004,353.616912641887,863.9163556032536,-460.3369926944974,-955.7372126166968
1788030659.4248931,722.0,340.0,6410.0,-30.029552980000194,-49.283160990000006,-103.93525646000005,353.0066663728929,904.9668995721853,-430.9668733780892,-969.2602434046753
1788030659.4967737,317.0,-314.0,3642.0,-29.827253190000192,-49.54642784000001,-103.54174180000005,353.6742684945428,898.0414992881996,-436.9419012045498,-897.576285376854
1788030659.5652244,-669.0,-272.0,3408.0,-30.348586590000195,-49.42172144000001,-102.25263664000006,354.4242684945428,817.5624915274738,-450.83656449101335,-906.6610330605486
1788030659.633642,-392.0,449.0,4166.0,-30.730895090000196,-49.82356778000001,-102.77638798000005,353.44525315829475,873.9719573658191,-488.9597182397359,-882.0478751373238
1788030659.6993408,633.0,-144.0,4785.0,-31.069736670000196,-50.05686854000001,-102.89859314000005,353.0195561522966,869.0139799074424,-453.64200740617775,-901.2823503133361
1788030659.7629044,-50.0,-709.0,3413.0,-31.349949610000195,-49.18017440000001,-101.84710963000005,353.1187368350035,875.2676484261193,-445.8737503997029,-1142.8305917729708
1788030659.8475354,2.0,776.0,3931.0,-31.535888510000195,-48.96648442000001,-102.82981989000005,352.767606835463,831.8144286477026,-430.7388333625431,-940.5243008931811
1788030659.8999379,336.0,-318.0,5099.0,-31.488453920000193,-49.32642925000001,-103.20092580000005,353.3391630853916,867.8193018713781,-422.34474187066326,-928.9092272770675
1788030659.9676712,-1310.0,-51.0,3397.0,-31.242431220000192,-49.193742850000014,-102.78904510000005,354.0891630853916,901.0770037108367,-403.56472585588114,-923.631672939945
1788030660.0504935,-367.0,75.0,3842.0,-30.59288386000019,-49.83614265000002,-102.55756476000006,354.70632310878943,891.7928702495736,-458.63204976414255,-903.4186920564742
1788030660.1140797,-143.0,-384.0,4177.0,-30.257437980000187,-49.57832061000002,-102.03083156000007,355.3010523714758,885.3001922349883,-458.3323585904057,-935.9405662473738
1788030660.165688,-523.0,206.0,4602.0,-30.932941200000187,-49.06992167000002,-100.72073466000008,354.46728381549,821.7641086179574,-423.2865489932098,-967.4346053894485
1788030660.2319055,-654.0,-763.0,1185.0,-30.86364820000019,-49.41361495000002,-100.72904982000007,355.21728381549,804.3552974023004,-406.73951124774595,-881.6765336848665
1788030660.296631,-181.0,-141.0,4156.0,-30.553215560000186,-49.480136230000014,-102.13431186000007,355.23953522891185,855.3020227604225,-445.07677489459394,-938.0459304316527
1788030660.363545,-1037.0,616.0,3125.0,-30.484384210000186,-50.25631667000001,-103.81965146000006,354.627534464692,880.8128719980444,-455.1191463105077,-949.4208999852093
1788030660.4322047,-939.0,251.0,3734.0,-29.888590410000187,-51.22900545000001,-103.23226550000005,355.08019556914525,889.4605787540712,-511.164138425362,-922.8913777347784
1788030660.4911737,434.0,-363.0,4044.0,-29.647536030000186,-51.41187429000001,-103.28213882000006,354.6839543588618,887.7325888990101,-509.0415904054604,-929.2084315923465
1788030660.5635164,-73.0,233.0,3826.0,-30.462967780000184,-50.948698990000004,-103.26272327000005,354.0508122813685,854.8262433280614,-444.12379068218723,-930.7214432701985
1788030660.6202655,1362.0,-451.0,4941.0,-30.997977290000186,-50.99582418000001,-102.66950029000006,353.3008122813685,864.2944560262544,-465.609878101599,-945.662019655609
1788030660.6843095,-415.0,263.0,3793.0,-31.180837730000185,-50.53575422,-101.81037657000006,352.9593670543964,833.1775664039378,-463.2137338522242,-899.1954015880485
1788030660.7481058,-67.0,532.0,5390.0,-31.327963520000186,-51.16549648,-103.24446328000005,352.60978137229864,881.154599983364,-472.78908484914245,-940.1411125964719
1788030660.8165684,1025.0,-855.0,4819.0,-31.444449260000187,-51.01850257,-102.64262029000005,353.35978137229864,909.7222731144698,-484.0455878370595,-932.4945496474425
1788030660.89773,-937.0,101.0,4384.0,-31.364027940000188,-51.541153720000004,-102.15757293000004,354.24599081667753,858.8574365338226,-445.68778264214467,-975.686146621257
1788030660.9488523,-266.0,-503.0,3988.0,-31.28637274000019,-51.335922120000006,-102.13538573000004,354.64234286665993,866.6185222310262,-512.8998588853017,-871.3671827460274
1788030661.0165067,-89.0,-473.0,4413.0,-31.278049600000188,-50.73110728,-101.96614855000004,354.8178593235616,825.537866950593,-485.1366043002485,-883.9508174424342
1788030661.0847147,-946.0,393.0,3872.0,-31.283617820000188,-50.16510786,-101.11991491000003,353.9285680653426,826.6990665181448,-491.13782317799706,-902.226621145656
1788030661.1492171,-81.0,-55.0,3954.0,-31.35770561000019,-50.13028041,-101.45538032000003,353.75040221235867,857.103478184829,-445.9812145884279,-949.0982016677004
1788030661.223476,-319.0,-245.0,3905.0,-31.42982675000019,-50.62958061,-102.38185958000003,354.11495763357027,850.3700687625532,-475.1537672691943,-932.009619067531
1788030661.288732,7.0,-123.0,4099.0,-31.413202310000187,-50.130320729999994,-102.59540186000002,353.4942355921709,878.5416395680804,-498.00816151717055,-903.2252448429181
1788030661.3413298,-113.0,413.0,4119.0,-31.029846470000187,-50.81100912999999,-102.88386458000002,352.0713089294948,907.6882619843612,-496.09073338433484,-870.1600637318227
1788030661.4076273,274.0,-389.0,4308.0,-31.249365350000186,-50.97773232999999,-102.43371194000002,351.3213089294948,837.1200757362255,-743.769424216461,-858.4305023225252
1788030661.4734056,342.0,559.0,4789.0,-30.695432600000185,-50.905498489999985,-101.38645552000003,350.26449958337747,831.2001962513552,-501.23031575461613,-922.4770468202213
1788030661.5360696,-863.0,223.0,4351.0,-30.623322800000185,-50.46214536999998,-101.72729798000002,350.29599201909986,813.088155537496,-446.4153622280229,-936.5938662039465
1788030661.6051748,60.0,-346.0,4746.0,-30.559624760000187,-50.71970700999998,-101.96270378000001,350.8079213132549,790.1143803644866,-455.9208948050514,-834.7548739385536
1788030661.6809561,-431.0,327.0,4106.0,-30.701077470000186,-50.774868689999984,-101.52771846,351.5710620155088,803.455791273995,-252.51576369608455,-900.4224108940663
1788030661.747447,-740.0,-180.0,4242.0,-30.820246380000185,-50.619671969999985,-102.04042191,352.99380045825785,816.6261451514779,-454.26419153115313,-876.4359116482306
1788030661.8126926,719.0,-110.0,5097.0,-30.728786550000184,-50.48109646999998,-102.19562647000001,352.24380045825785,902.7281112507997,-522.0421202770744,-863.2474000515485
1788030661.8628774,-381.0,49.0,3799.0,-30.925737570000184,-50.711300849999986,-101.70229811,352.85524058073037,846.5568349124342,-494.37132019735765,-974.5452899552487
1788030661.9504166,-739.0,-305.0,3621.0,-31.441409650000182,-50.234486189999984,-102.4590931,354.147595784744,845.3376959302138,-448.45562213907544,-918.2783853745668
1788030662.0144436,-608.0,-132.0,3461.0,-31.91058360000018,-49.73527278999998,-101.34855955,353.7561167340057,809.3549674266854,-499.52829083144087,-902.094798931842
1788030662.079121,-1518.0,431.0,3398.0,-31.96608520000018,-49.807424869999984,-102.02290399,354.0601703114517,808.0169729150823,-456.5501400957612,-959.0504370412609
1788030662.1485598,1.0,-358.0,3727.0,-32.01232027000018,-50.21800867999999,-102.72685766,353.7843390859035,860.2461907225324,-473.51520543143096,-885.0806958432396
1788030662.2159884,906.0,-436.0,4588.0,-32.90003003000018,-50.04045815999999,-103.7033403,354.5654447096543,901.64839343269,-445.97817894270565,-920.5268251361765
1788030662.2800128,-140.0,521.0,4220.0,-33.13025128000018,-49.568920659999996,-103.23735029999999,353.8154447096543,875.9520123769364,-444.22749186241475,-907.2372574627103
1788030662.3650675,-753.0,345.0,3750.0,-33.353657190000185,-49.922352829999994,-103.53246876,353.9406480115963,906.9250243516224,-463.68870849178427,-904.2148388549051
1788030662.4322689,226.0,-732.0,3890.0,-33.44532072000018,-49.85285893,-103.88778449,355.0277290606582,918.6861575831514,-498.22158782799374,-857.052736271237
1788030662.5047393,267.0,513.0,5004.0,-33.578480880000185,-49.95305937999999,-103.53250782,353.92380321914743,950.6943338584445,-471.5563635307874,-913.8877505106959
1788030662.5709436,-277.0,298.0,3821.0,-33.67568708000019,-50.25300993999999,-103.42696966000001,353.5386348916876,955.4767102545957,-499.3289129890166,-923.9415631084701
1788030662.6362138,-414.0,-418.0,4135.0,-33.183875340000185,-50.91425345999999,-102.63223026000001,353.98596885462075,887.4456038864745,-483.4483222709202,-905.6844035997121
1788030662.7029543,-513.0,-384.0,3767.0,-33.31140883000018,-50.76711485999999,-101.96394929000002,355.0238028715762,847.0546161141181,-504.79392856167016,-868.5258143108987
1788030662.7886765,-221.0,183.0,4166.0,-34.37892703000018,-49.84650012999999,-102.63479226000003,353.5238028715762,894.2394450423874,-537.5650620787069,-867.195902768155
1788030662.8390367,-540.0,631.0,3419.0,-34.92473523000018,-49.91299452999999,-103.53800786000002,352.7738028715762,900.688818387871,-512.9168246484445,-847.6919471190345
1788030662.8916879,450.0,-679.0,4613.0,-35.39295039000018,-50.12351637999999,-102.79816295000002,352.7738028715762,921.7901099195224,-479.28909083732566,-885.716944096835
1788030662.9545865,-89.0,-208.0,3302.0,-35.31536575000018,-50.262060379999994,-102.21350727000002,353.17608283357265,893.5466194879335,-489.31607313222923,-933.370389472987
1788030663.0116494,376.0,-281.0,4534.0,-34.89816925000018,-50.490127799999996,-101.51539846000003,352.73999164993864,858.7460029947706,-510.93908671446184,-866.379921735056
1788030663.0769637,1791.0,-1665.0,4947.0,-35.09697793000018,-49.904820699999995,-101.31067814000004,354.2005188354241,813.244511226576,-524.698940619439,-865.5418191125627
1788030663.142086,-489.0,-430.0,4037.0,-35.04851378000018,-49.64462474999999,-99.29372257000004,353.7344651348028,768.2191125566931,-492.9455957652679,-866.9825749570894
1788030663.2139106,-803.0,-376.0,3581.0,-34.890691360000176,-49.52262902999999,-99.32973491000004,354.1032209691813,722.5542832792559,-474.37630037482506,-892.9251232756283
1788030663.2782595,-1159.0,-19.0,3888.0,-34.82972892000018,-49.83852530999999,-99.99755073000004,354.16399498641476,768.3217046663481,-488.45163554368963,-900.8246361422183
1788030663.348269,-455.0,401.0,3706.0,-33.76685564000018,-49.68017081999999,-102.07864240000005,353.41777794708884,767.208002174209,-483.6482883060583,-867.0131587214878
1788030663.4221232,769.0,166.0,4774.0,-32.91610805000018,-49.28094338999999,-102.20806113000005,351.91777794708884,793.6768309246243,-478.3881566309495,-858.490700927251
1788030663.4871314,-311.0,-420.0,4272.0,-32.40330380000018,-50.65851699999999,-100.19286466000005,351.0533949259292,731.33500712239,-536.5945231980078,-869.0853680315066
1788030663.555204,-1822.0,99.0,3574.0,-32.40053215000018,-50.81372939999999,-99.99884916000005,351.36816154451543,698.5815951169355,-513.9869459355027,-877.5181331518014
1788030663.6309705,-687.0,-908.0,3623.0,-32.50302111000018,-50.38594008,-100.38507178000005,352.86816154451543,708.4847199307815,-487.0422190969981,-877.4087162825169
1788030663.6817036,-545.0,38.0,3876.0,-32.53102237000018,-49.60455255,-100.81931489000004,353.0463341407888,758.1285413489063,-475.1742385197948,-892.160411507002
1788030663.7477016,-822.0,1130.0,4806.0,-33.04144662000018,-49.7231917,-100.41925264000004,352.2963341407888,800.3444277029589,-511.3546919487815,-864.9475817026923
1788030663.8442545,-620.0,428.0,3392.0,-33.58954536000018,-49.74284455,-100.92624325000004,352.2963341407888,797.9751476311089,-537.2191081473509,-864.5736604835521
1788030663.9089577,126.0,-769.0,5067.0,-33.49536015000018,-49.83150382,-101.92630798000005,352.8460786936084,855.7658027170093,-507.64697488706514,-886.3385166116462
1788030663.9764524,76.0,-573.0,4408.0,-34.15482259000018,-48.59855497,-103.88812252000005,354.3460786936084,857.6137704456365,-449.34006042404434,-924.4345157060836
1788030664.0489142,746.0,1147.0,4869.0,-34.68643059000018,-48.584506600000005,-104.01021512000005,353.20491735792103,912.5100093426788,-458.28440226454677,-922.8438696203714
1788030664.1003425,81.0,-48.0,3937.0,-34.99672995000018,-48.966839740000005,-103.30927103000005,353.24428811477134,876.2270475024397,-448.13856494549105,-928.2232935936645
1788030664.170228,-648.0,-431.0,3872.0,-34.965081270000184,-49.27312572,-101.98825077000005,354.27430971811793,832.7225286992641,-506.4850116720707,-913.3791608695662
1788030664.2588503,-690.0,444.0,4919.0,-35.04043753000018,-48.60600241,-100.58367942000004,353.53255213930873,808.4181478628469,-497.10014532597694,-936.7729677966948
1788030664.3260713,-209.0,695.0,3695.0,-34.186048260000184,-49.10416686000001,-102.41204176000004,352.97836652659873,840.1197912797431,-430.04916134457926,-902.6325535616932
1788030664.3958344,509.0,-303.0,4272.0,-33.69486204000018,-48.610021880000005,-102.05428912000004,352.99702143455517,782.8768352522654,-427.69290227439177,-869.323113443514
1788030664.4602509,-252.0,469.0,3670.0,-32.98204427000018,-48.97059118000001,-102.11253493000004,352.24702143455517,743.7898903351572,-460.86484009745175,-886.0148569894058
1788030664.5244806,182.0,134.0,4456.0,-31.54718910000018,-48.99841408000001,-102.85365265000003,351.7601562291522,732.8385620071629,-467.3333146712814,-867.9901269571224
1788030664.5932965,-557.0,-315.0,4015.0,-30.63983916000018,-49.631024240000016,-102.07119013000003,351.8992660146976,729.8430446853586,-474.19633503611635,-905.2067451546005
1788030664.6808314,-916.0,119.0,4079.0,-30.758813260000178,-49.22548841000002,-102.51800965000004,351.76203633937183,747.3807467416211,-456.48025209084074,-907.2632838312995
1788030664.748534,-53.0,-422.0,4146.0,-30.886555560000176,-49.27529866000002,-102.38467190000004,352.024431016673,743.3786800761695,-451.6404082353727,-878.7713165717539
1788030664.8003263,442.0,-303.0,4415.0,-31.447475220000175,-48.99483883000002,-101.64048146000005,351.274431016673,743.5718648197052,-504.2697035722806,-887.4235379605511
1788030664.8869758,-200.0,351.0,4922.0,-31.986387300000178,-48.456016910000024,-100.61012976000004,350.22345216276824,734.5712558518848,-500.2592589786696,-881.4792066250975
1788030664.958439,224.0,50.0,3811.0,-32.00576533000018,-48.58889483000002,-100.83989783000004,349.47345216276824,702.4459407056191,-481.85016279515594,-883.5141998794945
1788030665.00855,-572.0,122.0,4214.0,-30.06731343000018,-48.86027286000002,-101.93097922000004,349.53056580218475,695.7454815974385,-462.65230641374137,-943.6020122408012
1788030665.1020021,-17.0,-44.0,3290.0,-28.74627315000018,-49.311640840000024,-102.83387345000004,349.7422753474062,727.6512252849685,-492.80299785527177,-906.7373037123946
1788030665.1559286,-416.0,-184.0,4512.0,-27.76422915000018,-49.09533475000002,-104.66042195000004,350.05655210393803,774.7637275591435,-488.4133270066349,-900.2706983884391
1788030665.2216184,161.0,259.0,4588.0,-28.45973767000018,-48.02282086000002,-105.12885208000003,349.602538818536,805.3970802683777,-444.42423502825716,-934.357082257136
1788030665.3019643,-464.0,898.0,3675.0,-29.483004810000182,-48.03650026000002,-103.31808354000003,348.8826718642868,823.1049970987289,-428.57159993959027,-955.5862423746324
1788030665.3691742,-699.0,-611.0,4202.0,-29.660735370000182,-47.63105242000002,-102.59049906000003,349.6326718642868,799.4766833847558,-430.4388588582087,-892.1433134411836
1788030665.433842,-438.0,90.0,3815.0,-30.128935760000182,-47.359592280000015,-102.71238082000004,350.83359686881874,820.4571717935406,-449.1533172501988,-868.4769974601403
1788030665.5026708,-250.0,652.0,4750.0,-30.07621960000018,-47.539887080000014,-103.19207409000003,350.91847272859457,845.8287924066179,-439.2534741592505,-908.3448492151331
1788030665.568605,-352.0,690.0,4949.0,-30.17324940000018,-47.62305548000001,-102.89821241000003,350.68128161272153,864.4734242454907,-441.31771223323244,-896.5777166992548
1788030665.6402812,-403.0,224.0,3659.0,-30.46162476000018,-47.65355672000002,-102.21609377000001,350.75775099049076,835.5799563117749,-441.3008641086325,-916.8880561859283
1788030665.7023098,598.0,-236.0,3853.0,-31.32723076000018,-47.59792107000002,-102.58788127000003,351.8738768150573,817.7708999529705,-376.80236375558144,-869.0038375012729
1788030665.7524526,598.0,-236.0,3853.0,-31.32723076000018,-47.59792107000002,-102.58788127000003,351.8738768150573,817.7708999529705,-376.80236375558144,-869.0038375012729
1788030665.8166773,-746.0,814.0,4377.0,-32.43954952000018,-47.359413920000016,-101.88336844000003,351.8738768150573,550.3881153175181,-456.8747964569748,-899.9331042534948
1788030665.880103,-1081.0,260.0,3543.0,-32.29805845000018,-47.23453007000001,-101.74197817000002,352.41584813374703,838.1568083665863,-465.31206843211095,-893.0597916976177
1788030665.9325798,-493.0,129.0,4381.0,-32.26754643000017,-47.45643567000001,-101.80022839000003,352.7862563736863,825.1521136021883,-418.9427392206162,-887.2883871346343
1788030665.98265,84.0,29.0,5405.0,-31.476199930000174,-48.31454775000001,-101.46978681000003,352.1651391906431,773.767213526719,-445.38488941819514,-864.0831225936331
1788030666.0370467,-2.0,-141.0,4369.0,-30.998380490000173,-48.59234975000001,-101.46145275000003,352.19127497359426,731.7747773717629,-420.1789667388645,-928.6535411906572
1788030666.1215138,-7.0,-304.0,3828.0,-30.702870030000174,-48.25531382000001,-102.77169805000003,352.24546652697035,755.5257208001624,-453.5790141625013,-883.083677184188
1788030666.1717358,-259.0,95.0,4632.0,-30.534382830000173,-48.21880826000001,-103.19572417000002,352.2400293339506,750.9804611485499,-410.4513227020695,-858.5729100445635
1788030666.2414463,-85.0,421.0,3535.0,-31.028820830000175,-48.37711186000001,-103.29571469000001,350.7400293339506,781.2049252026385,-480.28774818976655,-882.4385006278214
1788030666.2918959,298.0,-296.0,3863.0,-31.769636360000174,-48.069132370000005,-102.97386225000001,351.34587998058186,874.3755312704703,-456.3761728978627,-737.1508279563858
1788030666.3469875,1075.0,-978.0,4228.0,-31.983116550000172,-47.86952653,-103.08206314000002,352.84587998058186,807.7002452235705,-395.16799826254805,-898.411660487319
1788030666.4030945,-34.0,587.0,4682.0,-31.81133501000017,-48.116116160000004,-102.59996656000001,352.1636611235778,800.7300327227067,-393.22950997396237,-890.7344037345656
1788030666.4711714,-213.0,39.0,3713.0,-31.86388457000017,-48.38756636,-102.63596987000001,352.10591129996317,787.3561888978546,-416.45131785331387,-854.1507851312251
1788030666.5379236,-472.0,-79.0,4296.0,-31.79784237000017,-48.33484208,-102.76343539000001,353.1419075857881,779.5472044750383,-429.109283067358,-835.3299633201738
1788030666.6013553,-623.0,-197.0,4184.0,-31.94471014000017,-48.09375725,-103.13753254000001,352.8929875317605,549.0633307345827,-400.8242028924115,-824.5745249758177
1788030666.6662612,-37.0,-222.0,3629.0,-32.72329158000017,-47.755744050000004,-103.30931954,354.3007217301408,821.9574640766197,-396.240708309983,-885.4958953368458
1788030666.7566485,47.0,153.0,4199.0,-33.13607913000017,-48.165857460000005,-102.44751370000002,353.6883905692269,800.9456758523401,-442.071199539801,-866.54233637009
1788030666.8214884,-777.0,-312.0,3782.0,-33.657364020000166,-47.77767834,-102.58618384000002,354.18988642945897,784.7812514188524,-445.447881949436,-850.996031818998
1788030666.8946745,821.0,818.0,6743.0,-32.91004955000016,-47.527663260000004,-103.63628275000002,353.93623792398193,854.9593265749784,-386.1106130275658,-844.5021550665859
1788030666.9605868,-373.0,-577.0,3696.0,-33.06267510000016,-47.397237790000005,-102.51240370000002,354.68623792398193,831.0434885008175,-420.71523962899016,-911.3475436275955
1788030667.0134668,-723.0,187.0,2996.0,-33.46490511000017,-47.915970200000004,-102.89789223000001,354.72713777512536,822.5890710436433,-401.8108151938588,-944.8474110353457
1788030667.0839067,4.0,352.0,4111.0,-33.661886090000166,-48.362645380000004,-103.62477979,354.02587210832036,869.233655921495,-426.411684490976,-934.4301893558676
1788030667.171291,2513.0,-139.0,4570.0,-34.773799130000164,-47.65906222000001,-102.80739770000001,354.77587210832036,791.1767070408521,-436.8102443948927,-881.5741515580879
1788030667.2371018,395.0,273.0,4228.0,-34.779315830000165,-48.04798957000001,-102.04885145000002,354.02587210832036,766.9450710797969,-402.6312717857326,-903.3771473405159
1788030667.2979755,-599.0,-14.0,3390.0,-34.52566537000017,-48.00400661000002,-101.11258241000002,353.5885011833126,712.8919560329101,-407.66237499587675,-853.7359417260601
1788030667.3736973,-765.0,-255.0,4532.0,-33.99990860000017,-47.55893275000002,-101.76614588000002,355.0885011833126,689.8103950016748,-365.8896964928149,-908.5550093568681
1788030667.425429,-770.0,570.0,4165.0,-33.499890200000166,-47.67560371000002,-101.93837444000002,354.4287158656859,734.6386805989193,-405.59703083393345,-839.440249485059
1788030667.4901247,-148.0,159.0,3620.0,-33.347372450000165,-47.498128510000015,-102.24618299000002,353.9109970518266,724.4714857754102,-389.90365384385365,-863.6810236609675
1788030667.5425508,167.0,-987.0,4295.0,-33.24768923000017,-46.88056954000001,-103.65285455000003,354.781542263915,741.3477720258633,-395.01499867897905,-858.1803532877809
1788030667.5992692,1372.0,256.0,5735.0,-34.22061209000017,-46.47033426000001,-103.22321625000004,354.031542263915,856.1180887901364,-416.5477017716385,-898.1703577277361
1788030667.6664689,-800.0,936.0,4746.0,-34.67203530000017,-46.151847630000006,-102.62501158000003,354.0575599104914,806.4690901945085,-391.75651351575175,-928.5158192548788
1788030667.71714,28.0,382.0,4270.0,-34.87151850000017,-46.512025630000004,-102.86328318000004,353.53144321666764,802.7712897501866,-372.06316319066445,-935.8007479863222
1788030667.799146,-131.0,-518.0,4561.0,-33.30621560000017,-47.67563178,-102.38121845000005,353.53144321666764,763.9165484773225,-390.0540180384053,-921.5931559277764
1788030667.8630877,-1269.0,-26.0,3330.0,-32.25568528000017,-48.570960480000004,-103.08526067000005,354.41366340310964,773.2416042218683,-452.18117577481036,-906.0048318761378
1788030667.927264,-643.0,-366.0,4474.0,-32.48283780000017,-48.04424884000001,-103.51524309000006,355.06517411738963,779.3708165590197,-462.1745321179802,-934.5671700655654
1788030668.0154173,-601.0,3693.0,6820.0,-34.720317520000165,-46.60279470000001,-104.36894363000006,355.06517411738963,926.526755487413,-374.55249002058673,-913.4478043356534
1788030668.081005,-150.0,580.0,3842.0,-36.404005120000164,-45.41284412000001,-102.24420689000006,355.1672468507023,839.5804220673679,-346.66675657294513,-967.3174125515776
1788030668.1545124,-1197.0,581.0,2559.0,-36.54705145000016,-45.33711371000001,-103.60735427000006,355.66319332189454,809.0417994317507,-356.2183639715838,-963.6992190620781
1788030668.2365181,-143.0,-1022.0,5265.0,-37.656828650000165,-45.570211190000016,-105.28045199000006,356.9950825750289,944.2089129344655,-330.13837958373495,-898.4082131790691
1788030668.2922347,-1558.0,655.0,3968.0,-37.90398080000017,-44.87924504000002,-106.06320949000006,358.2287419038762,965.3634948576995,-373.43241184000675,-896.4423921575279
1788030668.35693,-250.0,89.0,4723.0,-38.25968384000017,-44.58467846000002,-106.93301458000006,358.3580111024848,995.6867768363993,-400.5700234412678,-949.940294175732
1788030668.425435,-909.0,-228.0,3549.0,-37.71326195000017,-45.27563327000002,-107.00786957000007,358.4209964808577,993.4378432706411,-387.3494773597029,-930.7580118629045
1788030668.4931097,1367.0,-447.0,3937.0,-38.574233530000164,-45.031487830000025,-106.16999827000006,357.74521730888796,991.7491747890042,-402.9474595933124,-923.2111498914667
1788030668.5444043,-99.0,-319.0,4061.0,-38.32135090000016,-44.72858446000002,-105.12789952000007,358.49521730888796,947.8989942935734,-353.09715859924114,-973.2947163886598
1788030668.6357546,-1274.0,1141.0,3484.0,-39.26018656000016,-43.409282560000015,-103.13647358000007,357.3429741864311,887.381293412477,-377.4429037746943,-958.7336135127341
1788030668.701008,321.0,1078.0,3230.0,-38.367918120000155,-44.107579600000015,-104.67438968000008,356.5929741864311,883.0548349368747,-382.2970299507755,-893.5985162890221
1788030668.7643006,370.0,48.0,5331.0,-37.03819000000016,-45.007960060000016,-104.83790814000007,356.1453146934999,964.7831425800646,-388.1520277925274,-971.1679168214046
1788030668.8470325,-79.0,305.0,4829.0,-36.71691940000016,-46.21302616000002,-106.16772222000007,356.82898454608664,979.6877586320227,-390.4954850772101,-935.4423537713725
1788030668.9131546,827.0,-595.0,4659.0,-37.205062440000155,-46.06048146000002,-106.70856252000007,357.3578858194473,954.0740036187951,-431.4132568544294,-895.2709517271212
1788030668.9694743,-302.0,300.0,3804.0,-37.47698290000016,-46.10500524000002,-106.66426736000007,357.2559907662997,963.9920272554166,-456.2683084524329,-884.6310164628612
1788030669.0198925,189.0,292.0,4539.0,-37.60172920000016,-46.03015746000002,-106.72248230000007,356.5059907662997,962.6767552071196,-446.33577980565747,-847.2028280047924
1788030669.0701602,1028.0,192.0,4807.0,-37.23590836000016,-46.07449938000002,-105.79684472000007,355.7559907662997,973.8427418935552,-428.29976900069454,-883.6148922484983
1788030669.140098,356.0,1395.0,3888.0,-35.90907460000016,-45.685660650000024,-103.84392424000006,355.08356916079856,877.318253212974,-408.0318372484269,-907.6518807892243
1788030669.2063613,59.0,-82.0,3718.0,-34.736073120000164,-46.08821840000003,-104.39087610000007,355.680262302553,891.2779785544221,-408.9810799838547,-906.5943682610698
1788030669.2711406,258.0,113.0,4027.0,-34.76926971000016,-45.77759816000003,-105.04804989000007,354.180262302553,864.8056780916792,-461.56726655984403,-936.5947174693526
1788030669.3354256,6.0,-148.0,3764.0,-35.03054835000016,-46.01941988000003,-105.45664521000008,354.58294820544717,930.0534497485362,-448.4815305722013,-958.6210493664959
1788030669.4027202,612.0,-26.0,4464.0,-34.83909009000016,-45.97245170000003,-106.68566223000008,353.85179583569095,992.0406162850595,-441.6238986239441,-882.6778848941568
1788030669.492795,-156.0,-277.0,3635.0,-34.772171700000165,-45.936544360000035,-106.50798935000007,355.35179583569095,952.2618801734315,-403.65666246597016,-979.458622688763
1788030669.5629056,-474.0,-136.0,4243.0,-34.35333377000016,-45.67584420000003,-106.60505989000006,356.85179583569095,990.8872237869708,-397.755520930013,-925.9517373481251
1788030669.6170926,255.0,-85.0,3827.0,-34.15914677000016,-46.09473330000003,-106.38868009000007,356.79994166477644,935.6305727035549,-413.1336999868029,-973.8762093260307
1788030669.7120688,-342.0,-234.0,4193.0,-32.78500988000016,-46.974357010000034,-105.90960114000006,356.5288181270805,894.5222488418466,-454.9112956398358,-862.5044160778555
1788030669.7797987,750.0,254.0,4905.0,-32.28285977000016,-46.891127710000035,-106.00115337000007,355.7788181270805,869.2501668473639,-445.68832278134647,-871.2290119961253
1788030669.8300896,428.0,-9.0,4237.0,-31.369492910000158,-46.857764800000034,-105.78739752000007,355.07482912858023,887.2583666031676,-407.7547828725726,-927.3890708173841
1788030669.9148116,-63.0,383.0,4503.0,-30.54970933000016,-46.64657676000003,-105.19271294000006,354.06961604958826,837.1581706477189,-400.2533177384405,-887.2189861663056
1788030669.9836457,1669.0,387.0,4617.0,-29.32775881000016,-47.10647228000003,-105.72428720000006,354.06961604958826,823.7391625445309,-413.33011176853563,-832.4605185540237
1788030670.0530233,269.0,122.0,4724.0,-28.510658960000157,-47.47485967000003,-104.95981412000006,353.31961604958826,826.7715638873657,-448.6234915235359,-816.7723834854679
1788030670.1356115,321.0,-153.0,3851.0,-27.16865235000016,-47.85359859000003,-104.69577937000005,352.33092928018357,559.0134298472572,-452.5209859799487,-817.338815546415
1788030670.2001028,-373.0,110.0,3936.0,-26.23186552000016,-48.05590937000004,-104.21350618000005,352.2170527169621,755.6884421707385,-446.84343786373773,-835.6610137733612
1788030670.2666447,-798.0,77.0,4276.0,-25.55044254000016,-47.972814540000044,-104.48495981000005,352.81660486353707,722.0954329940313,-430.74504382404905,-815.6719538285195
1788030670.3473744,-10.0,342.0,4367.0,-25.38944926000016,-47.81184562000005,-104.40172841000005,351.66227996128777,723.7636622206968,-456.4537081239245,-827.3982105212143
1788030670.415322,124.0,-124.0,4615.0,-24.89612048000016,-48.00862283000005,-103.92502869000005,351.06021574228623,730.1384310815839,-471.40249171147127,-778.2922984660737
1788030670.4933212,-381.0,-472.0,3746.0,-24.65486807000016,-47.87828262000005,-103.91958423000004,352.3107254483595,777.2819195053029,-448.9340542125811,-819.4911967843518
1788030670.5590346,-338.0,-32.0,4443.0,-24.59104676000016,-47.85049248000005,-103.99174569000004,352.16966488068954,743.36274689346,-422.73081483342094,-875.3873274228471
1788030670.6253176,-187.0,192.0,4133.0,-24.52173801000016,-47.74514318000005,-103.77827474000004,351.6786379403917,736.5309377678404,-432.64727077188365,-821.9389284618192
1788030670.6964538,24.0,-45.0,3935.0,-23.49318979000016,-46.92996546000005,-104.51309260000005,351.4108649207964,709.7001508877679,-430.56665512747287,-840.5568159030942
1788030670.7658098,-600.0,222.0,4603.0,-21.33791191000016,-46.96048518000005,-104.06088168000005,350.36622792923293,677.7687027835141,-439.66517151210087,-782.9769878061614
1788030670.8316288,-795.0,-290.0,3916.0,-21.03566983000016,-46.95214111000005,-103.93601862000006,351.0291940835651,665.7161830225045,-434.26653631960306,-812.4965700358808
1788030670.8981621,-396.0,-188.0,4287.0,-20.311574920000158,-46.82729716000005,-104.32164771000005,351.36146136691724,688.4346965975735,-423.7779693633582,-812.0342098594873
1788030670.9741747,659.0,-145.0,4479.0,-20.79707672000016,-46.64669996000005,-103.79450501000005,349.86146136691724,667.328227888419,-420.74653434138696,-819.1063696333143
1788030671.0656204,-99.0,725.0,3963.0,-20.62759454000016,-46.92707978000005,-103.17522523000005,348.1438182326012,637.2090957690949,-407.5111873315258,-819.3780824414858
1788030671.1303625,-858.0,172.0,3531.0,-19.54764623000016,-46.96392841000005,-103.29427465000005,348.4021466159304,640.3955695926749,-446.73587685555293,-822.842332127777
1788030671.1898317,-56.0,684.0,4319.0,-18.48740313000016,-46.64890657000005,-103.00857609000005,346.9021466159304,623.4550278347991,-403.4297966985449,-823.2164270627271
1788030671.2579887,-512.0,-23.0,3966.0,-18.28880991000016,-46.501451710000055,-102.61346235000005,347.6151955187088,599.6052664817881,-412.7285631613443,-839.1539796342503
1788030671.3100765,-297.0,-3.0,4506.0,-18.25823937000016,-46.39862353000005,-102.44949309000005,348.2016582255991,608.1102840941775,-364.16030413292384,-831.8619611406382
1788030671.3758795,-445.0,191.0,4092.0,-18.202639770000165,-46.70119111000005,-102.08329005000004,347.5372299294697,570.7553123278077,-406.6821883263736,-843.0826481161886
1788030671.4407778,-441.0,-237.0,4050.0,-17.980918970000165,-46.548758060000054,-101.94194304000004,347.81178462780974,569.4406564181772,-435.8143852737816,-826.2964721279144
1788030671.5048225,-739.0,48.0,4143.0,-17.581600050000166,-46.64303532000005,-102.10832912000004,348.21713510380135,574.9383663436219,-424.7489070758907,-793.8254183873639
1788030671.5973468,-456.0,95.0,3949.0,-16.97721599000017,-46.68460538000005,-102.07228514000003,347.28924003451806,546.3078790930604,-422.4496646400881,-834.2656783747899
1788030671.6641483,-464.0,-131.0,4409.0,-16.62225089000017,-46.834370240000055,-101.67294578000003,346.82100311168034,555.9446560667412,-429.6246593564816,-833.822356187321
1788030671.7287335,-872.0,-453.0,4023.0,-16.37522516000017,-46.429137020000056,-101.67017021000004,347.57100311168034,579.4326684007285,-382.0076902597927,-824.61648079988
1788030671.7903948,-43.0,-195.0,4425.0,-15.84787932000017,-45.86019032000006,-102.15030301000004,346.9998267071843,584.7243026977533,-436.0292705881945,-796.0920998921549
1788030671.8583655,-42.0,-16.0,4404.0,-15.14852388000017,-45.674250580000056,-102.52218249000005,346.43058683223416,557.7551124424366,-422.09371071673513,-860.4811295417045
1788030671.9237685,218.0,212.0,4570.0,-13.18022265000017,-45.360465010000055,-102.62779275000005,344.93058683223416,549.9017889905845,-432.69393236133646,-840.76371872855
1788030671.994772,-99.0,125.0,4410.0,-11.819582250000169,-45.05756311000005,-102.48618639000006,345.31974725080664,530.3860456764978,-381.5511884404772,-899.5225981654877
1788030672.048645,-287.0,424.0,4148.0,-11.26805176000017,-44.82475627000005,-102.28663767000006,344.56974725080664,500.12479096346067,-386.066726713053,-883.1799180804924
1788030672.1000705,-111.0,149.0,4182.0,-9.706970840000169,-44.81639043000005,-102.47284299000006,344.1441205539578,498.0329833695078,-391.40634612837437,-868.399634034378
1788030672.1504724,-416.0,-256.0,3960.0,-9.19276463000017,-44.98779250000005,-102.53466013000006,344.77142181805993,489.52326176745765,-409.17120886930826,-855.8855190024467
1788030672.2294335,-951.0,456.0,3720.0,-7.3879975400001685,-45.29746942000004,-102.97182056000005,344.0970968449222,534.4205564505278,-434.57726398826753,-868.1973772141979
1788030672.2968392,321.0,-167.0,3207.0,-7.377451690000169,-45.14272497000004,-103.19882993000006,343.6650817843925,581.2461121076744,-453.2920057108552,-925.4339228760516
1788030672.3613768,-222.0,417.0,4581.0,-8.13103494000017,-44.97031847000004,-103.11540743000006,343.12408549853944,589.8839376965373,-441.8744327051331,-924.1954238517052
1788030672.434963,-179.0,-131.0,4099.0,-9.59841428000017,-44.15611837000004,-102.67923449000006,344.17396150198925,580.1464282224358,-424.3904834555751,-921.9894524047659
1788030672.4995043,-583.0,227.0,3939.0,-10.31873332000017,-43.56648030000004,-103.05770153000006,344.8664855931076,625.8968820668845,-432.4464102570442,-912.5904685785667
1788030672.5662591,-493.0,849.0,4016.0,-11.07759142000017,-43.78607660000004,-104.15568303000006,344.2526577943647,652.9856319744997,-447.9074182743207,-899.3419968069351
1788030672.652965,275.0,-12.0,4783.0,-11.88677581000017,-44.15073523000004,-106.39102922000006,343.7797736701784,685.8690075760012,-462.05937051729484,-908.3493851810832
1788030672.7170954,1107.0,-878.0,4347.0,-13.16761453000017,-44.616738460000036,-107.39783495000006,343.7797736701784,787.4074435872435,-436.7410406897103,-988.2278254936016
1788030672.7837713,-229.0,135.0,4102.0,-13.62237541000017,-44.417119180000036,-107.30901335000006,344.7291644810742,773.9492186659479,-416.60857680910937,-945.6513974788472
1788030672.8539765,-322.0,81.0,4068.0,-13.81034767000017,-44.64727141000004,-107.34528777000006,346.2291644810742,805.0592310234185,-449.4704224972953,-946.1647431645782
1788030672.9183843,-778.0,25.0,3825.0,-13.532748670000169,-44.53623181000004,-107.64787068000005,346.9791644810742,766.0089722099419,-423.77912421726734,-957.0154524436854
1788030672.9857247,453.0,-551.0,4089.0,-14.384417880000168,-44.07854689000004,-107.54809849000004,348.3352592706117,741.929813197606,-445.16760399185034,-905.2385276160248
1788030673.0561156,-613.0,330.0,4094.0,-14.345677640000169,-43.64605903000004,-106.63062613000004,348.6941990528045,713.2368254935393,-405.35943913660736,-973.426855947413
1788030673.122306,735.0,374.0,6704.0,-12.570111680000169,-44.52255045000004,-108.63153819000004,347.84478245112706,781.471008965595,-409.33479877489503,-944.3119437602205
1788030673.191539,652.0,127.0,4015.0,-12.297208280000168,-44.74859165000004,-108.86860579000005,347.09478245112706,752.0215233206438,-424.5600485455822,-892.2933223785163
1788030673.2803617,989.0,463.0,4453.0,-12.080499760000167,-45.525257050000036,-109.13580839000004,346.17954406812146,754.2192405925205,-466.18855249651534,-864.6257433074112
1788030673.3448362,381.0,-91.0,3734.0,-11.741349060000168,-45.85580720000004,-108.76355329000003,345.6335168710848,757.6484649549172,-513.4600389284549,-889.0355557527555
1788030673.4098423,564.0,-994.0,4919.0,-11.472186600000168,-46.266509870000036,-106.91813650000003,347.1335168710848,707.9734978653568,-491.0848306387531,-886.4760184687735
1788030673.4614332,-546.0,-337.0,4278.0,-11.805473400000167,-46.010989990000034,-106.90424955000003,347.8835168710848,709.6509371539448,-477.38065129067826,-910.4450248168476
1788030673.5261128,429.0,253.0,3989.0,-12.552157800000167,-46.571391370000036,-108.03125697000004,346.3835168710848,712.4102675358276,-478.47131555067455,-903.2817449365803
1788030673.5937262,-503.0,-79.0,3844.0,-12.788087200000167,-47.25697445000004,-107.95909033000004,346.74373610300125,733.1486215444625,-528.2037026289357,-879.3118786662784
1788030673.6631186,1824.0,-1015.0,4468.0,-13.335437150000168,-46.27352177000004,-106.61745962000003,345.4396531839858,729.9032123417869,-520.6523996646961,-911.1691995370885
1788030673.7318447,-604.0,1249.0,5040.0,-13.771408000000166,-45.44026312000004,-104.47284757000003,344.3890130322617,686.5011922861843,-457.9965222895893,-901.1157343709341
1788030673.7961686,-1464.0,913.0,2627.0,-13.440190540000167,-45.75199720000004,-105.54165013000002,345.1390130322617,681.0204499033832,-475.0814088548757,-950.8852848042736
1788030673.8500793,2050.0,-524.0,6524.0,-14.163405340000168,-46.04982809000004,-105.95940439000002,344.0775645450433,771.4594491371822,-448.34900223923273,-878.5405346064288
1788030673.9159636,-1094.0,-1042.0,2657.0,-14.683405590000168,-45.98587084000004,-105.32817414000002,344.8275645450433,682.238725240796,-464.21215592757954,-902.6467503996734
1788030673.981808,1301.0,164.0,5602.0,-15.698433380000168,-46.90440818000003,-105.94710546000002,344.5542955289563,757.0930084157735,-499.9561792435822,-895.5243927054308
1788030674.04976,-511.0,124.0,4028.0,-16.244395090000168,-47.31458872000003,-105.32629884,343.6803546708527,696.0637718033015,-574.8107189323451,-895.076220710196
1788030674.1013734,640.0,132.0,4773.0,-16.660520590000168,-47.39503965000003,-105.14875196000001,342.9303546708527,742.1948018186516,-612.4013419803565,-927.4368239434245
1788030674.1654475,370.0,-518.0,4167.0,-17.80192785000017,-47.25018417000003,-105.16894836000002,343.5814856735077,712.3181177654284,-521.6818833126695,-922.9664583464202
1788030674.234768,331.0,-223.0,4628.0,-18.059203050000168,-46.984609770000034,-105.23257556000002,343.94174870961774,763.7230388746012,-515.8879972103452,-948.7198330920767
1788030674.2901742,-246.0,1402.0,5220.0,-18.27982849000017,-47.02051655000003,-104.72318892000001,343.052992221614,771.3943022206496,-466.25340500048634,-945.0447543712755
1788030674.3723314,-272.0,-288.0,3869.0,-18.16583209000017,-46.728859170000035,-104.63694290000002,344.420805739281,701.3800873503509,-480.4761849318517,-916.3485990252649
1788030674.4380274,35.0,-65.0,3862.0,-17.771902540000166,-46.88966632000003,-104.42067335000003,345.2767518544937,787.4749121076181,-541.8865872566106,-918.7463528609678
1788030674.4909081,-393.0,675.0,5017.0,-17.516646700000166,-47.04226492000003,-104.44564403000003,344.8735896855983,733.1586568556853,-496.87812926079897,-908.8328883284963
1788030674.5699325,-847.0,-200.0,3749.0,-18.249263900000166,-47.51684133000003,-103.63815994000002,346.0131454804219,770.2936389420516,-528.0527509541058,-869.5099910048489
1788030674.6344495,-635.0,-512.0,3050.0,-18.565814960000164,-47.70877125000003,-103.29666760000002,347.5131454804219,745.2248815576445,-524.6447724072028,-914.7259417426558
1788030674.6993434,-967.0,376.0,4020.0,-19.107296810000165,-47.60325171000002,-103.20780904000001,347.52705474431434,735.8927394376191,-523.9607714239787,-887.7247458754208
1788030674.7713192,-83.0,-726.0,4447.0,-19.868057160000163,-47.29506040000002,-104.13793649000002,348.64727962368806,742.0837315342923,-547.8870522495905,-869.5788794825694
1788030674.838136,-596.0,526.0,4458.0,-21.930460930000162,-45.724626290000025,-103.80995072000002,348.7001959229819,788.187703729201,-542.9731571239997,-913.2957617120496
1788030674.907745,599.0,580.0,4279.0,-22.352773730000163,-46.16356304000003,-104.32952166000001,347.20318939459384,846.6171071241795,-525.3386571687523,-978.8258681062586
1788030674.9739778,843.0,355.0,4481.0,-22.813890190000162,-46.36634317000003,-104.15729744000001,346.45318939459384,830.6178798091692,-546.2415741190646,-967.6916801648553
1788030675.0401015,-434.0,-136.0,3965.0,-23.689147370000164,-46.060646170000034,-104.05141754,347.3010813274668,797.7196053848921,-480.2898434395822,-969.2148101856826
1788030675.111326,-97.0,-163.0,4206.0,-24.397891560000165,-45.505833380000034,-104.01318795,347.35562815677247,801.2537162585135,-465.42254673503965,-906.5289821112618
1788030675.1791928,6.0,-227.0,4400.0,-24.439424310000163,-45.13203863000003,-104.0713338,347.84023233882664,793.3487033249373,-498.57495370340564,-904.8650001913454
1788030675.2460687,-655.0,476.0,4556.0,-24.355740360000166,-44.79418125000003,-103.94628489,348.1489076402416,835.5556383164429,-459.8913846344445,-918.5395773884806
1788030675.3118422,145.0,45.0,4588.0,-24.820129740000166,-44.69943569000003,-103.98784179,349.15940077090687,862.1153733666896,-465.28832554626706,-879.781651103478
1788030675.3824778,-485.0,413.0,3990.0,-25.802292180000165,-45.09657614000003,-103.8465729,349.8461662477334,847.588857737732,-468.21775366868593,-905.4320211924223
1788030675.4471908,1024.0,280.0,4612.0,-25.555634020000166,-44.86931806000003,-103.69968658,349.0961662477334,871.3539243283489,-462.03089841748897,-888.5472879039196
1788030675.5107865,-102.0,-32.0,3967.0,-26.215721280000167,-45.14921607000003,-103.55825326,349.57844245816244,905.6175097840464,-499.18843186035474,-871.842397434246
1788030675.5998724,-208.0,9.0,3870.0,-27.266905330000167,-45.34342428000003,-103.70528511,350.65391716136287,911.5107442919101,-486.15801751398595,-927.094321477928
1788030675.6666358,-470.0,140.0,3596.0,-28.267681960000168,-45.42381039000003,-103.60547463,351.27261101126857,907.6614516700608,-471.3064406021276,-965.3797692435618
1788030675.7357607,108.0,-65.0,4644.0,-28.891476460000167,-45.14379597000003,-103.49180541,351.3767233310071,897.0590972247576,-486.3236524785694,-920.8071101586778
1788030675.8031201,-238.0,253.0,3891.0,-29.462852790000166,-44.97459995000003,-103.9051265,352.0902154690479,898.8840453951957,-460.5503013667778,-912.929600185335
1788030675.8710384,1282.0,-1956.0,5158.0,-30.134653290000166,-44.138866380000024,-102.51664822,352.24337194295003,868.4040444727231,-484.8947051771839,-879.0354648331685
1788030675.9411693,-599.0,370.0,4082.0,-30.464513100000165,-44.09723346000003,-102.38884264,352.8294968994662,881.78585488893,-476.1276939988083,-917.3110780109623
1788030676.0181732,-388.0,268.0,4307.0,-30.789598000000165,-44.008437480000026,-102.32782287,352.69270511850067,890.9366575971351,-461.3533223537733,-939.8799205825582
1788030676.083217,-1.0,254.0,4352.0,-30.906163120000166,-44.05284324000002,-102.31117071,352.1485778609241,844.473885318946,-458.0665982305188,-889.8262052805045
1788030676.1537154,-207.0,-200.0,4009.0,-31.127588030000165,-43.69666595000002,-102.63697961999999,352.6324150295091,886.4366171904335,-496.18132791694126,-875.3682171006164
1788030676.2240634,363.0,5.0,4392.0,-31.243665530000165,-43.83584275000002,-102.70604931999999,352.3871629114593,940.4575522059504,-479.7972208744483,-923.2870731116932
1788030676.291143,436.0,201.0,4279.0,-31.262975450000166,-43.849635550000016,-102.44950323999998,351.6371629114593,912.6993153458541,-488.19757159378184,-928.9682174904639
1788030676.3582425,-3.0,18.0,4371.0,-31.322022410000166,-44.28268411000001,-102.75273357999998,352.5268515668694,934.6053391588537,-443.423295202427,-945.2216623724626
1788030676.4489913,-383.0,-212.0,3822.0,-31.861257890000168,-44.271537310000014,-103.04176189999998,353.38625828939496,879.7448069720839,-466.31658546773633,-868.8809812962495
1788030676.5218098,-40.0,239.0,4072.0,-31.761107910000167,-44.822562890000015,-102.72141704999997,352.5985727334598,907.1676703351221,-487.22423305688164,-926.8422778454363
1788030676.5758932,-760.0,-662.0,4118.0,-32.97317919000017,-44.40278591000001,-102.66581744999996,353.8680265782071,849.245544105398,-542.286403825651,-938.6260509561879
1788030676.6621165,2665.0,317.0,5351.0,-33.66975171000017,-44.880225390000014,-103.62133396999997,352.3680265782071,823.2622825924261,-499.45372095363496,-900.1305790586091
1788030676.727894,772.0,-366.0,3771.0,-33.81111300000017,-44.76381021000002,-103.45225477999996,351.6180265782071,839.6354728907007,-575.3844295486496,-845.5315438633957
1788030676.795446,245.0,43.0,4024.0,-33.38690194000017,-44.652994890000016,-103.37742155999997,350.2267504338521,914.4780152892799,-558.4688024988185,-832.5074418445168
1788030676.8854597,137.0,-172.0,4218.0,-33.46197967000017,-44.67809934000002,-103.43015213999998,350.2061655696599,887.8437253431791,-509.36947177327664,-898.1573208432798
1788030676.9494631,-269.0,35.0,4101.0,-33.514704510000165,-44.711388540000016,-103.41633091999998,350.9568215815643,901.614040126135,-495.8942728366544,-892.6573366765109
1788030677.0144525,-218.0,-84.0,4163.0,-33.12072995000016,-44.45890750000002,-103.42742696999998,351.5533079061434,876.8706209275633,-494.5038693494093,-844.7098368241421
1788030677.0835025,-284.0,36.0,4177.0,-33.32885570000016,-44.43115740000002,-103.44685203999998,351.63475550235654,870.2157992855612,-491.30679936285463,-858.0692079172195
1788030677.1526966,-22.0,-120.0,4175.0,-33.34128987000016,-44.245160540000015,-103.48325952999998,351.5939252807093,914.8903644635185,-529.3143216691564,-851.9836135745728
1788030677.2209995,-60.0,-78.0,4238.0,-33.37181960000016,-44.333974300000015,-103.45828065999999,351.6196360778877,882.7069007919506,-501.96820161947875,-819.3912584144659
1788030677.288147,-107.0,-109.0,4191.0,-33.21112417000016,-44.58381102000001,-103.50538064999999,351.5796736448283,884.8255021291362,-502.299872517786,-884.3548012785434
1788030677.3552356,37.0,-83.0,4218.0,-33.10610044000016,-44.62523597000001,-103.51919969999999,351.93477368768936,872.2288595773487,-466.01484709769585,-902.2591998528237
1788030677.4198585,-143.0,16.0,4126.0,-33.28818241000016,-44.492844620000014,-103.56610907999999,351.939044390322,881.7033883682957,-485.78119065845647,-884.3352507990106
1788030677.5088842,-64.0,-90.0,4183.0,-33.45798421000016,-44.09057282000001,-103.51602785999998,351.7860783709856,879.7912696875627,-490.4046421424098,-839.4308000348586
1788030677.5742028,-114.0,18.0,4144.0,-33.627562990000165,-44.015513360000014,-103.55216759999998,351.40850778796516,890.6405174892517,-542.9835810415269,-845.9373575832857
1788030677.6311069,-83.0,-90.0,4167.0,-33.64374853000017,-44.046419690000015,-103.54125809999998,351.80279483707227,911.4773431764421,-264.67847095597716,-853.3546770762962
1788030677.7174726,5.0,-70.0,4156.0,-33.62232132000017,-43.74510735000001,-103.57705777999998,351.5212931496714,860.4910649477922,-503.59231544457407,-875.6794883387987
1788030677.7818153,-95.0,-3.0,4190.0,-33.61476552000017,-43.48801030000001,-103.66842422999999,351.64394903621974,897.6691921813685,-507.39291022472173,-883.1963340561088
1788030677.8462954,-98.0,-60.0,4163.0,-33.16181085000017,-43.41572319000001,-103.57951085999998,351.5361950852146,876.4142847857468,-523.8321043438388,-906.5186263759925
1788030677.9368021,6.0,-83.0,4145.0,-33.113942470000175,-43.37899685000001,-103.59066494,351.0318472527233,869.4739856789856,-478.00735373379115,-845.3651867431468
1788030678.0045779,-75.0,-37.0,4195.0,-33.14442922000018,-43.34611757000001,-103.56307934,351.1033803545678,866.6759500623451,-498.2608848144671,-887.0343949222147
1788030678.0701342,-13.0,-106.0,4168.0,-33.16649098000018,-43.33232897000001,-103.57962566,351.1069457792055,903.2862526484779,-528.8303354870179,-905.2295906564324
1788030678.1415424,-85.0,-13.0,4207.0,-33.412826440000174,-43.251816720000015,-103.62393706,351.42654804451035,894.390777698023,-480.40133314831945,-896.0530453167012
1788030678.208116,-118.0,-43.0,4167.0,-33.504168320000176,-43.31562550000001,-103.63224564,351.7763647016295,897.8983423345525,-477.58297152154313,-867.0473849398049
1788030678.2722015,-94.0,-29.0,4203.0,-33.471121880000176,-43.35968742000001,-103.64876885999999,351.9860798847903,867.0090953176434,-462.4113010579425,-855.4206004892292
1788030678.3422306,-144.0,-28.0,4132.0,-33.37681088000018,-43.40671650000001,-103.63217885999998,351.6677247382799,869.637779805003,-497.07927310623603,-899.0842098546459
1788030678.409523,-127.0,-2.0,4164.0,-33.48228254000018,-43.19854875000001,-103.63772999999998,351.65322442328915,917.5112914701571,-518.550041702104,-890.59147590258
1788030678.4625974,-257.0,-31.0,4218.0,-33.89545341000018,-43.52297565000001,-103.47135455999998,352.0871163427916,933.1297500746997,-518.202886288198,-717.9268649178098
1788030678.513217,-216.0,-76.0,4153.0,-33.74095837000018,-43.30226845000001,-103.42445427999998,352.4329067432517,953.0139435796965,-505.76317341839865,-903.6502065910585
1788030678.580071,-552.0,-149.0,4232.0,-33.98929030000018,-43.42663773000001,-103.32779484999998,353.59060985315165,994.5090167542367,-458.59157710467707,-938.3717587124721
1788030678.6464002,-819.0,70.0,4158.0,-33.60562310000017,-43.814325030000006,-102.94559484999996,354.8281680345197,945.4159478855947,-453.16002107926664,-897.3250930097686
1788030678.7198794,-496.0,-263.0,4372.0,-34.14371394000017,-43.36507511000001,-102.57105949999998,355.8047067906752,909.7498537114957,-449.106467724737,-912.7288894938004
1788030678.777144,-981.0,185.0,4016.0,-33.96407994000017,-43.27663991000001,-102.45775189999998,356.1190501851007,932.5426581052103,-445.48706272223785,-946.9141144178611
1788030678.8470957,172.0,-308.0,4359.0,-33.63810072000017,-42.981780380000004,-102.27088920999998,356.65191941925167,901.5419225826745,-427.75601315661106,-884.1568904323428
1788030678.8981144,-907.0,-205.0,3840.0,-33.69055725000017,-42.24186722,-102.12180222999997,357.2992346174632,923.3700793093838,-438.9273573695758,-888.9225178594113
1788030678.96103,-464.0,-224.0,4589.0,-33.06733626000017,-42.03233636000001,-102.46402312999997,358.33853860537454,933.3538110346296,-417.13204862616584,-890.5961606513576
1788030679.011382,-192.0,-395.0,3843.0,-33.09763499000017,-41.87257942000001,-102.52737501999998,358.56359072528824,869.2954356810168,-440.3446089734179,-887.7219847735887
1788030679.0758755,1615.0,-338.0,6362.0,-32.15518068000017,-42.27213907000001,-104.00431894999998,357.06359072528824,858.3434250545462,-471.9347663160138,-937.9642974814326
1788030679.1389642,1702.0,-1890.0,4139.0,-31.52352693000017,-42.249680270000006,-103.65901489999999,357.81359072528824,884.7248741840326,-476.50219032743655,-880.0236314126571
1788030679.2133043,-731.0,-393.0,3294.0,-30.34500343000017,-42.76555479,-103.03489419999998,357.2114345981986,883.0278208897734,-539.60028648881,-877.5122797926783
1788030679.2782335,-450.0,-421.0,3779.0,-27.22084673000017,-43.25784505,-103.87432201999998,356.71579408126223,828.749445623298,-465.16036287251234,-815.8146269545679
1788030679.3469288,31.0,-124.0,5703.0,-25.37359643000017,-42.41968969,-104.14727392999998,355.96579408126223,803.3615615904928,-473.5037930644852,-923.0113790748048
1788030679.4067492,-1546.0,326.0,3653.0,-23.262850660000172,-42.51655975,-105.30005618999998,356.5731016174108,836.7852857977286,-480.33728187019364,-939.4242013542093
1788030679.4587243,1321.0,609.0,4176.0,-22.844124100000172,-42.85815247,-104.77113842999998,355.8231016174108,795.9135009373997,-516.3926906326052,-880.1806200728329
1788030679.532165,-587.0,566.0,4233.0,-22.741227600000173,-43.19715939,-103.18261050999998,354.3231016174108,733.7256066650864,-545.3214139201104,-824.3823691849699
1788030679.598674,-1441.0,1194.0,4965.0,-22.160983740000173,-43.764566370000004,-104.17030434999998,352.8231016174108,808.5597092844682,-508.09521762369985,-874.5695628688085
1788030679.664229,-168.0,116.0,5153.0,-22.824882640000173,-42.94798816,-102.40885521999998,351.3231016174108,746.1699813787883,-495.0615316420877,-876.6941387578219
1788030679.7305207,-1142.0,-279.0,1614.0,-23.00948104000017,-42.65869216,-102.74774481999998,352.0731016174108,719.0999540677342,-486.3057448946488,-940.1157510044413
1788030679.82302,1476.0,-1829.0,3588.0,-22.469962760000172,-42.953531600000005,-102.52917156999997,351.3231016174108,767.1131675452752,-533.5745005429824,-838.2268445737684
1788030679.8878362,-692.0,150.0,4072.0,-23.15239906000017,-43.09443950000001,-102.64797626999997,350.73886011658516,704.4542474190037,-509.05422507403915,-851.404149169775
1788030679.9538407,860.0,459.0,3165.0,-23.951623920000173,-42.76422920000001,-104.55160190999996,350.54798364488494,747.5698436341626,-517.3708767344457,-916.7513841643482
1788030680.0184698,1367.0,-963.0,5096.0,-24.250531200000175,-43.09358074000001,-103.86522222999996,350.52518824833703,769.4788163829056,-502.7141837281352,-919.9363187896914
1788030680.0836496,-472.0,506.0,3808.0,-24.827422620000174,-43.36119760000001,-102.32827156999996,349.02518824833703,737.8050176402438,-571.6592754571839,-872.7715350568362
1788030680.15123,138.0,-2558.0,2075.0,-26.685255030000175,-42.73904019000001,-103.86894517999995,349.02518824833703,762.104012188524,-575.3624282845574,-897.8386373442917
1788030680.238472,-270.0,948.0,4147.0,-28.196938000000177,-42.56018879000001,-103.30331430999995,347.7466495452006,831.488897922301,-478.8117160858337,-891.6485396166107
1788030680.3044949,-986.0,-1019.0,4483.0,-27.568369360000176,-41.68625783000001,-102.91183734999994,348.4966495452006,841.7069404071664,-444.75263500375655,-977.4790408703278
1788030680.3746014,-1483.0,816.0,4002.0,-28.669386130000177,-41.213231430000015,-102.04097014999995,348.6822346834422,725.7952359984116,-468.8444324429733,-925.1250953947624
1788030680.4456637,-398.0,34.0,2225.0,-28.691455660000177,-42.16495143000001,-104.52095058999994,349.77542725113966,766.9229151664151,-491.94978612254016,-961.9090772580179
1788030680.5093522,-275.0,-522.0,2431.0,-29.277679410000175,-41.329875650000005,-104.50988687999994,350.0615392614752,858.2524141993979,-476.76642138626744,-969.8816422036765
1788030680.5737116,2430.0,-1519.0,5947.0,-30.94624624000018,-41.04437106,-105.09958913999995,350.50855406049317,928.0404940120657,-458.2847551801751,-912.7491811994137
1788030680.6544187,-415.0,-837.0,2899.0,-30.71995962000018,-40.70711918000001,-103.27767757999995,351.9190506658917,799.4438760214846,-512.0182209689696,-900.5122212266731
1788030680.7192402,-2217.0,1810.0,3903.0,-29.69226498000018,-41.679561420000006,-103.91860541999995,352.2420747581839,887.7314995725012,-464.1210922656733,-973.4697093997228
1788030680.7847142,-141.0,-485.0,4393.0,-31.356063480000177,-40.55374358,-103.37513822999995,352.2420747581839,846.2780256018873,-452.25539344942354,-949.3495040741116
1788030680.8710773,-2774.0,2266.0,3400.0,-32.939036900000175,-38.65174880000001,-104.46395056999994,353.7420747581839,889.7048864294064,-418.8771120127934,-949.3420668803233
1788030680.9393053,-2647.0,6957.0,10687.0,-33.25351372000017,-40.033849100000005,-104.37058974999994,353.7420747581839,979.4664705148766,-450.24894813854945,-954.9651736936078
1788030681.0051281,-1155.0,-1229.0,2652.0,-33.25903154000017,-40.09454512000001,-103.18977626999994,354.4920747581839,875.5019923278741,-471.83598299819295,-936.181521575337
1788030681.0801134,-963.0,-525.0,2773.0,-33.780089700000175,-40.05046724,-104.83873910999995,355.9920747581839,882.8736934424534,-467.8582935454396,-916.53568038909
1788030681.1453853,1737.0,-18.0,4281.0,-34.40886666000017,-39.94063346000001,-105.26088026999996,354.8181487797482,929.4410385659161,-455.47241750376674,-884.5393838658129
1788030681.211225,771.0,-356.0,3972.0,-34.77055827000017,-40.56117345000001,-105.03667495999996,353.68890791506846,967.9873596068464,-524.782806795292,-952.7150140875427
1788030681.2815578,286.0,439.0,4963.0,-35.73812487000017,-40.335132250000015,-103.79069175999996,352.93890791506846,952.2111754628995,-486.6180735867068,-954.9326500061029
1788030681.3497667,-729.0,1421.0,5106.0,-37.19739919000017,-39.56942752000001,-102.66035954999995,351.91938397453424,883.3131500258755,-397.9089200578512,-981.1494822426747
1788030681.415574,308.0,194.0,3168.0,-37.78491493000016,-39.57205378000001,-104.59635206999995,351.2806473441962,982.820997030595,-420.6090917081899,-920.7216361057468
1788030681.480826,3923.0,-461.0,5728.0,-39.23053400000016,-39.60798695000001,-103.36909610999996,350.5306473441962,920.1997477791472,-397.6348059331307,-885.4785048590705
1788030681.546595,-454.0,-668.0,1181.0,-39.18530504000016,-38.94860676000001,-104.40860625999996,352.0306473441962,902.8612824819659,-429.42721249668944,-920.7491999461602
1788030681.6037848,-162.0,846.0,4311.0,-40.08513579000016,-39.11472936000001,-105.76250544999996,351.56397568759917,978.8150900202901,-441.7508025508137,-976.9289743059401
1788030681.6909077,-276.0,-27.0,2582.0,-40.551309050000164,-40.25390929000002,-105.24968418999997,352.4579665922786,938.610332935609,-448.7960442057531,-728.0149760672068
1788030681.7461658,-754.0,-108.0,3118.0,-40.87053754000016,-40.83978934000002,-105.99384970999998,353.4429648538119,961.0180385150926,-466.74518042357,-873.4069621317061
1788030681.8005662,1483.0,-434.0,6560.0,-41.739648720000154,-40.79550342000002,-105.53991902999998,354.0032066495021,1028.3013288498346,-424.57988639969926,-906.7789972111806
1788030681.8687632,-1774.0,1180.0,4341.0,-42.62780711000015,-39.92076998000002,-105.00144017999997,354.90454417175647,963.0865624736477,-457.10589649950435,-903.7532749242549
1788030681.929904,1419.0,2503.0,7233.0,-43.75857948000015,-41.06497479000002,-107.31250711999998,354.90454417175647,1081.5050205248795,-426.4060844661383,-895.1136156353258
1788030681.9824526,2350.0,-295.0,6129.0,-44.27757040000015,-39.98006292000002,-103.72097952999998,354.15454417175647,1039.811167208033,-446.2441272386017,-903.5645038026549
1788030682.0493658,-14.0,-537.0,2607.0,-44.241974350000156,-40.70200869000002,-104.71165830999998,355.65454417175647,1010.5912883330407,-418.4022083831353,-915.896607357178
1788030682.1115687,624.0,552.0,2833.0,-44.13172995000016,-41.206376820000024,-104.52424282999998,354.90454417175647,1021.6585616501816,-427.5762838074235,-920.9944839344598
1788030682.1778214,-925.0,-1274.0,3588.0,-42.99977633000015,-42.038278660000024,-105.97326690999998,354.90454417175647,979.2128594155367,-465.44045431896024,-887.2203412654983
1788030682.249474,1693.0,-1485.0,2641.0,-41.70937904000015,-41.52559250000002,-104.39899224999998,356.40454417175647,943.402992149124,-462.96324568724043,-851.4532248426863
1788030682.314048,-78.0,35.0,2839.0,-42.10937031000015,-40.37797946000003,-102.08214876999998,356.56177199231684,868.57715321598,-449.0650532444936,-943.3153613685689
1788030682.3790102,-1027.0,-1111.0,3906.0,-41.87463091000015,-40.07143742000003,-103.20337460999997,357.31177199231684,865.2598905470527,-410.2087184601839,-905.1326981809964
1788030682.4462333,-1314.0,565.0,2527.0,-39.995504500000145,-40.225696700000036,-103.09068153999998,356.88582120325344,918.5432593288801,-424.5857919990889,-879.6539924910121
1788030682.5307446,950.0,-6053.0,5222.0,-37.650918060000144,-41.69411372000003,-102.90575231999999,356.88582120325344,873.1629281228427,-539.3450454410387,-908.0190586403332
1788030682.588557,-310.0,404.0,3682.0,-37.09142773000014,-41.62796708000003,-103.29436383,356.13582120325344,860.0758713931272,-487.1404852320071,-867.5899506339202
1788030682.65711,-1278.0,1846.0,4931.0,-36.556367610000144,-41.44161504000003,-101.23142413999999,356.13582120325344,895.8917906750853,-451.06472214510217,-932.0320794317233
1788030682.7141821,-1192.0,875.0,2475.0,-37.39879248000015,-39.76511343000003,-101.06562031999998,356.0980606090987,808.7884908051267,-456.94077871773277,-921.6420277981975
1788030682.7754238,-1742.0,-590.0,1657.0,-37.62767743000015,-39.734779280000026,-102.83051631999999,356.8480606090987,843.2030952505089,-483.40076620176603,-938.8399085715045
1788030682.8390002,-239.0,699.0,2077.0,-37.836663270000145,-42.23522996000003,-104.57140903999999,355.3480606090987,933.727036752843,-471.2766737659156,-951.3057656061266
1788030682.9119215,-196.0,-1831.0,1566.0,-37.04433376000014,-41.768666590000024,-104.47478349,356.0980606090987,904.166310108406,-501.66276982597145,-932.0201312049672
1788030682.9764974,2507.0,1801.0,6958.0,-37.218549340000145,-40.44729948000003,-106.04412307999999,355.36812836629616,910.5598127590893,-391.3196831460628,-902.3540897661512
1788030683.04166,-1030.0,1696.0,6526.0,-36.56327563000015,-41.35060223000003,-105.57006851999999,355.36812836629616,925.5988872861213,-446.98836701307073,-907.2385661990616
1788030683.1062431,334.0,-283.0,2588.0,-36.074965570000145,-41.39077964000003,-105.22083411,355.4712872379293,894.0185201799342,-467.55293133696307,-938.1670031157364
1788030683.1830053,-2172.0,1260.0,4153.0,-36.46677027000015,-40.524220310000025,-107.03633303999999,356.48883507968975,916.3206463185123,-411.18076368554915,-975.5582592733186
1788030683.2338514,2993.0,-422.0,4100.0,-36.267401310000146,-41.58025277000002,-106.79335212,355.73883507968975,900.1314472729181,-446.40519654397116,-881.1638018722476
1788030683.3000863,2793.0,-3063.0,2145.0,-36.20207745000015,-40.45108319000002,-106.51961404,356.48883507968975,883.6214710803253,-477.2064975816419,-814.1936258399298
1788030683.36482,1167.0,132.0,4412.0,-36.45363834000015,-39.556644470000016,-105.30218355999999,356.48883507968975,810.0993229409714,-472.90313893699516,-877.7245449165082
1788030683.4161503,1173.0,807.0,4017.0,-35.97957090000015,-40.557453510000016,-105.74216771999998,355.73883507968975,829.6909526057296,-479.2789021968841,-946.3455559449604
1788030683.4823112,-1550.0,1006.0,4980.0,-33.454048460000145,-41.96130435000002,-110.16416865999999,356.27707539471885,909.4717650949322,-430.5665389138013,-906.4932398509798
1788030683.5464718,736.0,-640.0,4627.0,-33.13858184000014,-41.65820897000002,-108.31157546999998,355.9699726178446,906.2711185203929,-514.2281628961362,-817.8499503269416
1788030683.6069958,-683.0,-1525.0,7421.0,-31.66313297000014,-41.24134749000002,-103.80184030999999,355.68683997763344,786.2247869758538,-514.0496558485816,-814.8139446380524
1788030683.6608748,-593.0,502.0,1332.0,-31.114875470000143,-41.40861249000002,-105.56741530999999,354.93683997763344,806.2278360102334,-498.67239565617956,-887.3147436212003
1788030683.730473,1748.0,4296.0,7577.0,-30.350398120000143,-40.96911539000002,-105.42504300999998,354.18683997763344,858.3638643095177,-430.62811978252887,-933.7849027601756
1788030683.818091,-168.0,203.0,3167.0,-29.970385900000146,-40.66577312000002,-104.60669316999997,354.18683997763344,778.8036742100525,-463.8217052416171,-876.9784773423457
1788030683.8860216,586.0,474.0,3567.0,-29.369762800000146,-40.993886220000014,-104.92332150999998,354.18683997763344,798.8777130658766,-422.9645258837067,-915.0138213985942
1788030683.938188,219.0,176.0,4962.0,-29.385236650000145,-41.355974310000015,-105.63202383999997,353.43683997763344,869.6995595645249,-511.01219758867796,-852.3760052723671
1788030684.021939,-364.0,-70.0,5200.0,-29.286316710000147,-40.669619130000015,-105.05655019999998,353.43683997763344,1096.6567224727896,-446.2552347434313,-963.3611629155829
1788030684.0860431,451.0,428.0,3857.0,-29.082103470000146,-41.15230497000002,-105.24529273999998,352.68683997763344,798.5184947613287,-476.7188172636012,-915.4044932519332
1788030684.1538665,-379.0,-405.0,3394.0,-29.656789890000145,-41.967751350000015,-104.29728637999997,352.62487805299685,799.9672570845754,-498.68034916430844,-890.6191584391404
1788030684.2337985,1958.0,-941.0,7084.0,-29.855041300000146,-41.86876666000001,-103.76968055999998,351.29306838015617,875.635168936873,-530.3311692236797,-879.0136269989096
1788030684.2922778,-1861.0,-1332.0,3081.0,-30.220108520000146,-41.652201360000014,-101.96600098999998,352.04306838015617,781.0276074820027,-520.7544546177604,-966.0793235978527
1788030684.3558106,3330.0,107.0,5604.0,-31.287860100000145,-41.63596024000002,-102.49915024999999,350.9076738629553,803.6634566190387,-418.8997480982403,-905.2716188138004
1788030684.4439769,-1571.0,366.0,3616.0,-31.464114360000146,-40.75778112000002,-103.54430708999999,351.6576738629553,775.7450402960765,-394.1110775928283,-921.3011514139916
1788030684.4975646,1161.0,1808.0,5307.0,-31.656016910000144,-41.89052672000002,-103.55785033999999,351.6576738629553,829.4536929103667,-461.4250911505069,-875.2572077398453
1788030684.5657804,-1825.0,1235.0,6235.0,-32.060991620000145,-41.68649366000002,-103.61349571999999,351.3953324438749,800.4785837053171,-479.14900996536863,-879.8699800214057
1788030684.653385,-449.0,431.0,2973.0,-32.131979810000146,-41.36224631000002,-104.58294748999998,351.9054409919091,822.505570163075,-434.3544968880633,-897.9570762795119
1788030684.7188818,255.0,1295.0,5778.0,-32.35758225000014,-40.89556639000001,-105.53173127,351.9054409919091,820.8924359706516,-402.9540007264923,-935.6085544894546
1788030684.7847693,1144.0,1375.0,4048.0,-32.93867521000014,-40.71011119000001,-104.50863675,351.1554409919091,861.6917400328272,-428.5259260871205,-934.903409101317
1788030684.8371456,147.0,-945.0,2544.0,-32.82364036000014,-40.843800340000016,-103.64432085,351.9054409919091,821.1754926540847,-489.13055368488796,-900.1107998436038
1788030684.889591,989.0,-496.0,3613.0,-32.00219421000014,-41.73752618000002,-105.78288035,352.4832184146865,821.5912089853341,-428.1387456115302,-899.7909563910919
1788030684.9565263,593.0,-590.0,3843.0,-31.887902690000143,-41.68192490000002,-104.32180226999999,353.2332184146865,888.9015571405176,-428.4779697612616,-921.8067124743146
1788030685.0229719,358.0,-1476.0,5087.0,-31.600221800000142,-40.05786050000002,-103.6691257,353.2332184146865,796.0701649145975,-397.0999920465947,-918.7526387580538
1788030685.0921357,314.0,-1722.0,4640.0,-31.67437196000014,-38.970324820000016,-103.79888847999999,353.9832184146865,798.2877436982864,-407.0548045756243,-953.4908314743406
1788030685.1558356,623.0,742.0,5407.0,-31.360149940000138,-37.69998218000002,-104.36427049999999,352.4832184146865,804.0092174887777,-360.4976741558347,-953.3317378320701
1788030685.2216194,-297.0,225.0,4244.0,-30.986224850000138,-37.92248306000002,-104.54350731999999,352.7783431375296,840.4483754962049,-396.6051343491481,-936.75792835013
1788030685.311637,746.0,726.0,2499.0,-29.994472270000138,-39.45650170000002,-104.04281356,351.2783431375296,794.0666667461907,-385.21059839801313,-968.9869467618386
1788030685.376536,28.0,-512.0,3546.0,-29.387097670000138,-39.14033410000002,-103.51309416,352.0283431375296,781.4107367538497,-378.3674618035004,-940.0313656092106
1788030685.4409356,-910.0,-547.0,1628.0,-29.941473170000137,-38.01440153000002,-104.69911206999998,353.5283431375296,804.0561917876062,-439.1391840818766,-946.2054452719519
1788030685.5052283,2253.0,1146.0,4023.0,-32.38633496000014,-35.99504937000002,-103.50734477999998,352.0283431375296,869.7012046852927,-376.07664414243345,-1001.602219757083
1788030685.5771124,-2618.0,1820.0,2956.0,-31.695946100000143,-36.40323603000002,-102.19088417999998,352.0283431375296,755.9914595434676,-334.74747773717314,-975.5568491544632
1788030685.6435015,-2015.0,915.0,2388.0,-31.22453474000014,-36.076637310000024,-103.60511825999998,352.7783431375296,822.7250866552359,-354.80221845570316,-990.9625769047799
1788030685.7288527,-973.0,-253.0,2332.0,-32.17124092000014,-36.07922759000002,-103.01967500999999,353.5891751534826,776.0663786151669,-369.7882518334196,-972.6946678662915
1788030685.792893,2011.0,992.0,5673.0,-32.77249206000014,-36.11837061000003,-103.56142271999998,353.5891751534826,841.4972063422546,-324.14902067071347,-944.8008178628291
1788030685.862138,-1981.0,2048.0,3537.0,-33.042709910000134,-37.10479668000003,-102.88918674999998,352.9448610268967,782.2526667221794,-362.91113637154496,-934.7426679478971
1788030685.9312527,250.0,595.0,3098.0,-33.60737016000013,-36.41275057000002,-104.75798486999997,351.88675569727513,831.6740723011419,-317.1784400101292,-926.0512819235499
1788030685.9991384,-739.0,325.0,3292.0,-33.94102040000013,-36.523048170000024,-105.22674966999998,352.63675569727513,932.9190530630356,-366.77472439536905,-960.4581867943551
1788030686.0680592,-886.0,-173.0,3830.0,-34.92600580000013,-35.774848830000025,-104.70165152999996,352.63675569727513,931.4609211559746,-331.90408062545356,-1032.8584335345051
1788030686.1312637,401.0,-205.0,4608.0,-35.75955880000013,-35.466434220000025,-105.29069564999996,353.38675569727513,916.4472539507833,-302.56537437242054,-982.0611580916662
1788030686.185007,2396.0,968.0,3773.0,-36.69221521000013,-35.808128160000024,-103.95752912999995,352.63675569727513,932.1015952340969,-264.85239081279923,-1018.9073961414189
1788030686.248603,2765.0,4298.0,9009.0,-38.97982347000013,-35.35624204000002,-104.58491224999996,353.38675569727513,1032.2747367849863,-287.4412606904097,-968.5646325730813
1788030686.337254,-2163.0,733.0,4042.0,-38.910015620000124,-35.77443856000002,-103.41706150999995,354.88675569727513,910.5245242700845,-297.5271404115113,-973.5579120021642
1788030686.4036639,150.0,927.0,2741.0,-39.89333222000012,-36.60317990000002,-102.42622704999995,354.10563213287276,922.763296543209,-318.21008920538475,-964.9130641306708
1788030686.471676,-2715.0,708.0,6760.0,-39.54346046000012,-36.550421460000024,-102.56506504999996,354.85563213287276,859.743612169106,-315.7808368995239,-942.2426443348612
1788030686.5406814,-743.0,944.0,4358.0,-39.84796109000012,-36.81287904000002,-102.19712404999996,354.32008449925763,949.4908090151504,-349.90634784014014,-980.720158244394
1788030686.6051283,-457.0,325.0,2663.0,-38.748651410000114,-36.793537200000024,-100.97119864999996,354.5356714204176,864.204490724275,-315.55425660000316,-960.760602063072
1788030686.6696491,-621.0,441.0,3687.0,-38.506286770000116,-37.03272055000002,-102.12084777999996,355.73197275284724,873.971126738686,-329.76235395405064,-979.4393096015243
1788030686.7219052,-621.0,441.0,3687.0,-38.506286770000116,-37.03272055000002,-102.12084777999996,355.73197275284724,873.971126738686,-329.76235395405064,-979.4393096015243
1788030686.780549,-744.0,600.0,2609.0,-38.62162710000012,-35.835647960000024,-101.18011133999997,356.35685961835486,841.5028401365325,-347.5509595808285,-980.2033351637327
1788030686.847038,2266.0,-1040.0,6876.0,-38.39965185000012,-36.672917750000025,-102.92009636999997,357.85685961835486,939.7661792326982,-346.7031362646747,-996.6485624344951
1788030686.9006724,2314.0,-263.0,3055.0,-38.44095780000012,-37.30076819000003,-101.75526857999996,357.10685961835486,901.2848343931742,-339.1634802320306,-952.5596438893183
1788030686.9646313,-2738.0,978.0,4774.0,-38.06746510000012,-37.394781200000025,-101.29440229999997,358.09907679496735,803.6905640282221,-378.1048554403141,-950.4092489373293
1788030687.0326858,-206.0,-105.0,1816.0,-37.81488823000012,-38.246881190000025,-103.20677002999997,358.84907679496735,893.4041394549299,-353.72536667458456,-949.2441407668497
1788030687.0831697,965.0,45.0,3618.0,-37.802668610000126,-38.13806367000002,-104.44124284999998,357.6351589442595,919.4688331286022,-409.7947379215087,-1006.800932332498
1788030687.1767695,-2226.0,332.0,4418.0,-37.79334265000012,-37.20067099000002,-101.06767404999998,358.1732755600253,825.3754042793927,-377.5953144531138,-984.5036375100852
1788030687.2412834,1346.0,3311.0,8227.0,-38.432119880000116,-37.253371680000015,-105.17813179999999,358.1732755600253,908.8911103445814,-359.7552463005837,-955.5311233506274
1788030687.3079677,575.0,-587.0,1941.0,-37.309262480000115,-37.29228258000001,-103.09083994999999,358.9232755600253,962.372087211329,-401.618781135331,-1165.4532747189005
1788030687.3824089,-469.0,2815.0,6816.0,-38.307867430000115,-37.92394151000001,-104.01564382999999,358.9232755600253,844.984018057862,-409.10348854897677,-925.0201809016243
1788030687.451829,1356.0,-106.0,4727.0,-38.905389950000114,-35.99282218000001,-103.24028392999999,357.69269488940046,975.9975561465302,-363.91243125031025,-1007.6406911229622
1788030687.5169315,-3218.0,981.0,4164.0,-39.750370660000115,-35.96164208000001,-102.28617286999999,358.44269488940046,861.8625821388171,-337.4570080006196,-943.9847731532459
1788030687.5937214,2302.0,1098.0,4359.0,-41.68128622000012,-36.17818624000001,-102.97093023,356.94269488940046,961.9046707671506,-323.58100475797414,-920.4631338978417
1788030687.645518,348.0,715.0,6277.0,-42.48006196000012,-35.74474204000001,-102.8130327,356.4819151575961,946.2531188976886,-339.0896161854813,-930.4060471741701
1788030687.7133057,-404.0,1024.0,2234.0,-42.23217796000012,-36.389240440000016,-102.44430525,355.7319151575961,947.7658726511494,-362.41265554809775,-972.2868256138286
1788030687.8000536,-258.0,-549.0,2554.0,-42.058920120000124,-35.77673932000002,-101.20731607,357.1893402571015,926.0130411030196,-335.22028825432244,-1016.0832908310967
1788030687.8667839,1383.0,-1518.0,1883.0,-42.85488753000013,-35.77840637000002,-102.03404624000001,357.4374262027976,959.6911136746464,-369.55127128519734,-973.7981174472252
1788030687.9323034,2125.0,-474.0,7270.0,-42.28588777000013,-36.71230815000002,-101.56400296000001,357.4632239482083,940.1586668951248,-349.222346856916,-953.7189623771591
1788030688.001271,-1006.0,979.0,4416.0,-42.54904479000013,-36.14353687000002,-100.62968496,356.4668398231356,918.1183275578752,-373.88034971452527,-982.4007807591836
1788030688.066814,-1521.0,-150.0,4836.0,-41.35225633000013,-36.63068423000002,-100.98477417000001,356.8282052929911,911.5644475269274,-350.01477894676526,-995.0456930237129
1788030688.121541,194.0,-1619.0,2452.0,-41.68091158000013,-35.15017058000002,-100.53717702,357.5782052929911,900.4518008208165,-361.6731449875906,-975.1367199004459
1788030688.2099974,-1461.0,1600.0,2250.0,-42.58830625000013,-36.99502142000002,-103.19941562000001,358.06120248664894,859.634494856063,-352.97199629412324,-944.628861051912
1788030688.2760062,-2450.0,4825.0,12223.0,-41.78291985000013,-37.06007186000002,-102.19887790000001,357.31120248664894,954.915774065233,-363.6349759053155,-949.8399156485441
1788030688.341289,-1490.0,-235.0,2919.0,-41.635127590000124,-36.481300170000026,-99.46055966000002,358.81120248664894,871.2116918014863,-344.1604173512393,-988.2844657132698
1788030688.4315097,-1607.0,1242.0,4085.0,-41.954230010000124,-35.920008530000025,-98.90855303000002,357.95981916989996,842.9196315390433,-327.18203233481717,-950.3318982846044
1788030688.4949348,-2659.0,1189.0,3967.0,-41.009919510000124,-36.272963930000024,-98.81567003000002,358.64383837087945,888.6144126060905,-350.562746109563,-958.1403460644168
1788030688.5642595,507.0,-668.0,4359.0,-41.02859866000013,-37.69365292000003,-101.88966788000002,0.1438383708794504,951.8726551126989,-384.7888522872182,-1004.2740837950091
1788030688.617882,1619.0,-1432.0,6225.0,-41.48302564000013,-35.99959860000003,-103.31168428000002,0.8938383708794504,961.4587385690826,-342.9281665870554,-948.571519066217
1788030688.6829863,-1075.0,629.0,5824.0,-41.742961330000135,-37.18424983000003,-102.39255397000002,359.74351267342075,898.6090598584344,-373.3398174521731,-948.4374731741611
1788030688.7488396,-2104.0,2219.0,2539.0,-41.38115170000013,-38.76446112000003,-104.26035753000002,0.05084592201586702,1005.0503782938113,-389.03103031984216,-959.7037034080296
1788030688.8159666,997.0,962.0,9099.0,-41.059198740000134,-39.896031910000026,-102.89729030000002,0.05084592201586702,1033.1754863838596,-387.79736789314495,-960.3695104448076
1788030688.8801394,-386.0,-1640.0,2523.0,-40.743953460000135,-40.36580919000003,-102.51405094000002,0.800845922015867,930.6173956556192,-398.9965486721253,-945.4148258308834
1788030688.9453607,746.0,178.0,1975.0,-40.99471488000014,-39.46182975000003,-102.71527924000002,0.05084592201586702,948.559117040073,-467.4367819992946,-913.8072612378388
1788030689.0121229,178.0,-1067.0,2766.0,-41.823709340000136,-39.299164520000026,-99.52798485000001,0.05084592201586702,888.6827063757654,-463.79556295627685,-905.9371334386217
1788030689.06413,-2365.0,2249.0,4134.0,-42.10527608000014,-38.52253538000003,-98.03660937000001,359.30084592201587,593.32398422395,-417.20993534298464,-908.1773269876621
1788030689.123459,-835.0,-90.0,670.0,-42.36889083000014,-39.40331878000003,-99.62450057000001,0.007359783608364978,829.3626270886438,-398.44606304641707,-965.3503378133479
1788030689.1914017,-502.0,-103.0,7016.0,-42.939343090000136,-40.89620899000003,-102.22634667,358.6465109537575,917.8946186594031,-477.18268511076735,-891.913035309645
1788030689.2606554,-1980.0,35.0,1364.0,-42.758028740000135,-38.46522463000003,-101.3017061,359.97561614873746,917.7501083020385,-436.0700294280001,-967.1849504941869
1788030689.3312287,3694.0,30.0,8078.0,-42.559649860000135,-40.38392036000003,-104.43237280000001,359.22561614873746,921.4136050285475,-422.38006281550787,-988.5244424228582
1788030689.3963518,-1293.0,802.0,740.0,-42.56990276000013,-42.370699490000035,-102.70770993000001,359.22561614873746,885.2205151282058,-445.78148311793973,-949.7538903615032
1788030689.4631937,-1119.0,-5389.0,3696.0,-42.29632484000013,-40.573789970000036,-102.37506405,359.97561614873746,893.2930083885936,-504.50757931263996,-865.6255570448775
1788030689.5402966,495.0,770.0,5455.0,-42.466680550000135,-40.96213464000004,-105.66732939,359.97561614873746,919.1093673179133,-445.82880391000833,-923.3281776703493
1788030689.6057475,2676.0,-1505.0,6893.0,-42.760876550000134,-40.82587544000004,-104.78164459,0.340235378522209,937.9667979059926,-451.1284205075996,-898.7556118151729
1788030689.6700609,-466.0,6966.0,6450.0,-44.471190330000134,-42.06921663000004,-105.3074253,359.5693886823615,946.3593806370702,-388.28923728594583,-970.13973434096
1788030689.7365596,3008.0,6191.0,8127.0,-44.471190330000134,-41.441077790000044,-105.87058426,358.8193886823615,983.0899801405528,-463.07313650989084,-913.03265986171
1788030689.802255,186.0,-140.0,6853.0,-43.99391857000014,-41.06572085000005,-105.41272714,359.0902489411564,960.1494027877795,-441.92848541613324,-972.2334890732808
1788030689.8685203,-31.0,-1472.0,3773.0,-43.77103465000014,-40.508511050000045,-104.23639534,359.8402489411564,918.2692969588181,-446.48221458722105,-959.8096428823837
1788030689.9587998,-1623.0,-182.0,4622.0,-43.90681547000013,-41.715181270000045,-105.54751158,0.7712843782327866,906.0439821205023,-430.4470483558587,-920.0036998822684
1788030690.0273948,1675.0,271.0,4718.0,-43.37261152000013,-41.97234692000005,-104.16678573,0.7712843782327865,917.3115815232336,-498.6179455382172,-918.1675324159625
1788030690.097446,-1644.0,-606.0,2874.0,-43.33551544000013,-42.655533060000046,-104.80978445,1.5212843782327865,898.9516242862892,-267.0999347333283,-925.7026759335988
1788030690.1706247,131.0,603.0,4049.0,-43.45277258000013,-42.593992630000045,-104.76020331,0.021284378232786505,869.1018327162135,-449.6702242652498,-885.7972683107038
1788030690.2362528,-1247.0,-3179.0,4422.0,-40.73386982000013,-41.42112212000004,-104.9407583,1.5212843782327865,825.0946745776345,-565.578804828744,-902.3544448171102
1788030690.3009787,867.0,263.0,4013.0,-40.10536152000013,-40.715211320000044,-105.39588499999999,0.7712843782327865,855.3360128122846,-524.9262748037283,-914.4671384659721
1788030690.3596182,-1050.0,270.0,3778.0,-40.56129084000013,-40.69039884000004,-106.45661851999999,0.7254296869119067,1098.924131128968,-448.46077670343885,-948.8531591879109
1788030690.4319522,1300.0,79.0,6455.0,-40.74021609000014,-40.98279969000004,-106.82805916999999,359.840021339348,899.3282225393461,-440.51732663525434,-851.9465712347608
1788030690.5049162,-743.0,157.0,2911.0,-40.87311963000014,-41.350602510000044,-106.83424072999999,359.3126585229833,859.8852669528093,-443.2842730773549,-909.0906330341601
1788030690.5728292,834.0,-780.0,6763.0,-41.17888859000014,-41.579536390000044,-106.39209930999999,359.258156955777,909.980604774538,-518.7704804127138,-874.642551271393
1788030690.6384575,276.0,422.0,2818.0,-41.28371555000014,-40.07838905000004,-105.87940201999999,359.258156955777,886.1143324956583,-508.7926085851428,-953.7812812026584
1788030690.706725,183.0,2723.0,7449.0,-40.095355300000136,-39.97035630000004,-104.96884026999999,358.508156955777,854.6858757882658,-462.56048886706634,-946.9816941592304
1788030690.7757552,-484.0,-112.0,2484.0,-39.59436544000014,-40.35383002000004,-104.32868655999998,358.16668005097506,780.4384249682055,-464.23432288372663,-934.6074147019939
1788030690.8392513,-883.0,-187.0,4336.0,-39.35940120000014,-41.36390839000004,-108.34605781999997,357.0491196677818,881.3718936115979,-537.8053149746082,-950.5055652456731
1788030690.8928432,3802.0,-903.0,8325.0,-39.601055340000144,-40.63584784000004,-107.33606743999997,356.2991196677818,918.1975368546482,-531.6855466472593,-918.8210524511861
1788030690.9884548,540.0,-652.0,2052.0,-40.43247621000015,-41.546295700000044,-108.01470616999997,357.0491196677818,833.7176013437216,-502.3614533865136,-911.6464641877391
1788030691.0534968,111.0,1689.0,5904.0,-40.56228015000015,-42.44874214000004,-106.97318407999997,356.2991196677818,847.1411704857466,-486.879102595325,-900.6657625785989
1788030691.117479,-1695.0,-937.0,4077.0,-40.73838279000015,-41.664004060000046,-106.79708143999997,356.69417501548253,813.8804701218027,-558.8409460565912,-862.5179180525964
1788030691.1882687,-1339.0,-969.0,5796.0,-40.569168360000155,-41.00081468000005,-107.79249809999997,357.6184965940069,847.9512228954222,-545.600681896759,-919.3423564781349
1788030691.2519464,-641.0,899.0,5682.0,-41.362520290000155,-41.597118010000045,-108.94152905999997,356.1184965940069,857.5529754573067,-495.8163617385744,-928.5633187124643
1788030691.3172586,491.0,-946.0,3455.0,-41.38444632000016,-41.590853430000045,-109.03863004999997,356.8684965940069,851.7384882516085,-528.7991089347806,-843.9016867792924
1788030691.4038444,124.0,-1930.0,4912.0,-41.701745820000156,-41.76363723000005,-109.94997124999996,357.72004994403625,864.6963020792605,-613.0352921003416,-885.8507775295791
1788030691.4559531,944.0,-646.0,2428.0,-42.28978082000015,-41.71370973000005,-109.99435124999997,357.60328534486274,930.4143239295174,-562.0118737578057,-878.1172030557948
1788030691.5116653,195.0,-519.0,4637.0,-42.08669591000015,-40.71137028000005,-108.91847063999997,356.6241183875834,890.9849303331061,-553.9378751052324,-885.1285977521075
1788030691.5829968,-929.0,229.0,4139.0,-42.51947735000015,-40.800145960000044,-108.44962407999996,355.923308162793,847.8842825294648,-514.1215910498056,-865.7447534823392
1788030691.6445832,171.0,-82.0,6504.0,-41.80936767000015,-41.83755464000004,-108.24444077999996,355.923308162793,888.5715203428543,-546.7670924199889,-880.4943350679079
1788030691.7110832,-142.0,-2151.0,1028.0,-42.25887393000015,-41.69367440000004,-107.32316181999997,355.923308162793,842.4072097763906,-584.9000589371349,-921.4059298973397
1788030691.778602,2639.0,2574.0,7684.0,-43.15568887000015,-41.49634818000004,-109.42659321999997,354.423308162793,899.0292214799689,-457.4282718122001,-914.7936065903682
1788030691.8494656,1787.0,-1150.0,2735.0,-43.253091070000146,-42.15590022000004,-108.30785937999997,355.173308162793,860.1701336567345,-597.9573221125361,-848.2917368192495
1788030691.9153214,617.0,-1920.0,3286.0,-42.511408520000145,-41.78073298000004,-109.62484483999997,355.173308162793,870.3221159915176,-608.3171036376625,-839.6271097327508
1788030691.985261,101.0,-297.0,5968.0,-41.994613640000146,-41.95854964000004,-109.40813743999996,353.673308162793,867.4209766818726,-578.5111416885485,-825.1303680254172
1788030692.0506878,360.0,-208.0,1274.0,-41.24469944000015,-43.06397872000004,-109.65810883999997,352.923308162793,849.4222344941326,-594.752063340767,-865.0764853750252
1788030692.1199927,-2074.0,5292.0,7145.0,-41.063216600000146,-41.21879524000004,-110.39149519999997,352.923308162793,806.4039486558086,-560.771010282877,-880.3503445486866
1788030692.1892064,2526.0,220.0,6732.0,-41.218868040000146,-40.81576919000004,-110.54436714999997,352.173308162793,921.6257930169204,-537.6608097508055,-840.4073021427265
1788030692.2536685,338.0,-1202.0,4601.0,-41.002552290000146,-41.06294164000004,-109.11496665999996,352.923308162793,838.5527565481058,-552.502315660765,-859.3855700848989
1788030692.322807,-978.0,1831.0,2823.0,-40.802221530000146,-40.85414620000004,-109.11496665999996,352.173308162793,859.2697910858941,-567.6433958183542,-880.4926238802741
1788030692.3914027,640.0,2150.0,6773.0,-40.61391460000015,-39.67355910000004,-109.27333297999996,352.173308162793,879.4555275579788,-498.3681402481002,-966.294655008509
1788030692.4618692,729.0,-1771.0,4174.0,-40.840950500000154,-39.75106534000004,-109.79955531999997,353.673308162793,829.6395272012142,-538.6643153806224,-902.859447023984
1788030692.5285418,1746.0,882.0,7672.0,-40.48078160000016,-40.21928491000004,-110.19297057999997,352.923308162793,899.4650138114971,-484.8954110084405,-858.8460879912531
1788030692.5948348,1021.0,983.0,4039.0,-40.15670141000015,-40.10587133000004,-108.32298063999995,352.923308162793,868.5005845668325,-518.9537166742303,-884.2025136433061
1788030692.665572,1390.0,776.0,4851.0,-40.74954387000015,-39.45489968000004,-108.28426237999994,351.97763323589015,870.4334065797457,-509.8568465167656,-863.3880318719865
1788030692.7302618,2728.0,-1274.0,3635.0,-41.26260992000015,-39.227486620000036,-108.32031566999994,352.72763323589015,829.6559831605082,-490.1302704966494,-897.8340550155002
1788030692.7804468,1587.0,-1641.0,6178.0,-40.72482932000015,-39.15855769000004,-107.50812407999994,352.72763323589015,907.4690975536583,-577.874509550905,-859.3361133905639
1788030692.8634732,-1627.0,91.0,4372.0,-40.361369510000145,-38.509691290000035,-106.42827019999994,352.29152423454127,790.6336074167733,-515.0307606700372,-914.6067453051941
1788030692.9298348,339.0,1159.0,2876.0,-40.13111921000014,-39.34192129000004,-107.10792469999994,351.54152423454127,839.7319580182353,-541.6327578713527,-908.8743780247919
1788030692.9835794,-826.0,239.0,4029.0,-40.45018271000014,-38.581592770000036,-106.68061753999994,352.0436110857934,851.0999874486713,-534.5817010211373,-883.9998630286651
1788030693.0403857,-550.0,-119.0,5138.0,-40.611096750000144,-38.62875723000003,-107.48241335999994,351.74960896068586,859.2473326997965,-571.4310015894235,-913.3369126335471
1788030693.1019933,-562.0,-8.0,2483.0,-40.99184047000014,-37.68233714000003,-108.49908635999994,351.47335764184226,898.2836224951149,-537.921064055572,-928.6131055247758
1788030693.1581826,-1166.0,-1279.0,7159.0,-40.76603727000014,-38.48111596000003,-108.64021335999993,352.22335764184226,901.2640318835099,-510.2357205685986,-905.2907581852293
1788030693.2336273,3006.0,-454.0,4401.0,-41.331723510000145,-39.28203986000003,-108.11162802999993,351.92884769772,893.2875725117146,-582.1252766254481,-857.5925571396809
1788030693.2998612,-2229.0,1270.0,4201.0,-42.27893859000015,-38.640541100000036,-108.96291237999993,352.3482181663684,833.6921444331388,-559.3308866040668,-901.0653540778873
1788030693.3664384,570.0,-995.0,6707.0,-42.71471407000015,-37.907772140000034,-110.34795673999993,352.9181895053449,943.7285116812908,-546.887454501243,-931.0622559779201
1788030693.4180193,1917.0,-297.0,5156.0,-42.724800370000146,-36.604564990000036,-106.28129000999994,352.9181895053449,827.6204644826231,-519.2098285328774,-886.4883518331691
1788030693.5166883,-88.0,-477.0,3572.0,-41.862543100000146,-37.65209056000004,-108.98816753999994,353.8012204065208,869.9976692147923,-550.2003904948684,-861.1597651198431
1788030693.582108,1130.0,-196.0,8599.0,-41.776042420000145,-37.84671709000004,-109.17661544999993,353.0512204065208,892.2058905290537,-536.3529777030072,-885.3610909050664
1788030693.6512082,-10.0,-231.0,1295.0,-42.177838360000145,-37.35540914000004,-108.39472461999992,354.0005602285937,835.9958209716813,-564.6281030897263,-887.443821009343
1788030693.7162247,-1135.0,3169.0,10744.0,-42.08831739000014,-37.42949546000004,-110.55557561999991,353.2505602285937,883.5478785691932,-757.9075166394808,-859.9727166951185
1788030693.7817361,-602.0,-183.0,3902.0,-41.92808949000015,-36.83685236000004,-110.57456969999991,354.2004450261963,885.2329989850572,-258.02294834618584,-913.1492312071294
1788030693.84921,871.0,690.0,4283.0,-41.67180458000015,-37.07152288000004,-110.81850352999992,353.4504450261963,900.1332572934105,-514.9016926207568,-855.8626603031879
1788030693.9321423,403.0,-1559.0,1597.0,-40.76326128000015,-34.96365390000004,-108.49079611999991,353.4504450261963,836.989452228172,-513.352548930172,-847.7908518508827
1788030693.9953787,843.0,1789.0,1785.0,-41.29197345000016,-35.612065440000045,-110.24162498999992,353.4504450261963,907.8369481769695,-494.34032963464153,-937.7733577012535
1788030694.0614076,-993.0,-457.0,3507.0,-41.38765526000016,-34.951552300000046,-108.94220427999991,354.2004450261963,859.1722662205926,-473.17515852433576,-917.9049766460346
1788030694.1120749,-314.0,-370.0,3654.0,-41.52362802000016,-35.40891522000005,-109.60970691999991,354.6594170414537,874.5807538852873,-496.0859331604709,-892.0621293050873
1788030694.1792235,716.0,910.0,5102.0,-41.84293127000016,-35.64199282000004,-109.71033086999991,354.6594170414537,928.3942764397344,-482.1481611130888,-904.3255094408782
1788030694.248294,-262.0,-281.0,3904.0,-42.43873578000016,-35.16658404000004,-109.57758685999991,354.90519055050123,902.1122779445936,-493.059651277992,-867.1375350846921
1788030694.3170264,2201.0,118.0,3973.0,-43.06218210000016,-37.00702180000004,-108.00795725999991,353.40519055050123,804.2595713642565,-512.7648615678062,-924.5210147402305
1788030694.3672233,-2074.0,-553.0,2485.0,-43.915314660000156,-36.58354658000004,-109.65858329999992,354.15519055050123,821.0442306208948,-483.6431358790017,-930.2956766194933
1788030694.4337218,-626.0,681.0,1769.0,-45.17955708000016,-35.399420000000035,-111.0088705599999,353.22285796456214,925.5908161394497,-448.0222979692798,-907.2284478560863
1788030694.4964645,-439.0,-1636.0,3408.0,-45.028146590000155,-35.767131190000036,-110.7184096199999,353.97285796456214,911.0515803407347,-488.9929439347647,-854.8867807252535
1788030694.5658252,-488.0,259.0,2489.0,-44.92000373000016,-36.26456680000003,-111.51595811999991,354.54494935152013,928.2388009665298,-479.76253617582967,-934.4800311878419
1788030694.6307416,-604.0,-542.0,4319.0,-44.90455368000016,-37.06487939000003,-112.71797200999991,355.29494935152013,920.6314906551884,-482.0609551418329,-917.5940441826506
1788030694.6862366,709.0,-580.0,1542.0,-44.524818240000165,-37.09883947000003,-113.8324800899999,356.04494935152013,891.5296804557856,-491.89189938971504,-886.6525240186782
1788030694.7681086,-5344.0,351.0,5362.0,-44.71173336000017,-36.69785441000003,-109.89985824999991,356.025148601516,831.0181361455514,-462.19594518935855,-899.0845572862656
1788030694.8212125,-1512.0,784.0,2042.0,-44.359336560000166,-36.23417441000004,-111.38672544999991,356.0710601370282,905.0313146014997,-521.4835642171302,-914.5291572601751
1788030694.8876746,548.0,-356.0,3128.0,-45.088085700000164,-36.19407890000004,-110.73827610999992,355.8961741393779,884.8630134820681,-451.5239066945116,-895.7920270185973
1788030694.9864414,-78.0,554.0,2310.0,-45.591480130000164,-36.58628253000004,-109.00537052999991,354.3961741393779,852.3802350851721,-487.55491479333466,-931.092335908532
1788030695.0512967,622.0,1144.0,6614.0,-46.333211890000165,-36.382694950000044,-111.89351963999991,354.3961741393779,933.7451981773124,-506.7278526159133,-922.6611082600613
1788030695.1210988,243.0,429.0,2267.0,-46.460269660000165,-36.794857960000044,-111.1218761099999,353.6461741393779,932.4272246994132,-484.3979659754885,-982.1648565741356
1788030695.18488,1929.0,-32.0,5639.0,-46.665195920000166,-37.04898876000005,-111.1214563899999,353.58265461909224,860.9598075934157,-482.68904557863357,-896.9083647011598
1788030695.2512374,-1227.0,-518.0,2081.0,-46.31314226000016,-37.37633690000005,-110.8219019599999,354.33265461909224,804.4708241701795,-484.3369718746035,-875.4771851557773
1788030695.3182518,307.0,252.0,3192.0,-47.46270410000017,-36.623247570000046,-112.71137296999991,352.9428244146601,969.9430582271247,-449.94342023801806,-892.3287386370378
1788030695.3975508,596.0,-162.0,5292.0,-47.15959500000017,-36.15002622000004,-111.32882431999991,353.0894865935902,928.1319614839888,-440.19587018694654,-961.331510529701
1788030695.4650588,-426.0,-2095.0,2632.0,-46.37402672000017,-35.52320597000004,-113.00243807999992,353.99937150388615,876.0931555772902,-517.1774747888774,-851.7613574607362
1788030695.5457792,1457.0,393.0,5312.0,-46.198099640000166,-35.51703309000004,-111.24934015999992,353.24937150388615,895.1917357943278,-431.0499369032258,-870.0717434707165
1788030695.60759,2307.0,-2811.0,7545.0,-47.254650660000166,-35.32553787000004,-112.07740431999993,354.08075364467817,935.5025236833171,-474.59709342593453,-929.4530380310498
1788030695.6728995,16.0,-279.0,1098.0,-47.310437440000165,-36.925391790000035,-108.42284613999993,354.08075364467817,775.0542392505815,-534.4912234146381,-844.1410496157688
1788030695.7381124,-3426.0,1028.0,1953.0,-46.571774480000165,-36.084737710000034,-110.25559565999993,354.83075364467817,796.3063406612843,-521.1433989590566,-919.4325702995062
1788030695.830085,-556.0,-1013.0,1821.0,-47.241952730000165,-36.09376267000003,-110.80253512999992,355.409813506178,865.3489756331569,-484.3663865076228,-930.9316411179534
1788030695.8942726,-134.0,87.0,2770.0,-46.924128230000164,-35.419581050000026,-109.68990465999993,354.12824399924096,811.1285397813501,-449.8409420718591,-907.2250891573029
1788030695.9589496,-2222.0,2.0,5108.0,-47.84988306000017,-35.89639123000003,-108.84155407999992,354.658195788507,806.5385228794344,-466.61041767072425,-888.5452379414877
1788030696.0302,2755.0,1625.0,9071.0,-48.55406724000017,-35.778381450000026,-111.01619066999992,354.658195788507,943.8003379452704,-397.497714078255,-883.141791199196
1788030696.0955093,-1285.0,591.0,4765.0,-50.34537984000017,-35.01244089000003,-109.31444369999991,354.4005779972935,824.5479165170638,-458.10864824455246,-898.7621427238922
1788030696.1634233,554.0,1056.0,1565.0,-50.39560274000017,-35.53813333000003,-111.25160255999992,354.4005779972935,866.4481479350459,-458.71445551153454,-912.0522228879664
1788030696.2457242,-843.0,215.0,1501.0,-52.061261280000174,-34.17014622000003,-108.99875657999992,354.4005779972935,831.0099054769881,-410.90792062840916,-958.9321005260269
1788030696.3112805,-1590.0,734.0,2103.0,-51.43064220000017,-34.43599544000003,-109.07912959999992,354.89699524362624,845.4467305123795,-456.33786863884717,-1150.2041881971402
1788030696.375324,1610.0,-515.0,4332.0,-50.99111185000017,-35.23767121000002,-109.75695611999991,355.0967505693012,924.0536066932051,-420.55250185250327,-1159.4869955098627
1788030696.4752212,1470.0,3596.0,5614.0,-51.357940060000175,-36.37735507000002,-108.40568675999991,353.842637280501,826.0271534065048,-407.43796024363814,-899.3184228520602
1788030696.5476825,-1936.0,1378.0,590.0,-49.88447275000018,-38.32035494000002,-106.20629739999991,354.592637280501,810.1394695636961,-498.7109394703199,-881.1388890943408
1788030696.6211429,-2697.0,-2085.0,2428.0,-50.93073895000018,-34.29293588000002,-104.7441612699999,355.8403729802527,756.3834244293098,-414.71032661533917,-941.0366302545176
1788030696.6857073,120.0,1570.0,2339.0,-50.75757295000018,-37.09505373000002,-107.49013057999991,354.3403729802527,878.3122914974974,-426.7984639974259,-892.0046765635149
1788030696.7516706,4025.0,-567.0,8564.0,-49.87122224000018,-37.71271973000002,-106.58833821999991,353.5903729802527,895.3956765430698,-475.9296568089954,-927.2051107600481
1788030696.8152409,-218.0,521.0,2704.0,-49.45041920000018,-38.18302901000002,-104.32033359999991,352.8403729802527,838.6213586058986,-468.15885553005234,-916.8064232357083
1788030696.9081738,858.0,1967.0,2294.0,-50.85161872000018,-36.452809330000015,-108.9206257999999,351.35428015148295,841.115689173501,-434.0128733388356,-918.1781168867044
1788030696.9789774,-1472.0,845.0,4681.0,-51.20396764000018,-37.24713979000001,-113.2940794999999,352.07699366804223,952.8929259683634,-437.9727269300058,-959.9923405662096
1788030697.043407,794.0,39.0,2832.0,-51.04339107000018,-36.440157880000015,-110.82245243999989,352.07699366804223,937.3155219667229,-427.14154726267907,-919.037536196027
1788030697.1131425,-106.0,-81.0,258.0,-50.68121289000018,-37.42453960000002,-108.76082279999989,352.82699366804223,880.1825634681634,-463.49208225204904,-842.4443540163769
1788030697.179297,-5.0,-2205.0,8699.0,-50.18237742000018,-39.95322758000002,-107.73491588999988,353.57699366804223,806.6696803573072,-487.58656313379544,-860.0422373970763
1788030697.2485728,-1330.0,120.0,-404.0,-48.513077550000176,-41.38145501000002,-110.30692931999988,353.57699366804223,853.3836429535099,-519.2306534115419,-867.8302197554656
1788030697.3293824,-558.0,-365.0,6256.0,-48.30528115000018,-40.637680160000016,-110.27077011999988,352.1808433956045,751.5922503771015,-647.5028957194854,-828.0761384630761
1788030697.393809,2581.0,-708.0,2641.0,-48.67044147000018,-37.25829044000002,-111.32906931999989,350.6808433956045,983.8927370641151,-614.2153278788758,-892.4834863053287
1788030697.4578018,2599.0,977.0,6581.0,-49.880984510000175,-36.51714164000002,-111.6008238799999,349.9308433956045,977.3564519077122,-503.4367995354016,-912.3356378737785
1788030697.5191817,1130.0,1225.0,2376.0,-50.124868570000174,-36.38130748000002,-112.3849574399999,349.1808433956045,900.3831987630236,-446.0166051183032,-917.7158667496363
1788030697.5731883,2111.0,1088.0,4368.0,-50.22992653000018,-36.17428150000002,-112.43439647999989,348.4308433956045,970.1991066788584,-410.3160441912832,-924.6811721072189
1788030697.63686,1095.0,46.0,4576.0,-48.95746002000018,-36.67145034000002,-111.08464772999989,348.2662486963373,955.966365343033,-442.97476913519466,-876.0877544724033
1788030697.7028081,173.0,-874.0,4437.0,-48.778466800000174,-36.64058944000002,-110.30695304999989,349.0162486963373,888.203978007661,-432.7249953588259,-911.681156533823
1788030697.758927,330.0,876.0,4966.0,-49.368488750000175,-36.76138263000002,-110.5728031799999,349.06374916952785,882.8848676689273,-398.15380748556163,-958.289321363712
1788030697.8240292,-208.0,614.0,4046.0,-49.80430847000017,-37.00556531000002,-110.0968014999999,349.2310538190602,873.4281482409917,-411.60714504058865,-865.3870627874503
1788030697.876291,-683.0,-254.0,4209.0,-49.98357371000017,-37.36100501000002,-109.7568156999999,349.9810538190602,907.0604787911233,-445.4260693337886,-871.5122069032861
1788030697.941632,-296.0,-266.0,4323.0,-49.79811263000017,-37.249822260000016,-110.02251476999992,351.4810538190602,881.8238394297043,-431.2075007211375,-863.8450134738453
1788030698.0095363,-191.0,354.0,4072.0,-49.25436943000017,-37.317790160000015,-110.10284046999992,351.5227279955066,901.6363389903408,-439.78471154842674,-919.6707095059745
1788030698.073508,-81.0,-183.0,4111.0,-48.95430869000017,-36.841081410000015,-110.10284837999991,352.51160491607027,918.2519773547165,-438.2313084856156,-860.3295959055854
1788030698.1541185,161.0,182.0,4228.0,-48.965964530000164,-36.53096958000001,-110.1310686699999,352.89084938046307,916.0044302103503,-404.3520751037044,-937.2433714206495
1788030698.220143,-50.0,83.0,4128.0,-49.18529560000017,-36.49698871000001,-110.0939986299999,353.1779967620427,894.9781117958207,-419.7272880998028,-865.5989168031762
1788030698.2888958,-210.0,122.0,4152.0,-49.74733428000017,-36.30558043000001,-110.06929870999991,353.6778868036151,922.6944853747823,-433.53100465046725,-910.8559634428176
1788030698.3774893,-67.0,-32.0,4120.0,-48.83191117000017,-36.358177800000014,-110.05073974999992,354.1571589234323,926.235985096599,-442.75145975848176,-916.4472964514994
1788030698.444129,-3.0,50.0,4139.0,-48.76702096000017,-36.19440727000001,-110.10635992999993,354.2600166455188,913.6383081848775,-429.356619372948,-920.4371874818974
1788030698.5130877,-80.0,20.0,4130.0,-48.859467860000166,-36.55612338000001,-110.11566691999992,354.15326084382167,903.1083849489854,-466.0459079578784,-879.3193459467471
1788030698.5869796,-51.0,55.0,4131.0,-48.40847578000017,-36.64556329000001,-110.16506255999992,354.2356386848761,905.1760836582401,-448.31935375399917,-892.3873987324575
1788030698.6554372,-12.0,3.0,4141.0,-48.49508622000017,-36.53420701000001,-110.21146100999992,354.48303110156286,940.9892135263467,-434.4479627992084,-910.0403762041797
1788030698.7214491,-113.0,72.0,4159.0,-48.38453963000017,-36.519053270000015,-110.32601775999993,354.67798507176565,894.8296731093535,-439.197917240891,-881.8490493492328
1788030698.7936652,-135.0,59.0,4157.0,-48.21776981000017,-36.330665140000015,-110.34763606999992,354.7067579545977,925.0478872304975,-446.5676782242896,-849.6701101617926
1788030698.8616939,19.0,56.0,4160.0,-47.85331033000017,-36.775588360000015,-110.38167342999992,354.7192133002498,901.1517677173247,-416.2896603552305,-893.3759677632286
1788030698.9129126,13.0,69.0,4155.0,-47.87492766000017,-36.537797730000015,-110.43108446999992,354.4860488150238,936.3941789688195,-466.880225082142,-876.6000201572555
1788030698.9970624,-123.0,85.0,4164.0,-48.00167505000017,-36.639799140000015,-110.50833989999992,354.3689523514939,912.0783214332125,-441.6689362301879,-832.552544945533
1788030699.066745,-56.0,3.0,4151.0,-48.054140960000176,-36.797196870000015,-110.52068481999993,354.5345911599082,901.6579721271381,-427.90983549754395,-869.5481607458631
1788030699.1310947,-36.0,80.0,4178.0,-47.83002854000018,-36.65730614000002,-110.54244158999992,354.95596940076774,896.1484168699783,-401.80439098678596,-897.7993463932555
1788030699.2169237,-100.0,17.0,4180.0,-47.70918992000018,-36.66112688000002,-110.54559291999992,354.7463287266024,914.2547192342427,-448.7061332604491,-849.9618859401048
1788030699.2840235,-66.0,38.0,4187.0,-47.77096352000018,-36.67657028000002,-110.58265707999992,354.77740594615295,888.6771771368043,-424.90489638897685,-868.8527399062399
1788030699.3474264,-72.0,77.0,4169.0,-47.57626769000018,-36.469453790000024,-110.57956608999991,354.3196095846024,939.1049779153553,-489.66320273657743,-871.0579064506144
1788030699.4406662,-97.0,28.0,4171.0,-46.85692144000018,-36.68569597000002,-110.57338697999991,354.6624591643603,916.3936552710828,-423.2198852824564,-912.4279103144032
1788030699.506815,-53.0,8.0,4166.0,-46.804338910000176,-36.37638697000002,-110.56410770999992,354.62690539381236,921.7943023258335,-455.53903387344377,-883.1991889211056
1788030699.5739439,-54.0,96.0,4134.0,-46.39978413000017,-36.339349410000025,-110.5301458799999,355.0621279448787,928.4844070790076,-401.41855258867827,-913.3056900630543
1788030699.6463277,-103.0,41.0,4156.0,-46.43376423000017,-36.08604321000003,-110.48689847999991,354.9259573643235,903.0676605831014,-449.871062536135,-942.4901682775636
1788030699.7111173,-3.0,243.0,4066.0,-46.20256200000017,-36.509662560000024,-110.6414009399999,354.5354580575046,895.5536939239851,-438.39068422274545,-859.9763138236781
1788030699.7637575,277.0,-63.0,4186.0,-46.62229880000017,-36.238068160000026,-110.5827612399999,354.4110725661068,920.2178046482996,-448.5747124403132,-858.5157237444834
1788030699.8536093,-125.0,169.0,4214.0,-46.860086350000174,-36.259740020000024,-110.5889337699999,354.5915011726699,941.1311270094259,-447.67453283114133,-930.0185215603027
1788030699.9064817,-193.0,89.0,4163.0,-46.974396000000176,-35.90754272000002,-110.5703970699999,354.76262234427617,909.8404959341185,-422.9303124516948,-944.0329588172491
1788030699.9732883,37.0,-48.0,4120.0,-46.677682170000175,-36.371034210000026,-110.5704051199999,355.10082687536624,926.8997336994853,-410.97688976894165,-890.2939827749349
1788030700.0588338,-105.0,131.0,4138.0,-47.20316314000017,-36.08327919000003,-110.57356036999991,355.1945547967894,929.5396473798936,-443.7510589317006,-917.5354477637151
1788030700.125285,-40.0,-31.0,4148.0,-47.03335119000017,-36.06166676000003,-110.5550354299999,355.2761306619404,925.9479657241293,-440.048376658498,-879.0087609149828
1788030700.1762028,-32.0,13.0,4195.0,-46.789558270000164,-36.655175410000034,-110.60261323999991,354.9614957609918,921.3943212598946,-444.4207991258301,-859.5335041268172
1788030700.2649913,-79.0,55.0,4198.0,-46.74525009000016,-36.524966170000035,-110.63031209999991,354.8579466452161,923.668398070285,-447.1380949613964,-894.342525243931
1788030700.338979,97.0,-36.0,4201.0,-46.76464478000016,-36.790950490000036,-110.63862410999991,354.93922527568157,948.8020766895236,-444.5061235928372,-931.3890715339359
1788030700.3897815,-533.0,466.0,3840.0,-46.71187241000016,-36.81035995000004,-110.8218822899999,354.9703858488011,922.035138288841,-410.57806236175554,-931.1277694806965
1788030700.4799278,-221.0,345.0,4282.0,-46.73382462000016,-37.03053046000004,-110.77248706999991,354.1377327685451,915.9691470991781,-461.6696263750246,-893.7774991856235
1788030700.5439584,87.0,184.0,4180.0,-47.345604530000166,-37.35880596000004,-110.60361899999991,353.3311949082011,924.2735137667919,-532.5678200973819,-929.1984232886967
1788030700.6134746,-95.0,103.0,4291.0,-47.770200590000165,-37.458856120000036,-110.29833331999991,352.506329177451,920.8667861859999,-530.2064086001379,-959.1715010685231
1788030700.6812844,-274.0,70.0,4062.0,-48.338962840000164,-37.62809757000004,-110.1457385699999,352.2766470049675,914.7029564650851,-533.2959182909433,-964.2792122336448
1788030700.7463496,-44.0,-22.0,4256.0,-49.08807169000016,-37.89449916000004,-109.9987549499999,351.83861182624815,895.2361516143781,-530.5030418841982,-1045.4226904297068
1788030700.813615,-813.0,490.0,3594.0,-50.018839710000165,-38.044546820000036,-109.9351702399999,350.9158656981251,873.2971225207082,-555.8370441633905,-1010.1686359374904
1788030700.9041052,-444.0,-258.0,4308.0,-51.28226831000016,-38.06674963000004,-110.0573055399999,350.9903913566729,884.8303490696212,-566.3122218538523,-989.7062375510523
1788030700.9701586,-1860.0,-272.0,3598.0,-51.87696773000016,-37.933277410000045,-109.8155651599999,351.45280882275466,946.5004960731216,-574.1233092811232,-1090.8000685273516
1788030701.044024,-1547.0,-897.0,3870.0,-52.19365403000016,-37.54436441000004,-110.09891605999991,352.20280882275466,892.4080596528106,-561.4338822377562,-1055.0227787419014
1788030701.1141067,235.0,-362.0,4961.0,-53.29735467000016,-36.72349933000004,-110.6701590399999,353.0424109779072,950.8816591260008,-512.6481728033717,-1035.9041713912482
1788030701.1785817,-145.0,559.0,3634.0,-53.88882156000016,-37.871080870000036,-108.8093477799999,351.5424109779072,926.7078084355552,-617.1718178634586,-1040.8862351628338
1788030701.2438784,-163.0,-224.0,3237.0,-54.52316072000016,-37.55806635000003,-108.61544497999989,351.90200611131087,907.2223471480967,-543.487311823926,-982.9475176739863
1788030701.3000493,337.0,-396.0,4088.0,-57.40506464000017,-36.79600176000003,-109.7294102799999,353.0342873697476,1016.2446550780213,-491.62898887684815,-1026.0435135950731
1788030701.3622725,1065.0,-310.0,3830.0,-58.93844516000017,-36.34402884000003,-110.0011485999999,353.1626495729836,1006.6112452613513,-452.6166669167592,-1006.6908205999741
1788030701.4286966,1029.0,437.0,4254.0,-59.73360911000017,-37.26320136000003,-108.33437677999989,352.35685800104375,1053.9509335241587,-448.70869977687147,-954.564374840472
1788030701.4939075,1188.0,-2446.0,1226.0,-56.80801406000016,-37.29375265000003,-108.9223116099999,353.85685800104375,974.0451750945207,-490.2139013954169,-991.7370422711188
1788030701.5614328,592.0,100.0,4406.0,-57.78655477000016,-37.19395813000003,-109.04428268999989,353.10685800104375,993.6639671350372,-523.605455171723,-1047.3198980718412
1788030701.628921,1302.0,-213.0,5536.0,-58.72064478000016,-36.93082302000003,-108.73909780999989,351.93641719771466,1022.6890491634007,-531.341218836419,-1079.0062320932875
1788030701.6944635,-827.0,536.0,3251.0,-58.75414097000016,-37.06926727000003,-108.54226578999989,353.07661047022873,967.1997490122008,-443.1606192542101,-1046.597095764436
1788030701.7640002,-137.0,-440.0,4457.0,-59.70309863000016,-36.564120810000034,-108.81703755999989,354.57661047022873,1004.6382766257136,-435.9057365408993,-1024.0909581934611
1788030701.8306363,-289.0,97.0,3822.0,-59.891675550000166,-36.59462590000003,-108.86140859999989,355.20240589251136,990.3996374184017,-408.3292947147222,-1001.6345610719565
1788030701.8966465,-237.0,-160.0,4245.0,-59.76402733000017,-36.21446514000003,-108.83368047999988,355.76124188260707,982.047971592774,-437.25286557517103,-1009.118828082099
1788030701.9747262,-215.0,-67.0,4069.0,-59.43090153000017,-36.491931140000034,-109.00022062999989,356.5287740798565,982.4761493944054,-452.4967058046455,-1033.6608651925399
1788030702.0405624,-237.0,132.0,4321.0,-59.37817767000017,-36.29213546000003,-108.96137146999989,356.8224097962336,996.9016684457337,-402.4250952890886,-1066.900739283402
1788030702.1045618,-261.0,-101.0,4149.0,-59.00890828000017,-36.52246143000003,-109.07794148999989,358.00915733583645,972.2774568380025,-400.3286422134507,-987.9122470249418
1788030702.168706,-220.0,-229.0,4176.0,-58.62561726000017,-36.273777610000025,-108.99184946999989,359.10311045509866,996.681849480857,-396.44646515571054,-948.207597493905
1788030702.234367,-316.0,118.0,4235.0,-58.45807100000017,-36.31772417000003,-108.98360948999989,359.2136473377369,967.7061241371407,-375.1056583763888,-932.1783573056707
1788030702.3045566,-268.0,-24.0,4133.0,-57.96307517000017,-36.13945314000003,-108.8629065999999,0.17412877629294599,992.514007953769,-383.71334187114667,-981.8886801333197
1788030702.394953,-153.0,-59.0,4328.0,-58.038159200000166,-35.90600643000003,-108.68784807999991,1.0689901271359883,1001.2389656574195,-344.74798778749795,-946.2049628680245
1788030702.4614797,-704.0,114.0,4184.0,-57.766099580000166,-36.26701743000004,-108.3713930599999,1.48259960561192,954.0732279582369,-340.02657574308756,-934.4866008400631
1788030702.5306187,-649.0,-142.0,4322.0,-57.966046460000165,-36.37532199000003,-107.8243161799999,2.0582851164565015,956.997441792646,-405.1096575153158,-936.7810662639187
1788030702.5966113,-685.0,-313.0,4124.0,-58.17976073000016,-36.427940080000035,-107.2884874599999,2.777123395677016,987.6460069906065,-366.4541610018913,-955.2913030432056
1788030702.669869,-690.0,-143.0,4058.0,-58.37658764000016,-36.544372900000035,-107.10829380999989,3.1435028164251615,944.153240157064,-345.46316655701173,-915.6156447850805
1788030702.7424588,-745.0,-361.0,4106.0,-58.22976068000016,-36.117743620000034,-106.97808876999989,3.8935028164251615,975.1873991815376,-320.6795796060612,-990.6459734549042
1788030702.803732,-1634.0,258.0,4200.0,-58.38197533000016,-34.743934890000034,-108.13834877999989,5.669921257762755,957.7128249106815,-282.9722190276675,-950.7501090453743
1788030702.8692446,-984.0,-324.0,3202.0,-58.190543110000156,-34.341649790000034,-109.46450241999989,6.195713953908223,990.9489485799177,-343.87776223811153,-937.4193181171048
1788030702.935815,-1075.0,81.0,5742.0,-58.59559755000016,-31.96395916000003,-113.77097934999989,7.080446497043878,1118.36578735721,-310.6468093503108,-966.7526366586014
1788030703.032418,15.0,2916.0,7324.0,-59.83729885000016,-32.43268462000003,-112.0025871299999,7.530846649915702,1187.7061467757574,-272.60048713370037,-1195.6598456999195
1788030703.0963752,1720.0,-887.0,5183.0,-60.82697782000016,-32.30239075000003,-109.4050263599999,8.280846649915702,1205.7209432725913,-288.89343369482725,-1012.012876938038
1788030703.162308,-383.0,938.0,2163.0,-63.660209760000164,-32.77951635000003,-105.54176611999989,6.780846649915702,968.404368997406,-326.6239475414797,-1019.4398348357373
1788030703.2264597,-1855.0,174.0,2667.0,-64.84509626000016,-32.04929560000003,-104.93830066999989,7.4522511058750585,946.0234021945803,-246.53541846294814,-982.4068929404597
1788030703.2951226,847.0,-952.0,4935.0,-66.13106570000016,-30.48372180000003,-104.9545748299999,8.952251105875058,943.3095497569841,-209.12358508065338,-1002.6993931352343
1788030703.369808,-1037.0,1539.0,4480.0,-67.50897727000017,-30.50316339000003,-103.6071071699999,8.952251105875058,965.7260087816157,-200.91710757349492,-1079.8344548025818
1788030703.43678,244.0,690.0,4115.0,-68.25528213000018,-29.615332740000028,-103.97610453999991,7.4522511058750585,952.911340714376,-208.03694562823364,-1099.1475343480074
1788030703.4927223,215.0,346.0,4600.0,-68.29692723000018,-29.934611840000027,-103.7206812599999,7.097008948900155,938.6337487661654,-184.08447375133397,-1027.333639009816
1788030703.5580196,-866.0,387.0,3918.0,-68.00824863000018,-30.07061694000003,-103.42366187999991,6.645877518417521,947.4509879978044,-267.1145964915634,-1088.2437809403095
1788030703.6481674,-631.0,188.0,3970.0,-68.49982216000018,-29.61787031000003,-103.99837398999992,7.034012197766712,959.0197617350982,-257.1054507706785,-1049.7077169746824
1788030703.7013113,-561.0,390.0,4064.0,-69.21590116000017,-29.48742181000003,-104.45633148999993,6.628978199495819,1015.3742205234506,-266.3187062553329,-1119.4379122470443
1788030703.7677498,-199.0,686.0,4305.0,-70.44432766000017,-28.928669770000027,-105.33176499999993,5.529389774779293,1034.7802799745698,-232.28847314507985,-1098.9171461771434
1788030703.8545191,-894.0,507.0,3663.0,-72.38831621000017,-28.681266460000025,-106.85590418999993,5.558728982289955,1056.2864272769475,-160.90723434892647,-1089.8230300333755
1788030703.9205985,141.0,241.0,5524.0,-75.57355561000017,-28.678397860000022,-109.42629998999993,6.707137949454195,1130.426059221108,-210.3676025522827,-1056.9584959373306
1788030703.986474,797.0,-1835.0,3161.0,-77.03125822000017,-28.75577061000002,-108.81969762999994,7.457137949454195,1233.9953648871492,-192.97700157532708,-1070.2007205553782
1788030704.0536923,766.0,1255.0,3462.0,-80.12500643000017,-28.783530650000017,-110.01289256999993,6.037327552641732,1305.121895828195,-204.21625618193937,-1036.6122954942277
1788030704.1184034,-637.0,-455.0,3890.0,-82.95134519000017,-28.843831870000017,-110.00868612999993,7.537327552641732,1448.077537927687,-187.67195064495283,-1139.7244704732293
1788030704.1853638,-1373.0,1830.0,4453.0,-86.24824453000016,-28.900723670000016,-109.33458507999993,9.024183542877417,1388.1414439880282,-11.433347981666037,-1030.25532815569
1788030704.2721274,402.0,625.0,3207.0,-87.98794417000016,-29.408249150000017,-109.26944811999992,9.509102269641422,1371.6921582284479,-11.247075361991637,-960.8382253484697
1788030704.3377938,243.0,-154.0,3382.0,-91.77165312000017,-30.38570843000002,-108.10519621999993,10.549440123472365,1365.9468230593993,-63.137496384618295,-1043.1485142458237
1788030704.3881967,518.0,189.0,4093.0,-97.46973432000016,-31.25612763000002,-106.56279339999993,10.549440123472365,1351.575271320297,-13.899096192927953,-1016.3204738865315
1788030704.4790554,712.0,-572.0,4033.0,-105.05726280000016,-30.87809487000002,-105.48644273999993,12.049440123472365,1369.7446465033931,62.43328823142158,-988.8194730518086
1788030704.543857,-74.0,671.0,4255.0,-111.16707210000015,-29.75986475000002,-104.34048141999993,13.549440123472365,1215.3701053632085,159.308564246513,-1060.5831964400493
1788030704.6084898,-2269.0,4410.0,2784.0,-116.10204410000016,-30.29220075000002,-105.31824141999994,13.4102933715658,1269.2696707059347,245.71461551160868,-1082.6626361422677
1788030704.678146,-700.0,-3445.0,3005.0,-122.69031614000016,-28.38250884000002,-105.08493246999994,14.9102933715658,1286.5273199810824,251.67898485589222,-1048.9726338569035
1788030704.7455835,-1143.0,464.0,3215.0,-128.04856666000018,-26.96661632000002,-103.52815437999995,16.4102933715658,1196.2708652341646,312.0535266666812,-1049.0733134528698
1788030704.8119652,126.0,403.0,4881.0,-131.63365348000016,-26.50446554000002,-104.68216401999995,17.1602933715658,1203.5589059462839,335.8094899423884,-1042.3947990935255
1788030704.9030612,-1173.0,-655.0,4129.0,-142.21730999000016,-26.99479300000002,-107.09649649999993,19.4102933715658,1283.797138525979,520.0396840859852,-1011.1421101113572
1788030704.968146,-173.0,-1163.0,2422.0,-144.35958215000016,-27.26809834000002,-107.49127087999993,20.1602933715658,1361.3607792595255,508.6646789895442,-960.5573662338405
1788030705.0360196,226.0,-102.0,4404.0,-148.76869455000016,-27.16303758000002,-107.00834465999993,21.6602933715658,1295.1852935454358,521.9312044981307,-987.1338290884077
1788030705.1083534,1061.0,-1808.0,4534.0,-150.02890840000018,-27.40822539000002,-106.63841551999994,23.1602933715658,1365.9339331741144,546.9422906129898,-960.2568445253887
1788030705.1749356,-486.0,224.0,4862.0,-151.3197176400002,-26.70768051000002,-105.06048188999993,24.6602933715658,1297.2557432730348,610.5598115398888,-959.7638542217554
1788030705.2414093,-738.0,510.0,4949.0,-152.6230230000002,-26.39634081000002,-103.93607573999992,26.1602933715658,1178.3312899226235,622.4576299632059,-988.8675680650938
1788030705.3011153,-1127.0,234.0,2082.0,-153.4729828800002,-26.14245669000002,-103.45314398999992,26.9102933715658,1124.6520279258514,656.2142675564216,-989.8447100165383
1788030705.352388,-410.0,1284.0,5673.0,-155.16297804000018,-26.50972688000002,-102.79868507999991,27.6602933715658,1079.7665785744964,644.449399966732,-981.7527198979453
1788030705.4205096,-1605.0,-240.0,3699.0,-157.40373313000018,-26.67534030000002,-102.18814262999992,29.1602933715658,1070.8877575007346,640.3928109664802,-994.9202999454375
1788030705.4857135,-810.0,-182.0,3120.0,-161.79076431000018,-27.433310240000022,-103.92346418999992,30.6602933715658,1044.0180178797632,638.8494566616134,-964.1806891700255
1788030705.548768,-996.0,399.0,2663.0,-164.31968301000018,-27.308664740000022,-105.14775998999991,31.4102933715658,1024.4937851977375,627.0033589975241,-1029.6569551899001
1788030705.6188068,8043.0,-8357.0,7698.0,-170.71487629000018,-27.140404060000023,-107.85672778999991,32.9102933715658,1191.570097529242,689.3717093133014,-1051.4263136941408
1788030705.685937,-172.0,-1478.0,1630.0,-173.5722944900002,-26.352999260000022,-106.59564978999991,33.6602933715658,1054.7886229346038,621.7115782695188,-998.4150783764643
1788030705.738605,-1141.0,-1469.0,7406.0,-179.8409846100002,-27.27564420000002,-106.4912923899999,33.6602933715658,1004.9680727322374,711.0069379131962,-969.9857697546983
1788030705.8045242,1679.0,1142.0,1468.0,-182.4097718100002,-27.76714500000002,-107.2424539899999,32.9102933715658,994.1669269513928,591.3261880407197,-999.3188208172203
1788030705.870376,-505.0,-754.0,4869.0,-188.3756310100002,-28.02097676000002,-106.5241375099999,34.4102933715658,911.6929103901994,652.3097599877864,-1051.9204899217625
1788030705.9337993,-18.0,-465.0,3636.0,-191.0288687300002,-27.33986556000002,-105.9482889499999,35.1602933715658,819.7713844629931,739.2528380277765,-1023.8626501054223
1788030705.9844105,1899.0,-1876.0,4845.0,-194.1353803900002,-27.65578200000002,-105.45583096999991,35.9102933715658,850.4970464645182,774.1305422509907,-978.4066589815428
1788030706.0484202,-688.0,-71.0,3259.0,-197.1751574800002,-27.64303129000002,-103.7158404799999,37.4102933715658,801.599440169914,803.6906283229757,-970.4774772924449
1788030706.1170197,-1762.0,2156.0,4729.0,-199.0572939600002,-27.350116010000022,-102.8121656799999,38.1602933715658,765.7669715665796,835.5891842322062,-882.0093468759402
1788030706.1857555,-1209.0,610.0,4277.0,-203.6675766300002,-27.302071580000025,-104.2927297999999,39.6602933715658,683.9180917355968,790.4947669480326,-972.0150242299035
1788030706.2524931,615.0,-1351.0,4306.0,-206.48165153000022,-28.034968010000025,-106.5470821099999,40.4102933715658,588.5495374608149,806.8189185298784,-915.7038851272547
1788030706.3171346,-617.0,3067.0,5341.0,-209.16131691000024,-29.142517390000023,-104.6941608999999,41.108632880906036,629.4234844030943,772.1463334812944,-1031.827875123581
1788030706.367785,-46.0,3011.0,3800.0,-210.56021623000024,-28.405928810000024,-105.6845320999999,40.358632880906036,484.617800477274,802.624837418046,-977.4603804334163
1788030706.4332876,-1537.0,-988.0,4350.0,-212.05845759000024,-28.898119670000025,-104.7372968599999,41.108632880906036,645.3270518398705,751.2103084744962,-996.8974889104265
1788030706.500621,1934.0,-1172.0,4127.0,-214.86462536000025,-28.205127160000025,-104.4488387599999,42.608632880906036,409.445639502299,729.3749983382272,-942.444600119976
1788030706.5677273,1224.0,-1133.0,4340.0,-215.87158586000024,-28.905352000000025,-103.6587620599999,43.358632880906036,402.02572061832365,750.1711784625898,-958.6659787854152
1788030706.6322203,178.0,-972.0,4647.0,-216.54579576000023,-28.435202880000027,-103.1981702499999,44.858632880906036,324.93806842777195,791.5706546609938,-1013.2114573614297
1788030706.6964126,549.0,-1102.0,4436.0,-216.92334062000023,-28.602312900000026,-102.75873278999991,45.608632880906036,319.15679561337754,770.1250886669952,-944.1866825755194
1788030706.793461,-541.0,-174.0,3916.0,-215.51475778000025,-28.788522980000025,-101.92546552999991,47.108632880906036,268.13369414567404,788.664146667055,-970.7436499702166
1788030706.860164,-701.0,-431.0,3773.0,-214.05767593000024,-29.162762580000027,-102.00281972999991,48.608632880906036,326.7730023206909,765.3701683093939,-978.3610479305244
1788030706.9251385,-459.0,-1196.0,3806.0,-213.59068276000025,-29.425639530000026,-101.86674224999992,49.358632880906036,339.71282543899997,796.260300013965,-958.3638645854764
1788030707.0044758,-1296.0,-337.0,3772.0,-212.52304654000025,-29.586404050000027,-102.20164310999992,50.858632880906036,369.67286742196734,771.2934760890624,-924.1792621913493
1788030707.0693145,-641.0,-295.0,3918.0,-212.65294078000025,-28.260101450000025,-104.04919125999992,52.358632880906036,417.4317821238594,834.8216254974235,-937.4822605437328
1788030707.1361668,-162.0,-673.0,4597.0,-212.65920928000025,-27.489075950000025,-105.64765875999991,53.108632880906036,500.8625843160203,818.5723271239813,-910.9263181302516
1788030707.1977348,-336.0,-1339.0,4000.0,-212.74041586000027,-26.673886820000025,-106.66586433999991,53.858632880906036,607.264476822656,805.1129168526386,-937.7383404246042
1788030707.262891,525.0,-1037.0,4060.0,-211.75762426000026,-25.962992720000024,-103.59368963999992,55.358632880906036,559.5754626156994,811.985184749573,-934.2311649526974
1788030707.3281722,-565.0,4.0,3324.0,-211.25864501000027,-25.017721470000023,-100.74857813999992,56.108632880906036,489.494868551535,857.9874532453209,-930.7552044319442
1788030707.4023285,-828.0,1246.0,1600.0,-211.35428125000024,-27.70968263000002,-100.14400325999992,57.2783396036647,349.5068553262727,1050.0080505324563,-899.1741247159164
1788030707.4675395,234.0,-873.0,4009.0,-212.89183671000023,-26.082807100000018,-102.93977217999992,58.7783396036647,439.5313977084276,756.9244256433169,-986.3936917472797
1788030707.5366077,-1038.0,426.0,2099.0,-213.95772111000022,-24.896431420000017,-103.61637705999992,59.5283396036647,388.11473582285623,803.7901899068265,-954.7385726769869
1788030707.6272435,527.0,-764.0,6195.0,-214.49986929000022,-27.624570400000017,-106.30328799999992,60.7104220347842,517.3005363272346,801.0035239615875,-998.4474415455866
1788030707.695508,-1147.0,-1746.0,1648.0,-211.50625328000024,-27.856603040000017,-103.10785778999991,62.2104220347842,469.01520364225917,719.6533560078461,-864.384928139167
1788030707.765464,-4285.0,-1412.0,6841.0,-211.34824151000024,-28.442176070000016,-104.74684261999991,62.9604220347842,433.1324703741001,700.9607331878933,-977.2934634222358
1788030707.8310792,2102.0,-1566.0,4183.0,-212.60171702000022,-28.983909780000015,-106.14587248999992,64.36061836497566,515.2431370064114,777.7693152658713,-953.3608606078793
1788030707.8974702,-2598.0,-677.0,2010.0,-213.00532022000021,-28.896979860000016,-105.62118832999991,64.58107659466074,482.05693657174686,729.9157651652292,-946.4968487193752
1788030707.9691243,-635.0,-852.0,4127.0,-213.39188339000023,-27.589535750000014,-102.48641164999991,66.08107659466074,429.6971939961578,709.6792479012081,-924.2086386019004
1788030708.0391653,567.0,-1498.0,3578.0,-212.40138969000023,-29.137065160000013,-107.0274216899999,66.08107659466074,423.38492558877573,687.1191090693145,-945.5664823130786
1788030708.1058817,-2324.0,2028.0,4060.0,-211.21810227000023,-28.453758340000014,-107.6107323899999,65.33107659466074,492.19484533305484,763.2684917967973,-965.6410000346904
1788030708.1738145,-648.0,-2605.0,3576.0,-209.93010682000025,-28.435514590000015,-106.2304457899999,66.83107659466074,444.6052817604437,754.6618455174059,-867.0051841378222
1788030708.238933,-164.0,23.0,6434.0,-209.70691560000023,-27.027504770000014,-105.48923146999991,68.33107659466074,439.71248961410697,759.1862784064529,-906.9626185274313
1788030708.3026814,701.0,-1496.0,6873.0,-209.02475594000023,-27.253970730000013,-105.34561890999991,69.08107659466074,455.83852247878735,787.6849484469703,-951.9692226828895
1788030708.3685708,189.0,-1833.0,2560.0,-208.57369946000023,-28.476475650000012,-105.73976034999991,70.58107659466074,470.61472087798217,745.2225979259447,-935.0419023835693
1788030708.4491408,-460.0,-1368.0,5153.0,-208.69291625000022,-26.637700250000012,-106.14737125999991,72.08107659466074,511.9607392273885,811.9882906927616,-965.3715745812451
1788030708.5149298,680.0,35.0,5715.0,-208.7289768200002,-26.005253330000013,-106.55513308999991,72.83107659466074,507.1637280856704,854.7273907275254,-904.3087425642317
1788030708.5837307,-1774.0,-841.0,4317.0,-208.67360094000023,-26.24352563000001,-105.84891372999991,74.33107659466074,450.1315404830386,759.370220499226,-917.5920329974336
1788030708.6748064,1108.0,-1037.0,2584.0,-208.35164623000023,-26.92272093000001,-105.9310335999999,75.83107659466074,529.6132473575469,775.6829109481781,-942.2686284905383
1788030708.738228,-1067.0,-1702.0,4459.0,-208.15761603000024,-27.152785310000013,-106.2220788999999,76.58107659466074,506.1860300118893,774.5422431660193,-947.3457008715986
1788030708.7907546,65.0,-1239.0,4054.0,-207.58807475000023,-27.035626310000016,-102.74724389999989,78.83107659466074,431.7026013625412,795.8921798388976,-961.6610072686167
1788030708.8787935,-2128.0,-2390.0,1655.0,-207.76049427000024,-26.749187430000017,-102.68050085999988,78.54048243941595,388.1188236738505,812.0515192135235,-953.9026937327355
1788030708.947804,373.0,92.0,5122.0,-208.61429477000024,-27.843107530000015,-105.94347455999988,78.54048243941595,500.1576547304753,789.7153726332097,-919.7507800851014
1788030709.0119169,-1249.0,-638.0,1926.0,-208.13390570000024,-27.335528710000016,-105.58561453999988,78.6414700529825,517.7507158981887,776.2900595802072,-909.6455158502231
1788030709.0758774,792.0,1535.0,5948.0,-207.85046772000024,-27.944178850000014,-105.14657439999988,80.1414700529825,482.95774695259706,844.8561603313154,-964.0623658522187
1788030709.1414547,-1048.0,570.0,3040.0,-208.02559106000024,-28.709637320000013,-105.65499699999988,79.3914700529825,446.471042281015,798.8620813332177,-939.6779399318871
1788030709.2077346,-2684.0,-1320.0,2468.0,-206.05451321000024,-28.920569440000012,-106.83645552999988,78.56902266944098,449.45626021438767,811.2327561898894,-934.4798498864056
1788030709.2911873,-540.0,-817.0,2263.0,-206.66105775000025,-28.39709754000001,-106.96167894999988,80.06902266944098,481.5015845879201,758.908352507287,-951.3038094405724
1788030709.358783,1831.0,1153.0,4758.0,-207.33388830000024,-28.136825640000012,-107.07797064999988,80.81902266944098,503.3216701679578,746.7030773381131,-956.0593185246655
1788030709.4090018,-1097.0,-1120.0,5031.0,-207.78434712000023,-27.294300810000014,-105.74605845999989,81.56902266944098,432.9125964426485,774.7500464956147,-916.7761069839974
1788030709.4603076,-1405.0,-378.0,1552.0,-207.79433164000025,-28.198239090000012,-107.19870013999989,80.3138479332159,448.7458013898816,821.2664682664176,-906.2199183088737
1788030709.527879,344.0,-87.0,3155.0,-208.20491279000026,-28.67515672000001,-106.76832053999989,81.70146762129865,483.53720782112197,803.4766382006999,-960.9676363914255
1788030709.5790627,-580.0,-880.0,4095.0,-208.40399783000026,-28.904657530000012,-106.3176141299999,82.45146762129865,449.9930325524775,755.7364370690896,-965.0450514371862
1788030709.647166,1063.0,-2271.0,3057.0,-207.54147925000026,-30.077762260000014,-106.78608940999989,82.79079422521474,484.0661730897487,710.1131602637176,-929.983181785016
1788030709.7150452,-1529.0,-1116.0,2795.0,-207.44723601000027,-28.200437720000014,-106.28394048999989,82.9497987651766,454.4068872200761,751.3051164631238,-934.1953926057347
1788030709.7674408,-232.0,-1540.0,7782.0,-207.83825580000027,-29.379043470000013,-107.58456659999989,83.6997987651766,470.4461016359194,798.7221883972699,-1008.6015863077073
1788030709.830891,2206.0,-1531.0,3101.0,-208.21824016000028,-29.517848500000014,-106.20558262999988,85.17247102149932,511.86388546732843,799.5811192182532,-965.2501544655418
1788030709.9232516,496.0,-1600.0,3818.0,-207.96273134000026,-29.662487330000015,-107.40722054999989,85.17247102149932,434.54346846044103,797.053554861178,-971.8771708249405
1788030709.9918482,-97.0,-458.0,4060.0,-206.83032902000028,-29.723663410000015,-106.89066254999989,86.67247102149932,470.6454595213851,781.021589967593,-898.8439795103155
1788030710.0608058,-270.0,389.0,1548.0,-206.63052487000027,-29.637642860000014,-104.75954579999988,86.67247102149932,391.97794249628885,797.5480603554322,-948.5020080922759
1788030710.1284924,-1685.0,-466.0,1935.0,-206.70464983000028,-29.603431340000014,-102.94348427999988,85.92247102149932,374.7368041470098,772.3070527207781,-918.9908330178979
1788030710.193735,5273.0,-4604.0,8286.0,-207.66907371000028,-27.828804220000016,-108.97358541999988,85.92247102149932,463.22863252397707,738.4912336583311,-987.5421506660647
1788030710.262134,-887.0,-1660.0,745.0,-207.07539517000026,-28.557336080000017,-104.99058275999988,85.92247102149932,409.91159273407095,728.0738960720537,-916.8843251562561
1788030710.3448064,-4700.0,419.0,4386.0,-207.87411519000025,-27.811449680000017,-104.98747489999988,85.17247102149932,375.23751771336936,750.8798634399999,-945.3058114465944
1788030710.4116044,702.0,584.0,7800.0,-208.42647903000025,-27.235276460000016,-108.04651073999989,85.17247102149932,511.86207544683606,868.0776152950386,-990.5512960346014
1788030710.4837458,-270.0,435.0,2253.0,-207.83909783000024,-27.055970620000014,-108.7544596599999,84.48102459507005,470.6333501124612,855.0257405362152,-956.1636492313721
1788030710.5462224,670.0,-6115.0,4256.0,-206.61022004000023,-29.298176880000018,-105.2374670899999,84.48102459507005,460.0910587682694,778.063736374009,-919.2353207604542
1788030710.6111498,-3772.0,1468.0,5734.0,-208.55388036000022,-28.75123272000002,-103.9149128499999,83.73102459507005,370.7913400635768,799.8731409268943,-888.8878179277011
1788030710.6789453,-690.0,-786.0,2541.0,-211.71626714000024,-28.95236645000002,-107.16697487999988,84.77108468864427,455.09406240918435,745.5710688953399,-978.0213529297012
1788030710.7642198,-974.0,-235.0,2455.0,-210.62346263000023,-29.39238379000002,-103.92057437999989,83.81989036676477,393.4036302947714,810.8636482778389,-935.9189495629613
1788030710.8273385,-593.0,-826.0,4400.0,-211.11245841000024,-28.60008683000002,-102.84045078999989,84.56989036676477,385.2167545595882,834.4560237852662,-923.8095682500415
1788030710.8929195,398.0,697.0,2224.0,-211.25176114000024,-29.52589010000002,-104.9801968599999,85.24264990894672,432.6692681606726,773.1638882919457,-962.4157107335932
1788030710.9442472,398.0,697.0,2224.0,-211.25176114000024,-29.52589010000002,-104.9801968599999,85.24264990894672,432.6692681606726,773.1638882919457,-962.4157107335932
1788030711.0074532,-3328.0,-2510.0,1876.0,-208.80431677000024,-29.06317085000002,-104.0309508699999,85.24264990894672,365.42582197593913,790.7217023004887,-906.7703786677224
1788030711.0811396,4931.0,-822.0,9603.0,-208.77126032000024,-28.65805656000002,-104.01838705999991,85.24264990894672,439.90428255841783,837.0083897750702,-934.1884765593759
1788030711.1502793,-1541.0,959.0,3470.0,-208.47234282000025,-28.55107556000002,-102.76293355999991,84.49264990894672,382.6187425558219,840.7365795122583,-932.8570912212925
1788030711.2130702,-1101.0,-555.0,3703.0,-206.32006612000026,-29.055109370000018,-104.27098345999991,84.49264990894672,335.35930914295625,833.9106920114859,-904.5850463580161
1788030711.2768228,-515.0,-1097.0,3550.0,-205.14349240000027,-29.589354130000018,-104.5921479399999,85.24264990894672,322.198511573452,789.7332802171302,-939.0594209308649
1788030711.3428202,2973.0,1662.0,8684.0,-204.56969666000026,-29.763865530000018,-106.7307436999999,85.24264990894672,303.1302080052098,877.2575984560233,-918.7211324661387
1788030711.4116592,379.0,-1008.0,2379.0,-204.31263902000026,-28.961721810000018,-104.3831570599999,85.99264990894672,485.8530433573304,807.4746819779466,-946.5203427216051
1788030711.4777358,-888.0,1542.0,5495.0,-204.22544254000027,-30.594828530000015,-105.2349898599999,84.49264990894672,443.61015414941136,818.3489704061919,-926.9136661709078
1788030711.542395,2493.0,-4366.0,4869.0,-204.10794236000027,-29.852722130000014,-106.3388731299999,85.24264990894672,457.4215453597091,813.4178261868608,-940.4244099573319
1788030711.62453,-155.0,779.0,3245.0,-204.11722352000027,-29.511648530000013,-106.54993404999989,85.24264990894672,502.05710283019283,839.5970171056254,-943.1571027492568
1788030711.691685,-1992.0,-1410.0,6508.0,-204.12028546000028,-29.675634590000016,-104.43389851999989,84.58497193776378,438.95406052634564,776.2736346687018,-959.1416509445789
1788030711.7580545,937.0,-2137.0,3303.0,-204.75834162000027,-29.530058670000017,-106.96444163999989,85.33497193776378,465.88843548049994,850.2748449861903,-901.0531532538714
1788030711.8109128,3103.0,2745.0,6600.0,-205.09689235000027,-30.996076510000016,-108.2130415799999,86.08497193776378,528.645964420749,837.4759280893132,-920.8719125557672
1788030711.8788118,-749.0,423.0,3379.0,-205.34114167000027,-30.711632770000016,-105.1150413599999,84.58497193776378,466.54730937859887,833.1776752430824,-945.6846374931635
1788030711.945433,-1213.0,777.0,4342.0,-206.30002127000026,-30.312615130000015,-105.8326544799999,83.83497193776378,418.7491778585994,802.8587837454173,-944.5636787383075
1788030712.0149205,44.0,-631.0,1727.0,-206.99612339000026,-30.726972640000014,-106.1488873899999,85.33497193776378,447.5075050187651,831.0454794343765,-951.9103425088186
1788030712.0732062,-2054.0,-1698.0,1902.0,-207.10446239000026,-31.011749440000013,-106.1519827899999,84.58497193776378,429.61803966595966,799.6737616595989,-929.6125815586391
1788030712.1382322,120.0,-21.0,2875.0,-207.78461228000026,-31.083064320000013,-105.1056173999999,86.08497193776378,442.3515230786402,802.3100626978509,-975.1016088606317
1788030712.2046423,-829.0,2956.0,4894.0,-207.14480633000025,-31.33033232000001,-104.5925362999999,85.33497193776378,399.1432655097324,821.969599847631,-907.1151985746254
1788030712.263872,-277.0,-2703.0,4547.0,-207.19330051000026,-29.554836010000013,-105.99203929999992,85.61439772948182,411.86341261398866,825.6294086370004,-853.9701761870463
1788030712.3287208,1531.0,-1318.0,6244.0,-208.11436667000027,-29.679304410000015,-106.09161401999992,86.36439772948182,446.3842899919875,881.9668915897958,-880.1684742684798
1788030712.3942158,-1472.0,665.0,4242.0,-207.82182645000026,-29.119121010000015,-104.96502295999993,85.61439772948182,448.44339477798616,821.2158765515412,-901.6357898686053
1788030712.5003135,-1093.0,-1319.0,3053.0,-205.51589618000025,-29.658320650000014,-102.56337440999994,87.86439772948182,326.04015126989697,835.8026829778025,-894.0363498963435
1788030712.5705917,-2988.0,-139.0,3571.0,-205.10132832000025,-28.507430770000013,-103.36157222999994,87.27780696341367,323.5649396956837,886.4910683826741,-703.4801484862769
1788030712.6416953,-532.0,743.0,5871.0,-204.65885965000024,-28.504417410000013,-105.22579325999993,88.121933901373,405.52713987722535,830.9449322508495,-871.9339124063424
1788030712.7143214,-1236.0,531.0,3401.0,-203.67546500000023,-29.121919960000014,-105.94576810999993,88.121933901373,404.52829304772416,865.0262276301501,-869.4568593379867
1788030712.7750487,-879.0,343.0,2793.0,-203.55791428000023,-28.057776600000015,-107.79564522999993,87.371933901373,439.0440482147947,890.2121962416923,-882.5765288197895
1788030712.8287513,1237.0,-790.0,5178.0,-203.30432108000022,-27.757794400000016,-106.48438282999993,88.121933901373,483.19891315262277,917.1703123459799,-861.5423533876732
1788030712.8927536,-964.0,728.0,3493.0,-202.64569955000022,-28.138125190000014,-106.08850650999993,87.24796873233434,468.11869603843917,927.0589310059914,-926.5562042114916
1788030712.9515488,-218.0,-705.0,3582.0,-202.4602065500002,-28.447280190000015,-106.45021785999992,87.99796873233434,480.62267723647784,902.1167910752748,-906.0126303457785
1788030713.0169575,867.0,-358.0,3257.0,-203.4475687300002,-29.034486810000015,-104.34519794999991,89.49796873233434,447.8649682693953,885.485583716713,-918.6450268732809
1788030713.0844467,-3158.0,-650.0,2712.0,-203.9112277300002,-28.957210310000015,-104.40083702999992,88.74796873233434,388.6507490714554,820.56754942879,-879.1164590110072
1788030713.1568866,1869.0,-658.0,6488.0,-205.3779987700002,-28.352817150000014,-105.26489602999992,88.74796873233434,480.39689424030485,904.1441796157918,-902.3655642795143
1788030713.2221508,-856.0,-908.0,1091.0,-205.43981157000022,-28.402267390000013,-104.68694634999991,87.99796873233434,421.39427990974576,865.4225372868615,-895.9747171167968
1788030713.2890196,4495.0,-2530.0,6278.0,-205.0287245300002,-27.709811990000013,-106.15061190999992,87.99796873233434,494.5045850803777,928.5213385670557,-949.9612094824741
1788030713.38601,-152.0,-224.0,5746.0,-205.9413534500002,-27.495713840000015,-102.94129166999991,89.253101166312,385.33043291146777,874.0527399409591,-855.6841823115683
1788030713.4584265,-337.0,481.0,2094.0,-205.8662637500002,-28.190988840000013,-102.12364826999992,89.19271025900962,327.1448144152399,871.2616281123557,-825.0141462202946
1788030713.5093942,-1297.0,52.0,2566.0,-205.8607116300002,-28.060514020000014,-102.45677546999993,88.44271025900962,320.3393258450107,861.5296544058679,-886.6522963544008
1788030713.5788317,394.0,-912.0,3294.0,-205.5831565200002,-28.962792390000015,-105.67427415999992,87.69271025900962,448.1906585166886,881.2365109228452,-907.6631265671147
1788030713.645943,180.0,-1005.0,2340.0,-205.8630292600002,-28.770079870000018,-106.73458179999993,88.74040337186294,445.5925419576055,872.0283389926523,-918.392525769844
1788030713.7164166,-83.0,-1128.0,4194.0,-206.47064914000018,-28.58973607000002,-107.20070115999992,89.49040337186294,489.22137936931534,830.235258111585,-946.0075645461449
1788030713.7894564,522.0,78.0,4386.0,-207.9241472700002,-27.48912439000002,-108.48474279999992,90.33948465487629,483.14571612312227,877.5837145332624,-930.5845650142
1788030713.8583171,398.0,1146.0,5152.0,-207.4046915500002,-28.44720291000002,-107.30726887999991,91.63007722169198,449.8251617687006,898.5441186721306,-881.4286374112753
1788030713.909171,180.0,94.0,5707.0,-207.55208243000018,-29.09794755000002,-105.92791271999991,92.38007722169198,459.2388406047431,900.1121569711833,-925.8092767151015
1788030713.965255,-886.0,-856.0,2224.0,-208.1808931300002,-30.05527847000002,-103.8690469599999,92.93469168920893,353.7500658052803,853.4881756170669,-886.612619228243
1788030714.016185,-801.0,-312.0,1922.0,-208.26429253000018,-30.158137730000018,-104.46674265999991,92.18469168920893,348.8998576340619,856.640677839113,-894.5919988377564
1788030714.086707,-2257.0,-424.0,4766.0,-208.48963534000018,-29.48210930000002,-107.29882883999991,91.43469168920893,394.8597430707063,813.5120452703391,-892.1835968548272
1788030714.1595294,92.0,-1358.0,2750.0,-209.07713379000018,-29.100359190000017,-106.85020002999993,92.93469168920893,442.50348844401,801.2960635654761,-879.1977995492704
1788030714.2197196,872.0,731.0,3781.0,-208.43395699000018,-29.295090790000014,-106.26832362999993,94.43469168920893,470.66977751671703,799.612110493405,-897.1924583077632
1788030714.2732584,284.0,-833.0,527.0,-208.02348343000017,-29.017743790000015,-105.64429287999992,95.18469168920893,417.74318968704375,843.3076055458803,-957.6728911023368
1788030714.3379374,575.0,372.0,7434.0,-207.99299605000016,-28.651895230000015,-105.15926637999992,95.81350995464477,467.29249014218533,851.7155568577142,-938.5926434846682
1788030714.4252884,-919.0,-1985.0,3693.0,-207.96920928000017,-29.485248520000017,-106.90901094999991,94.14077360039478,470.2985543585622,835.3506973393177,-953.2209236506807
1788030714.4893608,-1204.0,-2705.0,953.0,-206.78767984000015,-29.710057090000014,-106.0350652899999,94.14077360039478,430.3035643564673,810.114254651442,-938.8820218689287
1788030714.5536797,-168.0,-26.0,5261.0,-207.04569718000016,-30.658895050000012,-106.4151553499999,94.3054615967178,429.9197255838717,823.3003513114737,-915.2365737605911
1788030714.6385734,-414.0,-1149.0,2748.0,-206.35800738000015,-31.365888470000012,-107.49694983999991,94.89512020426068,420.66115358850845,840.6911882779506,-903.922826755494
1788030714.7128246,29.0,-2304.0,2982.0,-206.58004738000014,-30.66923797000001,-109.37318783999991,95.64512020426068,443.88483721345676,816.6693950573257,-865.7181520178527
1788030714.7763383,1013.0,-279.0,6325.0,-207.53458950000012,-29.895140100000013,-108.54938576999992,95.64512020426068,533.0818042866027,842.6879858000204,-922.0812552482136
1788030714.8445926,-1056.0,723.0,2037.0,-206.7608867100001,-30.616787810000016,-108.25317194999991,94.14512020426068,461.74082409774957,873.3371594898692,-933.9185936349853
1788030714.9082074,204.0,1456.0,6564.0,-206.1511699100001,-30.228786210000017,-107.81805586999991,93.39512020426068,505.36283383335564,884.3777880015191,-972.0742691492369
1788030714.972383,-193.0,565.0,4882.0,-206.32497438000013,-30.940921760000016,-107.84867946999991,92.57065973056838,428.38249431318735,880.3548256654366,-934.8649781062214
1788030715.055089,908.0,63.0,4977.0,-206.12813116000015,-31.398148460000016,-106.91708894999991,94.07065973056838,499.2997915794361,803.168640603206,-921.6554885975083
1788030715.120464,-955.0,-656.0,2265.0,-205.46781612000015,-30.414732320000013,-106.6903309499999,93.04605430032278,473.7268489163417,780.6777535300067,-962.0343523206648
1788030715.1881585,-1059.0,76.0,5113.0,-204.82954772000016,-31.669068480000014,-107.0788421499999,92.29605430032278,498.63144354220594,817.6861945583372,-926.3207925170516
1788030715.2891645,-1557.0,119.0,2567.0,-203.53674684000018,-31.317116530000014,-105.3577017499999,93.04605430032278,459.2817270525772,813.2093177384444,-919.5188630992347
1788030715.3581572,-414.0,78.0,5736.0,-203.1564205300002,-31.62699435000001,-106.0590507199999,91.54605430032278,530.916112902037,774.1753474298916,-896.6591510343957
1788030715.4248996,-474.0,-846.0,3239.0,-203.07337813000018,-30.79933843000001,-105.4556092799999,92.20014290170133,429.7979376898132,831.3673849053367,-896.1246623776452
1788030715.4841325,-435.0,-650.0,5090.0,-202.04240259000017,-30.91484305000001,-107.15266232999991,92.11420850758878,454.7155165626437,869.5838159167595,-876.8636019795945
1788030715.5506575,-131.0,391.0,4018.0,-202.01746341000018,-30.152812550000007,-106.0691935099999,92.3691592440482,435.6091238983103,896.6992132207971,-911.6732542834633
1788030715.6224272,154.0,-490.0,5421.0,-201.84071824000017,-31.403962800000006,-106.22180638999991,93.8691592440482,443.75052168920683,836.7856685910712,-910.6534152818758
1788030715.7150538,594.0,-1257.0,6351.0,-201.23172748000016,-30.983467270000006,-106.9136795299999,93.65111945311025,471.99659242401344,838.039567703719,-913.1528736947612
1788030715.7795672,1208.0,399.0,5471.0,-201.91314010000016,-31.315863670000006,-105.42343566999989,94.40111945311025,468.1568784966124,870.9594880607391,-900.4596570700816
1788030715.8368957,-1568.0,-502.0,4177.0,-203.17967908000017,-30.844692550000005,-104.42580756999989,92.90111945311025,391.0454364651461,820.1019880133841,-833.5775812202189
1788030715.8914683,-1346.0,273.0,4706.0,-203.47095223000017,-30.656058510000005,-104.2676878599999,92.15111945311025,428.96202134152196,903.1617118977707,-842.8611934355065
1788030715.95977,583.0,586.0,4173.0,-203.60206741000016,-29.885709070000004,-105.9099235599999,92.15111945311025,475.2601080845835,862.847769063825,-910.8266808291443
1788030716.014199,271.0,-1282.0,1804.0,-203.09244606000016,-29.640539880000006,-107.84372997999989,92.90111945311025,508.133602518921,916.1583819414274,-945.1250924293769
1788030716.0658584,3212.0,-1912.0,6856.0,-202.50854365000015,-29.704188010000006,-107.3290103199999,93.65111945311025,630.6309103732186,891.7743748575604,-906.0568011912611
1788030716.1529005,2253.0,-1028.0,5601.0,-202.41095700000014,-29.955293480000005,-106.7642682399999,93.52241258270062,542.9343785339756,885.4594400065015,-952.2578985845714
1788030716.2164676,-959.0,-678.0,2586.0,-203.14147455000014,-28.395018260000004,-106.4307111699999,92.77241258270062,477.29940094751214,853.7224734351952,-926.3821337616583
1788030716.283489,1317.0,832.0,5962.0,-204.66950700000015,-29.044214360000005,-109.72332811999989,92.77241258270062,532.0345305770716,870.5656954420668,-919.5434921220061
1788030716.370886,-19.0,-694.0,3013.0,-203.83666002000015,-29.224720210000005,-107.3970028599999,92.77241258270062,490.4819746046378,876.5658082318539,-927.3305131756637
1788030716.4408782,-2967.0,-286.0,6542.0,-203.33632662000014,-30.435111210000006,-105.9094612099999,91.55637744675914,410.4671650217664,862.055855581659,-877.9803421134394
1788030716.5069366,-380.0,-809.0,547.0,-203.09278486000014,-30.695258090000006,-106.58473608999991,90.90059884300037,440.65588397007537,872.7547429055384,-892.5500808801792
1788030716.5721798,-1069.0,-1222.0,2652.0,-202.42528376000013,-30.544047590000005,-107.56174953999991,89.64194282143986,486.346786296762,872.0901551384654,-897.8306551412868
1788030716.6355922,947.0,-494.0,3986.0,-202.32189089000013,-30.162950300000006,-109.28380966999991,90.46345655500168,528.9849525809592,880.9010282500927,-921.296882960729
1788030716.700595,214.0,-845.0,3630.0,-202.63919606000013,-29.541900010000006,-110.33878155999992,91.21345655500168,523.6911450087495,873.6535108521971,-923.6741250121676
1788030716.7886276,-1017.0,483.0,3626.0,-201.68671649000015,-28.141769460000006,-109.57089450999992,90.46345655500168,518.7432578281705,872.4861118795485,-914.2538244991392
1788030716.8532834,19.0,-236.0,3555.0,-201.21975713000015,-28.657596660000006,-109.32112554999992,91.07868403410505,543.2166595568503,890.6695681594479,-955.9757930516625
1788030716.9109201,-804.0,-461.0,3740.0,-200.73635953000016,-29.149172010000004,-108.39235399999993,91.18112075962726,471.2878886534249,847.3874668778051,-917.7675858994281
1788030716.9968555,399.0,-574.0,2914.0,-201.48606849000015,-29.577290050000002,-107.61249071999993,92.0744822460278,464.7433782062915,858.3439257763569,-882.7975862366002
1788030717.0618253,-1210.0,-990.0,5158.0,-201.04125293000016,-29.6179744,-108.21461909999992,92.18380543093339,467.71633258668135,845.9306127129378,-880.1071330238731
1788030717.1290386,107.0,-535.0,3752.0,-201.31050548000016,-29.00575776,-108.53899104999994,93.64394455889949,515.8091516333625,873.0346672350602,-967.9836521600314
1788030717.2260525,-141.0,192.0,3138.0,-201.75588846000016,-28.77424081,-107.69386627999994,94.14310746629172,433.7549446322457,852.16128255631,-904.7599043967713
1788030717.2931285,-232.0,-2831.0,5187.0,-201.61861692000016,-28.23101827,-109.84204237999994,94.14310746629172,481.8924713404881,855.8630933062011,-930.31159848934
1788030717.358921,633.0,-1525.0,4402.0,-201.65479579000015,-28.06960485,-109.50530058999993,94.89310746629172,493.57118764012495,894.9761281418716,-906.6675778135005
1788030717.4244447,-1990.0,-948.0,3952.0,-201.21571722000016,-28.99397893,-109.46805246999993,93.39310746629172,427.47506536686717,849.2255952064374,-924.4763452483727
1788030717.4893842,-323.0,162.0,2807.0,-200.78368835000015,-29.139941320000002,-110.94946554999994,94.88902427538818,300.02625566883876,858.3251014653553,-890.0569246405405
1788030717.5414226,-314.0,916.0,6473.0,-201.14190985000016,-29.247407770000002,-110.46173319999994,94.13902427538818,579.4090837297836,869.836303224535,-917.6104235234425
1788030717.5952473,200.0,-872.0,4667.0,-201.45589891000017,-28.790195630000003,-110.35431588999994,94.88902427538818,524.060558146412,906.4114200830697,-892.94680123831
1788030717.6526902,477.0,168.0,2601.0,-200.80069443000016,-28.828737070000003,-110.02671364999993,95.63902427538818,557.3175776873943,900.0697533290856,-955.9362896413146
1788030717.7201824,-378.0,375.0,2049.0,-200.83171486000015,-27.39537101,-108.40779270999994,96.38902427538818,495.3596588175652,892.8636984649453,-901.2673496439861
1788030717.7893183,-213.0,1153.0,4677.0,-200.77068620000014,-28.52994928,-108.10819746999994,95.63902427538818,484.2183421879195,891.1867104515844,-945.3853144817374
1788030717.8546135,-553.0,-1977.0,1304.0,-200.28243319000015,-29.52905396,-106.79059635999994,95.0147157998625,438.1073332062732,908.129069404341,-915.5728214531642
1788030717.9245234,443.0,-2683.0,7574.0,-201.20645608000015,-29.625729489999998,-108.30297743999994,96.5147157998625,488.94795634690536,866.669471340799,-872.3508694504237
1788030717.993037,-837.0,505.0,3801.0,-201.85822153000015,-29.60076826,-108.10883453999993,95.7647157998625,492.67368944971093,879.6837433938244,-927.4818308493477
1788030718.0811546,262.0,-2533.0,3248.0,-202.71271398000013,-29.803182709999998,-109.16891838999993,95.7647157998625,455.213176637943,862.7854823638407,-917.9289668964246
1788030718.1495929,166.0,900.0,3934.0,-202.73118075000014,-30.887227069999998,-107.65911505999993,95.7647157998625,498.03408532642015,857.6836676789768,-896.5206415096955
1788030718.2200236,-828.0,-1069.0,1791.0,-203.17408027000013,-30.782405219999998,-106.30010922999993,94.33423904071401,447.01067019276604,829.7565427074817,-928.1232375988269
1788030718.278965,-149.0,-3278.0,5880.0,-203.22359001000012,-30.27393257,-109.07065700999993,94.33423904071401,423.6912717230086,879.7500771453394,-978.439123533169
1788030718.3432965,1081.0,-624.0,6035.0,-203.03750019000012,-30.46835477,-108.90400940999993,95.08423904071401,488.25921864344576,923.1797895939736,-937.6894772110045
1788030718.4089997,-361.0,-404.0,3987.0,-202.7232289600001,-31.298029420000002,-107.43525085999994,94.69336231736898,418.22270490894124,852.8474483743804,-881.9799490355301
1788030718.4879992,-480.0,-447.0,3337.0,-203.00938224000012,-31.134196380000002,-105.26549543999994,95.32976440875812,412.1475532460978,845.6424515446895,-888.880838204858
1788030718.5513952,-1395.0,453.0,3559.0,-203.00106015000011,-31.519786550000003,-105.39587484999994,94.57976440875812,394.4874855526174,826.3604470816955,-934.2975546538622
1788030718.6147876,252.0,-137.0,6020.0,-203.8519579600001,-30.79626809,-107.85756435999994,94.10159751988937,488.36951864507967,798.9420869686778,-920.0933763137626
1788030718.7019055,283.0,3926.0,9610.0,-205.1810696600001,-30.151175740000003,-107.37849310999995,93.39024327192745,464.78010270543035,868.5094811736801,-964.1837309482593
1788030718.7719839,128.0,198.0,2002.0,-205.4913087500001,-28.52249533,-106.57802833999996,94.89024327192745,385.177328630847,836.6878263815925,-939.3553603105253
1788030718.8372905,-2249.0,2650.0,3519.0,-205.7407421300001,-30.503531730000002,-111.43000406999995,94.02959934660862,417.7267337277498,794.7735606619074,-962.6982831108205
1788030718.9036615,-272.0,-30.0,4098.0,-205.62980893000008,-30.262252020000002,-112.20653646999995,93.27959934660862,537.1050309010092,855.5787905410389,-965.3539640248188
1788030718.9683914,-3644.0,5546.0,12052.0,-205.48556021000007,-30.215008600000004,-113.11603246999995,91.77959934660862,532.9366282018295,839.5659562454429,-920.2172488431804
1788030719.0354092,1061.0,-5.0,1669.0,-204.98352651000008,-30.123641380000006,-112.48405846999995,93.27959934660862,513.1085363267065,742.8241712031809,-973.922383804817
1788030719.1209173,-1476.0,-756.0,1314.0,-203.98173516000006,-31.838790480000007,-112.19308806999994,93.27959934660862,454.9694301346994,799.2444135314322,-970.2960755719329
1788030719.1851923,-97.0,-2413.0,1513.0,-203.42519631000005,-31.467764580000008,-112.93237101999995,94.02959934660862,504.4238409943322,825.5368357806855,-980.6052991578035
1788030719.252481,109.0,-762.0,2868.0,-203.33308919000004,-31.82848270000001,-113.10117741999996,94.02959934660862,534.1322360425111,815.6701480872997,-908.1867556548092
1788030719.3344314,2281.0,880.0,9249.0,-203.86572752000004,-31.41312489000001,-109.71106656999996,95.52959934660862,424.56145339360546,823.2701139210907,-915.8509928367492
1788030719.3989031,-481.0,-746.0,716.0,-203.80130813000005,-31.036573680000007,-110.06667321999996,94.02959934660862,396.9854857499465,806.8128479508695,-941.5608742865195
1788030719.4626727,-2243.0,776.0,3064.0,-204.46610093000004,-30.407790490000007,-112.05274170999995,93.27959934660862,434.79792138014886,785.0447882931967,-911.4972989301864
1788030719.5576432,-1082.0,977.0,4550.0,-204.91299101000004,-32.13563423000001,-108.43825733999995,93.16673981226641,350.6357095251609,824.5746054610505,-891.6488157861198
1788030719.6229198,-800.0,-1295.0,921.0,-205.05961119000003,-31.33330760000001,-110.53535947999995,91.66673981226641,350.9387322757229,785.5604715817434,-916.8749566961828
1788030719.6893823,-6.0,2157.0,9934.0,-204.86933817000002,-30.35160912000001,-111.13099675999996,91.7509062762464,403.2358314469826,876.5148643137849,-881.3659324106544
1788030719.7581592,-917.0,947.0,1896.0,-205.64336632,-29.04513857000001,-112.34221480999996,90.32485880382588,509.07869114683,813.7445311692494,-937.8265593032063
1788030719.82277,-759.0,1710.0,6576.0,-206.20652654000003,-30.98689909000001,-110.58964272999997,90.32485880382588,418.2696242411948,842.016621622682,-933.0294418266704
1788030719.8890638,152.0,-1923.0,2995.0,-206.50268114000002,-30.62154949000001,-109.82572992999997,91.07485880382588,384.8020725882727,796.3544007464648,-938.0439192464356
1788030719.9683845,1472.0,1797.0,5144.0,-207.51118724000003,-30.09802789000001,-112.92750720999996,91.07485880382588,476.4345943718174,772.5236316034307,-971.2426251021573
1788030720.0344443,-512.0,144.0,7132.0,-208.21892756000003,-29.40133868000001,-110.55169712999997,92.06523338922655,408.59554502521576,829.3931058301708,-918.6717858111293
1788030720.0982878,-883.0,-396.0,3329.0,-208.64271155000003,-29.357021400000008,-111.16936921999996,91.31523338922655,458.00960015149013,850.5158732983791,-928.9304176821236
1788030720.1567206,-2303.0,321.0,4732.0,-208.17769945000003,-29.939228200000006,-109.00393671999997,91.31523338922655,345.8981837413952,795.7359580984684,-904.8154808917216
1788030720.2201889,1249.0,-1091.0,5700.0,-208.41189915000004,-29.979902400000004,-111.20513235999998,91.80996613622301,473.58596979319657,816.7945085964959,-955.970714508424
1788030720.2710764,-389.0,1661.0,4748.0,-208.12669318000005,-30.677687880000004,-109.64065300999998,91.05996613622301,391.6617263881268,804.3767489372767,-910.1871202396067
1788030720.336068,-544.0,-1131.0,3042.0,-207.79039183000003,-30.722157480000003,-108.72902620999999,91.80996613622301,376.0246663134075,807.1105399818148,-885.5937501882089
1788030720.4037313,-1351.0,591.0,5467.0,-208.02733266000004,-30.893904300000003,-109.70746401999999,90.30996613622301,374.4609437722062,784.3053960836679,-880.7265368801052
1788030720.472837,-761.0,2199.0,5738.0,-208.18416325000004,-31.317416760000004,-110.60668919999998,90.30996613622301,452.44874586957144,803.1399540453975,-1144.643761485207
1788030720.544025,731.0,-1547.0,3543.0,-207.82254143000006,-31.292003820000005,-109.27371461999998,91.652588351979,422.75171771189343,792.1631673443458,-908.1523557206823
1788030720.6043255,-1107.0,-204.0,3858.0,-207.49439641000006,-32.062310350000004,-110.31932925999998,90.902588351979,438.21110800451913,751.194167606024,-934.204998458102
1788030720.6689773,2342.0,-2515.0,6152.0,-207.50288447000008,-32.332177290000004,-111.35088467999996,90.902588351979,530.2391159749758,778.0260153172323,-967.8995031196126
1788030720.7342334,-2088.0,-268.0,4561.0,-207.16745322000008,-31.951950030000003,-109.77024757999996,89.40639271625307,394.1269469864872,816.1338767644045,-749.6831134693879
1788030720.795713,369.0,832.0,5149.0,-207.1702169600001,-31.598191310000004,-109.54085715999996,90.15639271625307,425.9400127492007,816.439073280826,-855.5821939792505
1788030720.8606124,-232.0,-487.0,3413.0,-206.6733359600001,-32.25241796,-108.54709515999996,90.90639271625307,405.6776360903259,764.1988399237572,-914.2460648067135
1788030720.930991,-1257.0,-537.0,2372.0,-206.5271674200001,-32.59996712,-110.25332919999995,89.40639271625307,420.7703092970586,829.1846669667851,-988.7637890168869
1788030721.0199335,-798.0,-3842.0,2850.0,-205.84328394000008,-32.94705568,-107.73049839999996,90.15639271625307,369.4926173366559,741.8313505775344,-875.4856310883338
1788030721.08505,843.0,-2239.0,4210.0,-206.9885220900001,-32.190922539999995,-109.52976411999995,90.90639271625307,317.132819794492,789.4055164878567,-911.3732063221174
1788030721.1531148,756.0,-1202.0,5080.0,-207.59305812000008,-31.601276559999995,-111.49822872999995,91.65639271625307,422.4386046835337,867.6624110298593,-911.58099049966
1788030721.2281973,1425.0,-406.0,4679.0,-207.73195779000008,-30.587041099999993,-110.64527683999995,92.40639271625307,446.33284801640457,841.694480874636,-982.0853296772054
1788030721.2981431,-1373.0,-2644.0,5490.0,-207.52548824000007,-30.614133479999992,-111.82600295999995,92.40639271625307,374.8540971620413,826.0208707287715,-914.9328584123442
1788030721.362883,772.0,-1415.0,3729.0,-206.96961068000007,-31.012374119999993,-112.23807139999995,93.15639271625307,441.81920722407017,844.723210922559,-880.4791143199069
1788030721.4289045,-842.0,-1302.0,4211.0,-206.71516936000006,-31.077350289999995,-111.77544139999995,93.38312029323569,462.1027326386649,782.6970013388212,-867.3292548681666
1788030721.494292,-1009.0,-685.0,5954.0,-206.68984763000006,-31.171615859999996,-112.91602699999996,91.95723176507069,454.0828090758762,788.0773294031293,-892.5066339471341
1788030721.5584066,297.0,-991.0,5857.0,-206.50439096000005,-30.662302019999995,-113.59972546999995,92.70723176507069,493.79246456403615,822.7324996659181,-917.8780277499285
1788030721.6377304,961.0,-91.0,3888.0,-206.60558289000005,-31.120497519999997,-115.47403573999995,92.70723176507069,561.0256663269129,742.8716569748686,-947.3661026165375
1788030721.7040725,948.0,-10.0,4312.0,-206.36667919000004,-30.009317519999996,-112.97388073999994,93.45723176507069,473.9473667507623,780.7078036968163,-867.0574870403324
1788030721.768159,2309.0,-977.0,5343.0,-206.09273755000004,-30.943207119999997,-112.41510769999994,94.20723176507069,436.73514491000697,848.8691707289133,-884.801309520181
1788030721.8528862,76.0,-1966.0,3568.0,-206.22838635000002,-30.926299599999997,-111.26510401999992,94.20723176507069,368.6551934405881,796.5912650810158,-873.2109448794837
1788030721.9182954,-295.0,-184.0,5083.0,-205.88021685,-31.550794099999997,-111.19602276999993,94.6227082084772,389.32085216260305,805.3641825712167,-907.3257988736627
1788030721.970569,-52.0,-1226.0,3920.0,-205.80503832000002,-31.59812873,-111.56356224999993,95.3727082084772,401.6056139633639,766.4489496482732,-934.1340600179494
1788030722.021467,-651.0,-109.0,3418.0,-206.35489217000003,-30.91758789,-111.13864243999993,95.3727082084772,375.3662490320833,837.4649396478977,-921.461940001448
1788030722.0791433,-856.0,170.0,2252.0,-206.76125456000003,-30.56374853,-112.95483352999993,94.6227082084772,404.6748059651473,805.5075336535459,-910.923014451131
1788030722.1356895,1039.0,-1053.0,4264.0,-206.46277064000003,-31.20955845,-113.58742352999994,95.07693922414313,505.1974825708196,803.1158840534831,-912.8501196512461
1788030722.1884644,-1231.0,-54.0,1871.0,-206.82113774000004,-31.35290529,-113.80795712999993,94.32693922414313,482.8567007862258,808.6989318929251,-966.4587009122447
1788030722.2727902,408.0,-388.0,6513.0,-206.95771831000005,-30.55811689,-115.11761169999993,94.35271174531483,459.20778829538943,817.8469819579802,-967.0528282827896
1788030722.3368917,668.0,1836.0,5953.0,-206.78847987000006,-30.74650971,-113.82818019999993,94.35271174531483,471.7949183125385,827.6800214556781,-911.218038888901
1788030722.4030855,-1228.0,-1184.0,2912.0,-207.32308408000006,-30.450122920000002,-114.11348710999994,93.60271174531483,472.06074337611926,784.3561047246516,-919.9613253644759
1788030722.4917724,1091.0,964.0,7766.0,-207.17944604000007,-30.303985180000005,-113.93307610999993,94.35271174531483,459.601414873067,853.7066840574801,-936.3558595378578
1788030722.559437,-692.0,-1322.0,1975.0,-207.02122658000008,-30.925759900000006,-113.19749440999993,93.73136192433472,430.8722692197859,760.9851570896882,-887.3061465076012
1788030722.6269817,-2115.0,154.0,2947.0,-206.9014110800001,-29.599100160000006,-113.37564979999993,92.23136192433472,417.9988748840846,753.169387789532,-938.5770441471718
1788030722.6934948,290.0,590.0,4079.0,-206.5149255400001,-30.306213140000004,-114.43151117999994,92.32742079550542,495.8638329030176,786.7654725477545,-936.8377065172998
1788030722.7604868,-974.0,84.0,3187.0,-206.45383360000008,-29.707746740000005,-114.47168704999994,91.46517838883142,437.70253240212173,802.5648812449631,-904.516149223474
1788030722.8319216,836.0,226.0,5758.0,-206.63753866000008,-30.331230580000003,-115.99421231999995,92.21517838883142,471.2450955676728,817.7819422304358,-953.10939314248
1788030722.8997798,-985.0,-389.0,6115.0,-206.42686386000005,-29.848580300000002,-114.59068011999994,92.41398374573475,418.77339129861446,805.9605766140445,-944.5940337672334
1788030722.9637544,163.0,-671.0,1474.0,-205.79147141000004,-29.98320388,-116.10177725999993,93.91398374573475,474.4606575360553,830.530785307684,-885.8191999418405
1788030723.021544,1868.0,-340.0,9372.0,-205.46318611000004,-30.04113658,-115.42313705999993,94.66398374573475,536.1605637895995,767.8178217131617,-878.624815149745
1788030723.109753,-2193.0,-2008.0,2755.0,-205.45764981000002,-30.74829814,-113.18755741999993,93.16398374573475,402.5110787451328,767.2865376953447,-915.0118015565558
1788030723.1809762,-422.0,-493.0,1917.0,-205.04758785,-29.557223219999997,-115.48075741999993,93.16398374573475,473.8459519518655,765.8950754612146,-932.6752361460512
1788030723.2486794,-342.0,-2791.0,3340.0,-204.21025023,-29.94884256,-116.12189385999993,94.60327793745714,471.1695612784593,770.7834638352554,-907.9110529610995
1788030723.3212078,112.0,-129.0,1967.0,-204.67013287000003,-30.004100559999998,-115.12469345999993,95.87043588282555,472.99931799387514,781.2421463167456,-918.1578002818218
1788030723.3846347,-1155.0,40.0,2925.0,-204.45883311000003,-30.190377979999997,-115.77527429999994,95.12043588282555,516.2777401349271,795.1497986122873,-934.4004956340901
1788030723.4500554,437.0,925.0,5727.0,-204.85115329000004,-30.876752129999996,-115.20968080999994,95.25480648480797,482.9550620940623,838.1405158563862,-915.5913382946595
1788030723.5431337,-802.0,-1386.0,2344.0,-204.19477351000006,-31.734541439999997,-115.04700871999994,95.25480648480797,460.05338789344574,779.6097260678929,-967.6557566031369
1788030723.6080256,1494.0,1540.0,7662.0,-203.53591937000004,-31.968615979999996,-111.08777749999993,96.75480648480797,408.6388496943174,804.4451772261717,-905.6538672693501
1788030723.6611733,1619.0,-1858.0,3901.0,-203.54425322000006,-32.501982379999994,-108.67096099999993,97.50480648480797,337.04735029269176,756.5763083019858,-922.2231657183225
1788030723.7456,-1858.0,-119.0,2154.0,-204.99560984000007,-32.173479379999996,-112.98572732999993,95.25480648480797,376.15689654672167,760.3268988475352,-958.2324361661233
1788030723.810501,1753.0,-3313.0,10618.0,-205.16675774000007,-31.999571029999995,-114.78554072999994,96.00480648480797,459.33584269346005,728.2002813912402,-896.8063051067314
1788030723.8760202,-935.0,-297.0,1696.0,-205.84391632000006,-32.524575229999996,-115.45432940999994,96.00480648480797,451.4047017440597,744.9538499738476,-922.0949859584271
1788030723.9650726,-1118.0,-107.0,3100.0,-204.83915494000007,-33.75843715999999,-114.83330039999994,95.2431885661094,465.2514310321044,729.5295738514932,-920.8958166286187
1788030724.0329247,-87.0,477.0,5076.0,-203.17107482000006,-34.460341019999994,-114.52444751999994,95.2431885661094,488.3108857387001,681.7377918431522,-981.1025880350928
1788030724.0907838,54.0,-1746.0,2446.0,-202.82419857000005,-34.68234181999999,-114.93514899999994,95.9931885661094,481.55203059907626,727.5928974821255,-922.6996254664082
1788030724.198694,907.0,-349.0,4032.0,-201.57136076000003,-34.496151689999984,-115.62328763999994,98.08177573247708,465.8997580356307,735.6602839916168,-913.6824025044201
1788030724.25188,-190.0,-108.0,4392.0,-200.85833390000002,-35.11245009999998,-114.61454808999994,97.33177573247708,517.8921066046835,685.6198512623496,-938.0330423637366
1788030724.3151906,-286.0,-855.0,4372.0,-199.77816383,-35.65114503999998,-114.53949135999994,96.21567350436666,443.1901408565337,718.1183777117674,-931.4331410306273
1788030724.380433,1126.0,-801.0,4802.0,-199.39573409000002,-35.38787818999998,-114.46466814999994,96.96567350436666,450.5810377555165,709.5350733490795,-897.0571500421972
1788030724.4486783,-1428.0,-449.0,4019.0,-199.22955101000002,-35.41850626999998,-113.75404872999994,95.46567350436666,452.7850161535725,737.4369964311408,-894.7008308831272
1788030724.5144894,716.0,-634.0,4453.0,-198.37689018,-36.28806677999998,-114.13479937999993,95.46567350436666,450.5398567728578,712.4526888478478,-879.7282983204825
1788030724.6083715,-809.0,-1919.0,3841.0,-198.13823225,-36.22857251999998,-114.72465234999993,94.12238834059994,441.2221402877654,667.1926839401674,-907.099874335443
1788030724.6716683,-908.0,-1015.0,2782.0,-198.38100779,-35.08931852999998,-113.31745914999993,94.12238834059994,428.78527017081063,740.3308690440654,-890.6501197555519
1788030724.7386267,-419.0,-927.0,2005.0,-197.71201331,-34.541959409999976,-112.81985994999994,94.08975989049775,407.5769300459845,715.2923459074598,-882.8403545825668
1788030724.8190272,898.0,-397.0,3144.0,-195.86752142999998,-33.11206723999997,-115.30707453999995,94.76507676806638,451.4822551643993,754.4332876066123,-938.6284321077917
1788030724.8885598,571.0,526.0,5390.0,-196.06721631,-33.35613875999997,-114.61646307999995,94.05257346753613,508.4796712392088,737.9194533122231,-904.2031581408365
1788030724.952531,-813.0,-660.0,3360.0,-195.91460686,-32.895601129999974,-114.58599165999995,93.01034846785294,470.1861744438253,781.8109383582077,-973.7212793188213
1788030725.0337207,-196.0,-694.0,4326.0,-194.98410134,-33.645650499999974,-116.70842889999994,91.69695042921037,528.5797335555402,713.381929461975,-916.9677156569512
1788030725.1010664,508.0,-274.0,4129.0,-193.64310587999998,-31.70856464999997,-118.76047287999995,92.83121047747812,613.8333052651212,812.7469784798986,-971.0568188848798
1788030725.1657426,74.0,-652.0,4884.0,-193.6486972,-30.74685760999997,-118.54520705999995,92.56103077903845,590.7493234525598,810.9707846480578,-915.865321143914
1788030725.2438397,-836.0,411.0,2749.0,-194.03771372999998,-30.592161599999972,-117.38944356999995,91.06103077903845,602.5547957131246,774.3801617424057,-869.599807562349
1788030725.3085601,649.0,-1587.0,5176.0,-194.90610489,-29.175117859999975,-116.22043271999996,92.56103077903845,466.9541842804513,833.4121394657012,-869.9006303395792
1788030725.3721266,-1415.0,-446.0,2802.0,-194.37849837,-29.793970919999975,-115.36138802999996,91.06103077903845,484.27080733020176,822.3522146640073,-888.1162364755573
1788030725.450255,2225.0,-3597.0,4443.0,-193.6967186,-29.990187919999975,-117.89004016999995,91.06103077903845,525.8737543472168,852.847330023402,-909.900816798994
1788030725.5173047,1197.0,943.0,7101.0,-194.38696403,-29.485671179999976,-117.56293590999995,91.59402484053399,532.8804988076533,810.9839393491909,-856.9250063966606
1788030725.5805056,-601.0,-287.0,4808.0,-195.57004761,-31.488279479999974,-114.12440850999994,92.06643246182134,438.1152502088859,810.3748618718366,-860.7709069078372
1788030725.664935,-474.0,-1516.0,1747.0,-194.83652173999997,-31.171782109999974,-115.57167446999993,91.57028867414725,462.113895671904,720.4043958614062,-939.816165701452
1788030725.7285917,-1803.0,-1303.0,4533.0,-194.22438559999998,-30.567918079999973,-118.01746165999994,90.82028867414725,528.9201081371424,777.4657169231009,-1013.4887438898047
1788030725.7975304,-1415.0,-1429.0,2418.0,-193.39611535999998,-29.634600239999973,-118.02687553999995,90.13995887014862,592.1434473583391,796.57465080863,-922.2019254810149
1788030725.8770204,879.0,974.0,5372.0,-194.08534278,-28.564806759999975,-120.14364137999995,88.63995887014862,638.1789716395141,815.9332242922214,-963.309987447988
1788030725.9426575,1111.0,603.0,4994.0,-193.37355477999998,-28.895836759999973,-118.48545617999996,89.4670019413012,639.1994516058124,793.7268049638037,-915.6644917562323
1788030726.0131803,222.0,-2157.0,5470.0,-192.51471001,-27.753421009999972,-117.01477556999995,89.4670019413012,619.6892375306869,805.9788823173628,-1011.5077647255516
1788030726.063555,-250.0,-1066.0,2699.0,-191.94410829999998,-27.65969898999997,-117.06163657999996,90.2170019413012,543.0314963712443,861.0333836210365,-890.8397808860601
1788030726.1245942,-394.0,-2.0,3924.0,-189.83769112,-28.287350769999968,-119.93624887999997,88.7170019413012,681.7289187982343,827.3014293095713,-934.789431366813
1788030726.1901584,376.0,618.0,5407.0,-188.93584801,-28.39766796999997,-118.98476302999997,87.9670019413012,693.2983086741945,798.2458494362727,-916.8953798709806
1788030726.2591312,632.0,-473.0,5296.0,-187.59004299,-29.001730099999968,-118.44999466999997,87.9670019413012,622.3099170311843,834.4633876758102,-966.2522005380714
1788030726.3267882,1286.0,-241.0,3558.0,-187.14652341000001,-28.92184147999997,-118.41142774999997,88.7170019413012,646.9230205722513,826.8488569032438,-914.5779966119876
1788030726.3784034,-586.0,-18.0,5755.0,-185.72718073000001,-29.051016539999967,-118.44254344999997,87.2170019413012,682.0107815998415,770.5566468337778,-945.2348307598164
1788030726.4416757,-221.0,-806.0,2758.0,-185.61952003000002,-29.197465219999966,-119.54863430999997,86.7035467239242,706.0527429251961,787.6353437566414,-980.5289011529887
1788030726.5293252,3186.0,-2063.0,4576.0,-185.34180735,-28.714266139999964,-119.64872898999998,87.01709011093119,783.7980367365136,807.2681490034961,-929.3308818766769
1788030726.596825,-1572.0,616.0,4199.0,-185.18993899,-28.446704649999962,-115.93963989999997,85.97197588423208,654.587445048961,797.3200669685268,-952.1768244878006
1788030726.6608868,-779.0,747.0,3007.0,-185.38299899,-28.62873264999996,-115.89275389999997,85.22197588423208,626.5542776186779,808.3195169894547,-935.190056504139
1788030726.7358403,-1031.0,-580.0,3661.0,-184.86378638000002,-28.25833457999996,-114.04741830999998,85.19830836017277,586.2566169274788,819.8657104466761,-977.8065640963333
1788030726.7861376,-1128.0,269.0,2442.0,-184.72178963000002,-27.97434107999996,-114.27572680999998,84.44830836017277,555.3090122746339,812.9969494620706,-934.91618369421
1788030726.857505,1360.0,1483.0,8467.0,-184.05749285000002,-27.97040070999996,-115.82547122999998,83.47984462752905,658.1209781794228,802.5544085614881,-956.076162922029
1788030726.950162,-410.0,-1498.0,3893.0,-184.48434949,-27.96547690999996,-113.14239180999998,84.86134519659021,598.7433169169233,754.4767959118,-945.0101222322655
1788030727.0197775,-1402.0,188.0,5302.0,-186.13849618,-26.60880935999996,-114.76269545999999,83.36134519659021,542.7072475119179,818.1304605409074,-939.7419536688593
1788030727.087606,848.0,-1699.0,3466.0,-186.44701845000003,-26.95528394999996,-114.25455978999999,84.86134519659021,642.5154819974068,832.9999213678609,-912.5631300042156
1788030727.167239,-759.0,-682.0,3486.0,-186.69452165,-26.30682984999996,-114.20012709,83.38639086353116,684.454352490337,789.5519010786012,-980.2563370794112
1788030727.235917,-1910.0,-998.0,4494.0,-187.14363283000003,-26.061796249999958,-113.19959496999999,81.88639086353116,552.937503961024,793.6741187115472,-966.5709089700418
1788030727.3021748,-947.0,544.0,1932.0,-187.14363283000003,-26.202732709999957,-114.19444057,81.13639086353116,619.0651239671755,802.9499650458664,-1018.7515338786761
1788030727.3703399,756.0,-1695.0,6031.0,-188.05385046,-26.869728969999958,-115.28415457999999,81.49902603557355,663.1311017362982,803.0461129746698,-999.2879329053098
1788030727.422128,-266.0,-572.0,2390.0,-188.66028993,-25.89499520999996,-114.93801332999999,82.14362523519875,616.6650668564154,789.9842375114138,-967.3483565543461
1788030727.487203,-208.0,201.0,7516.0,-190.37079592999999,-26.50538428999996,-113.17762029,81.46416671988813,604.6841530555167,781.7980662752366,-983.0444963269608
1788030727.552668,102.0,-1363.0,2863.0,-191.15708367,-27.11374588999996,-114.28336094,81.46416671988813,622.4787837793881,763.2435718130902,-976.5559431294208
1788030727.6057231,1214.0,-1194.0,5863.0,-191.81000362999998,-27.348907739999962,-114.0786318,82.21416671988813,618.8495358041172,783.9809714373617,-984.7678158918933
1788030727.6708438,238.0,219.0,2674.0,-192.19372038999998,-28.05836935999996,-114.72227326,83.51782561451316,594.6024782437019,792.5160841971052,-1025.5107112266874
1788030727.7222788,677.0,-518.0,4949.0,-192.77283430999998,-28.30220679999996,-114.67793918,84.26782561451316,651.5423619318756,745.8745481746964,-977.1001013150228
1788030727.779093,-228.0,-914.0,6255.0,-193.15048319,-27.50803341999996,-114.16422562999999,84.57926398118727,616.2191346583473,770.6370756823326,-995.4567417227214
1788030727.8423464,1281.0,-235.0,3689.0,-194.9351831,-25.86942301999996,-114.15641915999998,85.53309024618248,611.0718016080533,752.5685450135974,-952.0729599088608
1788030727.897253,-643.0,874.0,5798.0,-195.55060734999998,-26.40757426999996,-115.61632690999998,84.78309024618248,529.7510729896318,754.1950116095481,-963.0826527909128
1788030727.9614382,-516.0,-227.0,1786.0,-195.74463306999996,-26.618439749999958,-114.88187017999999,84.78309024618248,545.6153190529838,750.9795168562611,-942.0161824067642
1788030728.030002,-729.0,-1121.0,4020.0,-195.58342110999996,-27.54641497999996,-116.09054925999999,83.94004348052032,608.3076626811929,768.9738779038952,-941.1119824950629
1788030728.0952587,1044.0,-1076.0,2715.0,-195.27297278999995,-27.247054099999957,-115.83276627999999,84.69004348052032,580.1776414908499,767.5661564503146,-924.0037943956979
1788030728.1629524,-1512.0,-808.0,5288.0,-195.13792766999995,-27.424766319999957,-115.18917199999999,83.19004348052032,590.6102927454142,729.8933629319966,-971.727720741057
1788030728.2411351,-364.0,1071.0,5286.0,-196.00423408999995,-26.69064733999996,-117.10439740999998,81.69004348052032,606.3786148533234,721.6721540815726,-966.1362140165656
1788030728.3048894,1067.0,-734.0,5755.0,-196.55053984999995,-26.911376939999958,-116.43944948999997,82.44004348052032,617.0833139021406,758.9035515709876,-960.687507771091
1788030728.37225,-1092.0,252.0,4310.0,-195.98064548999994,-27.599509909999956,-115.64402002999998,81.39946176190125,576.1131127674003,761.2172420194582,-1010.4870744585581
1788030728.4411242,1272.0,-154.0,2866.0,-196.03207805999995,-27.843023809999956,-116.47908439999998,81.8848807793332,584.9354358144604,758.0363143262468,-997.248666010239
1788030728.50448,-379.0,-2223.0,4387.0,-195.70412364999996,-27.680754149999956,-116.07900744999998,83.3848807793332,571.7399824656854,749.4737172036805,-978.1659109591933
1788030728.5756185,-866.0,4.0,1116.0,-195.55182534999994,-27.536763029999957,-116.12054334999998,82.6348807793332,618.9963127987488,687.629049600784,-964.694433190823
1788030728.6385858,3701.0,-1017.0,9727.0,-195.88797885999995,-27.136789469999957,-117.53965999999998,82.6348807793332,600.8596404236071,677.3872996300103,-985.5084024715346
1788030728.6892407,-2391.0,-1370.0,442.0,-195.18792565999993,-27.10737546999996,-116.47487319999999,81.8848807793332,589.1495805351354,773.5370898841678,-993.97506369217
1788030728.7528644,-1093.0,-1234.0,4926.0,-195.52190461999993,-27.69774314999996,-118.70099919999998,80.58732670554804,635.2866129772892,691.200027723253,-998.5167701806093
1788030728.8165877,908.0,-719.0,3014.0,-195.66138346999992,-28.19366794999996,-117.95091293999998,81.33732670554804,614.2430629429073,718.6774509545236,-971.1133566845616
1788030728.8785937,1111.0,1436.0,6650.0,-195.7419384899999,-27.62048799999996,-115.68917583999998,81.1195262536421,596.3887761459571,729.1345567938812,-993.9633442008865
1788030728.9343739,-1005.0,-394.0,1929.0,-195.5875630099999,-28.17492285999996,-115.34085261999998,79.6195262536421,549.2656608174,683.7863574655262,-1037.4941063712731
1788030728.9998505,-563.0,-1329.0,5071.0,-195.7276246099999,-27.69248845999996,-115.86374925999998,80.3695262536421,584.5980981528509,698.4366736058403,-1031.380215618954
1788030729.0624382,-402.0,-1192.0,2399.0,-196.25273583999993,-27.60533705999996,-119.84985718999998,80.38895665491452,620.6516073671901,744.0118061493444,-1016.4620995977358
1788030729.1321156,3189.0,-385.0,7438.0,-196.43037063999992,-26.82818480999996,-117.73727188999997,81.13895665491452,645.978536889774,758.2008905439453,-973.2518120666161
1788030729.2036905,-125.0,1682.0,3463.0,-196.72404261999992,-28.87451615999996,-115.12546576999998,80.38895665491452,565.6716584789459,689.4350109812723,-974.5261633905703
1788030729.2692947,-1010.0,-4983.0,2090.0,-196.2696498699999,-28.152993749999958,-118.08899262999998,80.38895665491452,477.76848446135864,740.3971540296326,-1060.525830266692
1788030729.3350246,955.0,270.0,4998.0,-197.51885698999993,-28.68570382999996,-120.49404905999998,80.38895665491452,655.6352303418419,714.8889040751121,-977.0384763152807
1788030729.4034545,3896.0,-2212.0,3781.0,-198.73786204999993,-28.06840714999996,-119.10045503999999,81.13895665491452,628.1232157328897,745.7678113487466,-982.1872920390585
1788030729.473618,-729.0,-948.0,3995.0,-199.70850822999995,-27.91061062999996,-116.27454600999998,81.37741400575067,497.9518551186921,698.3128540906406,-978.1415106718945
1788030729.5376863,-1921.0,-751.0,4042.0,-200.18146182999996,-27.174905029999962,-117.34410120999998,80.62741400575067,457.40839039761624,732.5347001836337,-1014.5628419931695
1788030729.5925944,2608.0,-1017.0,4897.0,-201.26428398999997,-26.744692589999964,-119.45778564999998,81.12109879773574,572.6729232891634,769.7616977058897,-940.9598685756355
1788030729.680696,-206.0,-1222.0,4580.0,-202.16430835999995,-25.700104499999963,-117.65325186999998,81.5736729131616,501.67439177961336,759.1649349201052,-962.4775558119865
1788030729.748391,764.0,-79.0,4228.0,-201.74393371999994,-26.593400609999964,-117.73979958999998,82.3236729131616,524.3473228550788,717.8436050968668,-950.5678515525638
1788030729.81457,-2912.0,-1358.0,2030.0,-202.31563330999992,-25.125157609999967,-117.38964110999997,81.19570815544543,448.78258085559526,763.6213404893974,-929.4302776692742
1788030729.8773472,1734.0,4495.0,9370.0,-204.29354917999993,-24.496805619999968,-118.36776538999997,80.44570815544543,509.9358336038857,823.8672611362516,-916.9617145524828
1788030729.9426255,561.0,-1674.0,3569.0,-205.38927121999993,-25.04776189999997,-118.58443358999997,81.19570815544543,510.071221883577,777.9434919312977,-973.1681378107855
1788030730.012589,1550.0,375.0,4084.0,-204.1599784699999,-26.032611989999968,-117.84216037999998,82.69570815544543,485.1500283475947,725.6099590675742,-928.361786875917
1788030730.099079,150.0,603.0,3673.0,-204.3238710099999,-24.64410444999997,-118.87206799999997,83.56601423519383,456.9026207801381,786.9967834861083,-886.2601797549204
1788030730.1544516,283.0,-1330.0,5003.0,-205.0433639099999,-23.542967489999967,-119.25684028999997,84.31601423519383,486.7463491414333,799.017009762112,-928.2238448614875
1788030730.221285,-322.0,356.0,2572.0,-204.6662477999999,-24.890484919999967,-120.51471781999997,83.74131657243873,493.27124558289563,738.6666340502615,-984.6514992524109
1788030730.3135765,679.0,-1419.0,3383.0,-204.38757569999987,-23.44318255999997,-120.12072232999996,85.24131657243873,516.216119897297,756.7607675775707,-921.2510386336323
1788030730.363988,679.0,-1419.0,3383.0,-204.38757569999987,-23.44318255999997,-120.12072232999996,85.24131657243873,516.216119897297,756.7607675775707,-921.2510386336323
1788030730.435436,553.0,-2019.0,8114.0,-203.54213032999985,-22.840439509999968,-119.61668585999996,85.24131657243873,490.06532846877104,808.1725427811249,-912.0539728528153
1788030730.5232606,1264.0,-716.0,6025.0,-201.93162835999985,-23.15236699999997,-118.66117920999996,86.58855013449245,498.04112211315777,835.8274136006295,-882.6162523087885
1788030730.5910065,-1162.0,-1029.0,2117.0,-200.72871587999984,-23.90070843999997,-118.18805424999995,85.83855013449245,481.06554475025087,804.0957170949223,-923.3879015242001
1788030730.641971,-141.0,-1065.0,2965.0,-199.73367686999984,-23.32724358999997,-118.27484892999995,86.58855013449245,484.6338163908607,818.7886499104653,-746.532350042699
1788030730.6968305,328.0,-1244.0,6572.0,-200.02434178999985,-22.54182986999997,-117.65332074999995,87.33855013449245,484.55670301622837,841.6794446692542,-955.901542275568
1788030730.7639086,-182.0,822.0,4345.0,-199.71801646999984,-22.28187009999997,-117.48006486999995,87.33855013449245,514.0278767645516,800.9688873164808,-899.6218295459022
1788030730.8294032,94.0,-1179.0,4318.0,-199.13051556999983,-22.41483082999997,-118.02736833999995,88.08855013449245,500.7144811199434,815.9832027172617,-1154.7609652900198
1788030730.8983533,-740.0,-874.0,4302.0,-198.9914626699998,-23.12583342999997,-116.20364223999997,88.9061428124053,483.25503135356416,813.7552377049385,-955.5678656928562
1788030730.961594,-704.0,-1046.0,3105.0,-198.9141599199998,-22.547608859999972,-117.29824917999997,89.25293979083006,461.08012898592347,826.9337337724697,-945.3215208234162
1788030731.0118248,409.0,-267.0,5011.0,-197.5169187599998,-23.827424599999972,-117.63815797999997,89.25293979083006,506.91118974177186,813.728388875906,-937.7055966584481
1788030731.077126,-1478.0,-1167.0,2866.0,-197.52309765999982,-22.98091529999997,-117.87913507999997,88.50293979083006,484.247419139487,811.1631515155666,-905.3641414534699
1788030731.1482027,309.0,-894.0,3971.0,-197.44511548999984,-21.94496394999997,-116.62010058999998,90.00293979083006,489.33567385986146,830.7672486730944,-898.5241910774663
1788030731.2009165,-1718.0,-31.0,2975.0,-197.67690298999983,-21.55556094999997,-116.61701008999998,89.25293979083006,552.5648943814772,808.7540182571136,-926.5033164850676
1788030731.2693245,-287.0,-135.0,5030.0,-198.22420645999983,-20.479506669999967,-117.38385336999998,89.07997280964265,545.3910931933293,853.340728717259,-943.8742427269918
1788030731.326429,1068.0,17.0,4398.0,-197.58640978999983,-21.78214296999997,-117.92191221999998,90.57997280964265,519.8310963816939,880.7555123329171,-913.4784268772669
1788030731.3910425,-833.0,488.0,4769.0,-197.38851922999984,-21.31833696999997,-117.92809629999998,89.82997280964265,546.2684657947226,873.7926499033763,-922.1937557179675
1788030731.4609644,-96.0,-252.0,2833.0,-197.26161356999984,-22.355249069999967,-117.31213955999998,89.858411422489,549.6628252672149,831.1585228288562,-896.4101910023735
1788030731.525567,-168.0,-608.0,4283.0,-197.02047980999984,-22.36773398999997,-118.53929555999999,89.21298578505065,568.179248563958,819.9528468329012,-900.077548774251
1788030731.588925,48.0,861.0,5381.0,-197.29594646999985,-21.514888009999968,-118.59402295999999,89.21298578505065,573.7039613432693,856.3244900315333,-914.4260013887073
1788030731.6580927,143.0,647.0,2461.0,-197.57492306999984,-21.01582986999997,-117.63620329999999,88.46298578505065,595.2534517102557,854.0601195179228,-979.5411456816041
1788030731.727577,-965.0,-663.0,2530.0,-197.40490321999985,-20.92309176999997,-118.21427078999999,87.71298578505065,558.3285835145615,875.283718212691,-957.5875821083943
1788030731.7995,299.0,119.0,3644.0,-197.27196103999987,-21.00039906999997,-118.09670970999998,89.07626591027436,559.8069455659601,850.7422656618907,-884.3716931099433
1788030731.8650322,-1003.0,488.0,5262.0,-196.75506465999985,-20.743308529999968,-116.08864504999998,87.57626591027436,507.1820986207737,850.2536671918976,-872.3003327552101
1788030731.9195206,33.0,-461.0,4105.0,-196.58183201999984,-20.99078372999997,-114.74299864999998,88.32626591027436,528.9946742262315,865.7604186466746,-955.8635213173812
1788030732.003851,-400.0,88.0,3016.0,-196.67783589999985,-20.815075749999966,-116.09480882999998,87.56164593116412,473.5767927489484,879.7940782486525,-1145.6248383025272
1788030732.073659,891.0,-978.0,4206.0,-196.40311627999984,-20.713134819999965,-114.82240755999997,89.06164593116412,502.86695732246955,881.8950740271144,-934.4641792530857
1788030732.127644,-2153.0,-438.0,3149.0,-196.02422979999983,-20.877504689999967,-114.09527982999997,88.31164593116412,489.6005141522501,847.8525577390399,-949.8468791289393
1788030732.1779811,-576.0,362.0,4420.0,-195.75858819999982,-21.004791289999968,-115.14124362999996,87.56164593116412,513.1285685536452,854.172998645219,-945.737224150809
1788030732.2372704,-558.0,-249.0,3983.0,-195.81926685999983,-21.21457092999997,-116.99575978999995,86.76534528983748,559.580375715994,812.1592437764564,-950.6735460152844
1788030732.3046572,1153.0,-1219.0,4241.0,-196.00209621999983,-20.568665949999968,-117.22522874999996,88.00266832645669,585.214465428876,878.8949344299757,-988.3474295697567
1788030732.3714185,-56.0,-545.0,2087.0,-196.16355023999984,-20.11214078999997,-116.66570705999996,88.75266832645669,533.0600281989814,864.0220627977175,-886.6585012613594
1788030732.4341037,412.0,-2102.0,6300.0,-195.52957801999983,-21.32753741999997,-118.17327486999996,88.75266832645669,604.7614589697154,808.9977292993963,-915.714515960838
1788030732.5000577,463.0,-3660.0,3353.0,-194.59684509999983,-21.85073113999997,-117.11105482999996,90.25266832645669,593.0003807047611,775.7199254612624,-904.7008331932475
1788030732.5550969,-155.0,-2213.0,5410.0,-194.52518987999983,-21.77356397999997,-117.90477418999996,90.80200840251239,614.467822772381,825.7569689167434,-930.1126453482804
1788030732.639254,742.0,-480.0,4180.0,-194.02836032999983,-22.23365423999997,-116.57301718999996,90.80200840251239,591.3190077092377,852.5425552952038,-936.3797386777271
1788030732.708489,430.0,757.0,4222.0,-194.48874360999983,-21.604075639999973,-117.58208398999996,89.30200840251239,597.8729922955023,844.1657121846285,-922.0529501817197
1788030732.7781663,410.0,-1065.0,2752.0,-194.82247007999982,-21.824721239999974,-118.14473026999995,90.05200840251239,636.1032017835876,797.1727391321331,-950.2318163193023
1788030732.837134,-2002.0,-352.0,5406.0,-194.4967462199998,-21.457197229999974,-116.70584414999996,88.66167531200274,586.972462040122,804.1502848514275,-957.6055864592815
1788030732.9039512,1891.0,1249.0,4461.0,-193.6708934299998,-22.722597659999973,-116.60006245999996,88.66167531200274,552.3255109996713,848.6381424087215,-885.7617385434464
1788030732.9693327,778.0,-2299.0,4442.0,-193.6157334299998,-22.057919659999975,-116.23049045999996,89.41167531200274,529.6418623145069,833.5122160950569,-936.4174758807784
1788030733.041418,-1076.0,1329.0,3919.0,-194.1646562099998,-22.109862739999976,-117.17653051999996,87.91167531200274,597.8808543315403,814.2221878264677,-925.4268209876511
1788030733.11075,-670.0,1687.0,5984.0,-194.25274658999982,-21.996668119999974,-115.53632068999995,87.91167531200274,505.6133584239609,811.7857366096824,-852.6726146159975
1788030733.163449,-450.0,-859.0,2442.0,-194.40122820999983,-22.251608259999973,-115.25616668999996,87.96596076446036,555.9872910677701,814.316241217891,-961.4537656683627
1788030733.2476523,797.0,-342.0,7193.0,-195.36951111999983,-22.701506589999973,-116.85035417999995,88.3475208115535,609.4677345267286,856.5908378716985,-916.4218850272173
1788030733.3157163,-107.0,438.0,4339.0,-195.76751935999982,-23.684044649999972,-115.99592248999996,88.3475208115535,568.9410832042374,786.0051371085829,-915.329680152979
1788030733.3841052,2767.0,-126.0,4134.0,-195.6246418699998,-23.780142049999974,-113.99817897999995,89.8475208115535,586.916123535312,744.5908126408059,-897.6770964757179
1788030733.4597778,-56.0,500.0,4269.0,-197.1339464499998,-22.438826899999974,-114.28631969999995,89.90101977349532,505.5896016007207,821.9411736640302,-933.1419336396029
1788030733.5250866,288.0,-1513.0,1444.0,-198.4434976999998,-21.730290749999973,-114.95625854999994,90.65101977349532,540.6683067104473,825.0242584353273,-1006.3680510203546
1788030733.589311,993.0,-970.0,4621.0,-200.40452284999978,-22.56519404999997,-117.25475005999995,92.15101977349532,606.8269294372102,833.2658689513213,-960.8112152415205
1788030733.6642725,4822.0,-1177.0,6709.0,-201.61964374999977,-22.71119934999997,-116.86598475999995,93.65101977349532,541.7969741851713,832.6075411241375,-940.7399548361878
1788030733.7310994,-1847.0,-484.0,2292.0,-201.17620872999976,-23.374975679999967,-117.12006928999995,92.87239964549475,514.3411989035451,756.447098945337,-892.8294423039684
1788030733.79504,978.0,-14.0,4335.0,-201.62534055999976,-23.606430119999967,-117.29917093999995,93.62239964549475,599.4309652938739,742.8869757984125,-923.9327922790611
1788030733.8832018,2544.0,-837.0,6441.0,-202.59896327999974,-23.763682739999968,-116.59605796999996,92.87239964549475,569.7581174340758,773.2379869031449,-978.2776702028666
1788030733.9488935,-785.0,-246.0,2679.0,-202.59070166999973,-23.579173449999967,-114.43151614999996,92.12239964549475,437.900630245952,750.1096449349386,-929.6107516748583
1788030734.013646,-127.0,655.0,3206.0,-203.29100336999974,-22.605798249999967,-115.30274566999996,90.62239964549475,477.0769739151151,755.5900976821144,-933.6723223714894
1788030734.0975828,1137.0,-844.0,3976.0,-204.07731294999974,-23.678705189999967,-116.72339629999998,90.62239964549475,559.0315377423203,741.8519387542422,-949.9854986929652
1788030734.1694438,162.0,-784.0,726.0,-203.60908854999974,-24.289069139999967,-116.87668404999998,91.37239964549475,520.342202698567,737.3123046801941,-936.8262707811516
1788030734.2336333,-2342.0,162.0,9115.0,-203.27509131999975,-24.736788719999964,-115.57562435999998,91.37239964549475,511.3564375869472,757.3336540116403,-978.5272064019811
1788030734.3127992,194.0,527.0,5233.0,-203.77688169999973,-23.454485459999965,-116.70527924999998,90.62239964549475,491.81643124410346,722.0751942323443,-980.7618216902125
1788030734.3807442,-921.0,-61.0,3202.0,-203.83482027999975,-23.879368379999967,-117.04187480999998,89.87239964549475,492.25030899982244,747.6158234557042,-951.7973208916352
1788030734.4447374,604.0,-3728.0,5850.0,-202.55954907999975,-23.890257019999968,-116.23295872999998,89.87239964549475,519.4267026055752,705.1491432649859,-926.4275195803275
1788030734.5413973,1095.0,-405.0,4120.0,-202.79791615999977,-23.63254018999997,-117.56698841999999,89.87239964549475,543.4536605528373,758.5388909671725,-973.9339845999534
1788030734.6069274,-1554.0,1878.0,4057.0,-203.49269114999979,-24.02244928999997,-114.54206098999998,89.87239964549475,428.28676827514346,774.3294753453764,-977.7094591615855
1788030734.6749084,-710.0,-653.0,2701.0,-203.5558160299998,-24.30394336999997,-116.12830753999998,89.04018062892004,435.8799554242676,737.0409916365458,-965.9103154488103
1788030734.7431023,-1930.0,-1256.0,5263.0,-203.12813072999978,-23.80727656999997,-117.09128927999998,88.29018062892004,497.6946789449423,752.3036568894577,-902.8231760306459
1788030734.8092797,1547.0,-156.0,5366.0,-203.49878149999978,-23.995854679999972,-115.87552521999999,89.79018062892004,497.19949461754396,734.8401796029358,-913.5925911343311
1788030734.8782341,-1584.0,-480.0,2553.0,-203.21147657999978,-23.693903519999974,-116.32572126,88.29018062892004,459.8978628314989,698.6959401736236,-941.3163692303201
1788030734.965485,1375.0,-1231.0,5455.0,-202.7839339399998,-22.560396599999976,-119.88924682,88.29018062892004,537.4308806701941,799.0077622300125,-894.514402135916
1788030735.0314517,609.0,934.0,3208.0,-202.55515335999982,-23.191256619999976,-118.61556266000001,88.29018062892004,520.6580667452711,732.7151138325594,-892.9596083498116
1788030735.0984447,4423.0,836.0,4258.0,-202.29509859999982,-24.242541819999975,-118.10928584000001,89.04018062892004,527.7056235558408,709.2786078623684,-920.5340637148856
1788030735.168261,-616.0,296.0,3652.0,-203.47902525999982,-24.377408719999973,-119.33246402000002,89.04018062892004,557.4252312260007,720.4187255230959,-977.0963401649572
1788030735.233867,-285.0,-802.0,1812.0,-203.73217969999982,-23.808888039999974,-119.08477882000001,88.56354442880372,568.8094029497801,729.5376442857292,-952.2420618547809
1788030735.3011863,-95.0,-847.0,4855.0,-203.70929417999983,-23.494212139999973,-117.60866278000002,88.89951838137601,548.5434612164955,746.4797199078882,-1003.3324304691048
1788030735.3692555,360.0,-1255.0,2497.0,-203.79933503999985,-22.459456319999973,-115.99851795000002,90.39951838137601,427.67999088680125,743.9366495036958,-939.0303109618062
1788030735.4349332,-1084.0,-377.0,2297.0,-204.37207286999984,-22.27996833999997,-117.82303561000002,88.89951838137601,446.54549262155234,739.6709638623134,-914.4678634496049
1788030735.5011954,571.0,1079.0,6420.0,-204.70084438999984,-23.448329939999972,-118.26864329000001,88.14951838137601,524.2736481750997,685.6480414564292,-936.5622789219038
1788030735.5942156,-122.0,6.0,3492.0,-204.77128027999984,-24.05295983999997,-119.06336939000002,88.73609141713771,508.1824252337489,720.3226952328351,-999.9248372786426
1788030735.658165,-946.0,-776.0,4164.0,-204.53785435999984,-24.14525924999997,-117.90711842000002,88.73609141713771,488.17093642017215,725.2560042870128,-990.6353339982124
1788030735.7251387,-778.0,-502.0,2904.0,-204.36166015999984,-24.50849036999997,-118.61189522000002,87.98609141713771,526.2485809752887,699.2287534924967,-948.6730326476594
1788030735.8025846,1347.0,-1309.0,4848.0,-203.90030142999984,-24.028304369999965,-118.66112447000003,89.48609141713771,534.6504837014387,665.8594140134143,-915.9483341263091
1788030735.8683412,-926.0,-945.0,5071.0,-203.32004167999983,-24.302159979999963,-119.38506377000004,87.98609141713771,502.5277488583907,675.4954270146721,-968.1362311697433
1788030735.9325533,1422.0,-1921.0,4431.0,-203.03790527999982,-23.805708429999964,-119.15718437000004,88.73609141713771,547.8695343515622,716.5885295987912,-914.419431736486
1788030736.015483,815.0,-136.0,3583.0,-203.18172713999982,-23.717464119999963,-119.91971145000005,89.48609141713771,504.35197633484535,724.8447760634623,-941.2985849580839
1788030736.0802376,838.0,602.0,4284.0,-203.2648934399998,-24.424377669999963,-119.76723990000005,90.23609141713771,522.6262102648635,750.4318545555795,-1002.8381777919615
1788030736.1501493,296.0,-2010.0,5402.0,-202.9901066899998,-24.43512581999996,-119.93164400000005,90.23609141713771,537.9854458002279,729.4047644620036,-959.6563603863241
1788030736.217361,206.0,-336.0,5438.0,-202.1177635399998,-24.17209766999996,-118.54448655000006,91.05410425259888,506.0337675516364,709.9770568582607,-902.892174547692
1788030736.283345,-1465.0,-1496.0,5054.0,-202.2897664199998,-23.44524678999996,-118.59442287000006,90.30410425259888,487.6366947965582,688.6798293940286,-953.7291271166887
1788030736.346855,429.0,-321.0,2338.0,-202.2372247699998,-23.43971608999996,-119.29129107000006,91.05410425259888,524.7299677458486,734.0892789194371,-1020.1564536997558
1788030736.431453,-972.0,-1217.0,1175.0,-201.83538297999982,-23.94577380999996,-118.66698466000007,90.30410425259888,472.4241428937434,729.8633615311348,-947.7861681940707
1788030736.4958918,1241.0,-1850.0,6971.0,-201.1501649499998,-24.12900454999996,-118.97262356000007,90.30410425259888,526.478451822456,705.4626942586768,-951.4842197696722
1788030736.560246,86.0,-770.0,2952.0,-201.4243088199998,-23.65271418999996,-118.58217623000007,91.05410425259888,482.4269658480759,723.6089488019186,-936.4115374153121
1788030736.6483665,2821.0,307.0,2712.0,-203.0829189199998,-24.16780918999996,-118.12799061000007,91.10976295313117,535.5972836099252,762.5675250504305,-968.9669602749325
1788030736.716105,-302.0,-507.0,1784.0,-202.7201262099998,-23.72747299999996,-118.06706359000007,90.35976295313117,521.4131121049539,702.9034327951935,-1005.979555444934
1788030736.7829812,-1328.0,-1109.0,6786.0,-202.5040139499998,-23.78842773999996,-117.32452403000008,89.60976295313117,536.6422245223796,725.742673199245,-1005.2152461275901
1788030736.8694298,-275.0,-2662.0,5210.0,-202.16587712999979,-23.66628592999996,-118.64650875000008,89.676251696306,565.8273430627845,718.0268413583832,-941.0078891806505
1788030736.9384482,-1167.0,537.0,1555.0,-201.3952969699998,-22.68505868999996,-119.52243723000008,89.676251696306,581.9925927455722,713.3162534882047,-973.8324537385809
1788030737.0059366,-1321.0,870.0,5139.0,-200.96001813999982,-23.31434776999996,-119.00680099000007,89.5247473263972,587.0633021801436,729.3068039015466,-1016.2791731784373
1788030737.0767014,1012.0,-1960.0,957.0,-201.09312117999983,-23.588872789999957,-119.25359621000007,90.2747473263972,546.8238065853145,712.8029710240255,-948.1200648554335
1788030737.1446364,-2056.0,-631.0,2124.0,-200.92113117999983,-23.16183176999996,-118.49725965000006,88.7747473263972,502.1855092897213,747.7188188046753,-955.0921298572081
1788030737.2119522,1161.0,-2846.0,4314.0,-201.73408471999986,-22.376878439999963,-119.31302523000006,88.7747473263972,573.7862075600348,703.0034398395186,-981.4988509222784
1788030737.2981527,534.0,-234.0,2721.0,-201.88706131999984,-21.903264599999964,-117.87147715000008,90.2747473263972,502.8165550846534,713.4027543406395,-935.6258477346547
1788030737.3671873,541.0,-824.0,4937.0,-201.97111521999983,-22.550274599999966,-118.70249475000007,90.2747473263972,547.060345586694,718.5251579146468,-1000.2482768222321
1788030737.4334998,105.0,47.0,4780.0,-201.86826372999982,-23.306372039999967,-119.02772784000007,89.70439787420221,539.8684379406515,730.7523640504464,-988.0880750589632
1788030737.5099885,-180.0,2921.0,5229.0,-202.05125604999984,-24.71384243999997,-118.98039160000008,89.70439787420221,566.0298424235597,720.2991173266105,-960.2209839933491
1788030737.5764902,-1913.0,-2307.0,2453.0,-201.30679841999984,-23.34643646999997,-117.45551860000008,89.03783348425029,479.55748379321614,664.6182686327592,-932.0465264687481
1788030737.642272,101.0,-4665.0,4178.0,-202.13259800999984,-24.14165088999997,-116.94113165000007,89.78783348425029,468.77435110818413,693.8053869647365,-961.8593119092783
1788030737.7279696,-167.0,-2814.0,3740.0,-202.92150458999984,-24.69824321999997,-117.96825341000006,92.03783348425029,534.7701479090541,679.822693524782,-965.4070157727489
1788030737.7789493,331.0,193.0,4032.0,-203.01562168999985,-24.97782636999997,-118.29766326000006,91.28783348425029,532.9471639031673,684.340984824918,-1002.7954170653342
1788030737.8488874,-8.0,-1924.0,1840.0,-202.45326093999984,-24.900259369999972,-118.39739226000006,92.03783348425029,552.9723192621865,705.7373485225992,-960.2703770111998
1788030737.935091,-515.0,-845.0,2537.0,-201.68335781999986,-24.93337552999997,-119.09258830000006,91.28783348425029,511.47921025219773,688.8573946208054,-955.0597162090287
1788030738.0039084,1397.0,-494.0,6138.0,-201.71949496999986,-25.57693907999997,-118.28693639000006,92.78783348425029,554.7506505730869,656.8106178203511,-927.0310154109455
1788030738.069038,-1262.0,-1668.0,2850.0,-201.40090011999987,-25.798570279999968,-117.25635131000007,92.78783348425029,490.6603426942452,627.2308359140529,-1006.2979164452847
1788030738.1427386,-940.0,359.0,1338.0,-202.21066655999988,-25.280207679999968,-119.11685275000008,92.03783348425029,498.69930251954577,661.611469551462,-1026.248049146871
1788030738.212727,2695.0,-257.0,5647.0,-201.71669867999987,-23.846739839999966,-120.81675375000007,93.53783348425029,594.868776495125,743.3363949204751,-969.3507074250913
1788030738.277858,5678.0,69.0,5029.0,-202.11018589999986,-24.229110779999967,-117.80189547000008,95.03783348425029,496.82479974706143,723.252711547968,-991.0989478912946
1788030738.3479269,-1027.0,16.0,3064.0,-201.62502464999986,-24.276240729999966,-116.58483382000007,94.28783348425029,485.02150613951443,670.0023381740463,-948.841905858107
1788030738.417019,624.0,-1248.0,6071.0,-202.87012724999988,-23.567798449999966,-118.69538310000007,94.28783348425029,519.7381101687595,713.6351233134427,-946.6181501389315
1788030738.4841738,1095.0,-509.0,4723.0,-202.31479841999987,-23.858434249999963,-115.95984624000008,95.78783348425029,458.9603225736771,724.7000836160861,-957.0344018568566
1788030738.549745,-2710.0,-226.0,3783.0,-201.63025273999986,-24.016406329999963,-115.52473016000008,95.03783348425029,420.43395640664096,709.1758004494067,-980.3159370497037
1788030738.6060228,-1028.0,-193.0,5362.0,-201.04022700999985,-23.706246409999963,-116.25905340000008,93.53783348425029,418.55852382953947,763.4155850685411,-929.570452018767
1788030738.6761968,135.0,369.0,5387.0,-200.69384719999985,-24.60684190999996,-119.25733253000008,92.03783348425029,569.114549386785,668.4931973011916,-947.1214325013499
1788030738.7695704,-645.0,-2343.0,2013.0,-200.54404887999985,-25.34401358999996,-117.39476987000009,92.04385660230137,543.6480391781988,676.4778251476625,-936.6430519498963
1788030738.8360054,-839.0,-525.0,4033.0,-200.77424688999986,-25.49932790999996,-117.53899031000009,91.29385660230137,466.35592346232073,685.3133829659116,-942.4645443939696
1788030738.9001527,296.0,-1564.0,3496.0,-201.60663627999986,-25.51447604999996,-119.77538699000009,91.29385660230137,560.1567719002238,653.4114858364071,-993.0624729012881
1788030738.962438,173.0,-423.0,4797.0,-201.22101950999988,-25.42826523999996,-119.26783274000009,91.84031606558828,537.3330309457073,715.012725015183,-967.7056534547739
1788030739.029901,1912.0,-628.0,8020.0,-200.66626110999988,-25.300662379999956,-118.33584770000009,91.84031606558828,521.1919947029345,722.8251057539886,-934.9114439257694
1788030739.0966148,-426.0,-1546.0,2809.0,-200.47217700999988,-25.824689449999955,-118.62420122000009,91.31610922021586,535.445428177705,627.9601578341186,-948.5191988837768
1788030739.1670635,1288.0,-764.0,3815.0,-199.26634573999988,-26.443477199999954,-119.3352591900001,91.31610922021586,565.7469122443439,651.7413014677409,-733.9642036069807
1788030739.2358453,-655.0,-1241.0,4863.0,-198.68182914999988,-26.712040179999953,-117.4538724800001,89.95068823037086,526.119338073225,667.1971305359673,-950.193015391533
1788030739.3042436,187.0,-437.0,4251.0,-198.18156245999987,-26.614858269999953,-117.5471994200001,89.69884949149993,494.1084603683296,652.9292642324104,-990.2899379242172
1788030739.3881557,-716.0,-443.0,4076.0,-197.6077696599999,-26.043853919999954,-118.1375304200001,89.39411193182391,521.8197778961726,672.1604417034424,-933.5593007543059
1788030739.4581625,597.0,-1233.0,4481.0,-197.1230984099999,-25.872141819999953,-117.83287992000011,90.14411193182391,509.52880455797435,724.8446584249195,-937.9336888177647
1788030739.5241368,-266.0,-789.0,2446.0,-196.1291573499999,-27.236965559999955,-116.0867864100001,89.31936462449553,528.3468476128199,673.0791637178896,-1016.1340940015158
1788030739.5901208,140.0,-3081.0,6443.0,-194.86307742999992,-26.407673879999955,-116.9141074500001,89.31936462449553,549.4680556228582,670.5699057765687,-1058.38907741545
1788030739.661161,114.0,-399.0,3844.0,-195.01239120999992,-26.125636739999955,-117.1408431900001,89.6692723206878,516.934336202524,701.2948034856969,-954.5667172485739
1788030739.729584,1601.0,302.0,6833.0,-194.57983908999992,-25.069041689999953,-117.0804705700001,91.1692723206878,543.1097592923326,714.9397317795097,-957.0666331324045
1788030739.7996178,-1764.0,-679.0,2421.0,-193.94423516999993,-25.88627894999995,-115.2988141200001,91.1692723206878,497.7685515423205,683.479584306972,-944.1982660570128
1788030739.8635297,-204.0,-235.0,4717.0,-195.18252928999993,-25.70423134999995,-118.4455801200001,89.6692723206878,541.6461531128853,720.8903589423818,-934.2067009889142
1788030739.9274492,295.0,1049.0,6940.0,-195.23216194999992,-25.90551935999995,-118.5255438500001,88.9192723206878,584.1751471174648,760.3207558337531,-1018.2349308766659
1788030740.0191083,-456.0,-270.0,6123.0,-192.99111446999993,-26.89662289999995,-118.86175616000011,88.79409332122738,555.2713302065754,682.5458476186615,-1014.069889395556
1788030740.087808,868.0,-1158.0,2518.0,-192.87240307999994,-27.52883006999995,-119.3310802600001,89.54409332122738,599.7248825378301,679.9487259283402,-935.2343073022666
1788030740.1394515,-115.0,-401.0,7532.0,-191.92388858999993,-26.972778699999953,-119.7250124000001,88.04409332122738,676.7344531536249,702.7362678171183,-987.2344582053169
1788030740.2156687,-2934.0,-1043.0,228.0,-191.22276984999993,-24.927388989999955,-118.5049553800001,87.29409332122738,561.5003068440229,703.5397600707205,-942.4579584655875
1788030740.2827363,559.0,-3894.0,1252.0,-189.73292015999994,-25.923892399999954,-121.0630479100001,87.29409332122738,697.570838233078,655.0922841993421,-1062.8458223415662
1788030740.3484566,834.0,1177.0,4839.0,-188.40112584999994,-26.801455239999953,-120.4048757800001,86.54409332122738,676.8958760870584,723.414886941299,-987.4368250648225
1788030740.4178133,-683.0,-926.0,4754.0,-187.66506814999994,-25.22745042999995,-119.6194711600001,86.54409332122738,628.7331015788668,693.7210982882245,-947.9402683994457
1788030740.4754245,1287.0,231.0,6918.0,-187.70527740999995,-26.263612129999952,-118.5647513400001,87.29409332122738,578.025495525342,729.007465643438,-993.8519874084956
1788030740.5422916,841.0,-1431.0,2832.0,-185.96677924999997,-27.739769119999952,-114.9847871900001,87.29409332122738,585.7167687118592,625.9967022207491,-1023.458288751013
1788030740.6269236,-113.0,-1792.0,4760.0,-185.50647205999996,-27.986913919999953,-114.7191065300001,88.01712155588149,553.5084093018,625.1193466330332,-1059.1026213021075
1788030740.6934552,-1676.0,-322.0,4383.0,-185.44837576999998,-28.10987815999995,-115.5727842500001,86.51712155588149,566.0589028040596,659.3885608591713,-1065.602775294784
1788030740.7464893,-621.0,-390.0,4474.0,-185.96446588999999,-27.74212531999995,-116.2526634500001,85.76712155588149,554.5821742818482,677.1012552430964,-1086.136002082049
1788030740.837876,-775.0,-1030.0,3478.0,-186.71058811999998,-26.97742270999995,-114.32886059000009,85.00330856670749,566.0890802753709,666.4415953206595,-950.5870546004768
1788030740.9052985,-3161.0,-851.0,2791.0,-185.73015747999997,-28.73934734999995,-115.73045407000008,83.50330856670749,495.8332921770137,649.946844283183,-1000.4051467862607
1788030740.96936,27.0,-2423.0,5787.0,-185.40889835999997,-30.15103405999995,-118.45188950000008,83.91310258157317,677.1360351294223,592.1440816783492,-988.9627538935017
1788030741.0331998,-1529.0,-2393.0,4736.0,-185.46756752999997,-30.35508027999995,-118.30666477000008,82.59719110427258,635.3941731538134,628.0573637973712,-990.6254270770667
1788030741.1004758,-2720.0,-259.0,2303.0,-185.71507632999996,-30.61496451999995,-117.45275941000008,81.84719110427258,646.1840785483746,613.8472192470203,-1008.4477902498443
1788030741.1711922,-1459.0,-356.0,2755.0,-185.90036464999997,-29.393317799999952,-116.99738981000009,81.09719110427258,584.7828980837642,598.3072643411685,-1045.0679473592104
1788030741.2456696,-1391.0,-2000.0,2747.0,-184.93461167999996,-30.93789873999995,-114.84571875000009,81.55458605864251,600.1804206326187,536.6694589595253,-974.1077065806847
1788030741.3003316,1199.0,-5478.0,831.0,-185.28405174999997,-28.31245962999995,-115.1982512100001,82.30458605864251,578.041208404183,537.1233253898233,-1031.3329988790217
1788030741.368714,-1056.0,1052.0,7419.0,-186.57939194999997,-27.62760272999995,-114.53818551000009,81.55458605864251,532.0525100931795,623.4422890346415,-1012.2230360760038
1788030741.4595106,-1123.0,-13069.0,2529.0,-187.1995412,-25.93283972999995,-119.71589840000009,83.80458605864251,683.823543008311,674.150648613949,-1114.3193155761153
1788030741.5269043,-2041.0,-2769.0,2645.0,-187.40445206,-25.622368729999952,-118.22563760000008,83.05458605864251,655.3711491389438,625.5299163664034,-1031.903103480568
1788030741.5904582,651.0,-1274.0,959.0,-188.19840655000002,-25.182797359999952,-117.29197438000008,83.80458605864251,574.0203641755953,616.4790736894723,-1010.8436764957468
1788030741.667606,-220.0,-3124.0,5938.0,-187.66372716000004,-24.88003797999995,-119.19760426000009,83.80458605864251,676.6478987819963,684.8214418507731,-955.0945099376166
1788030741.7204669,3306.0,712.0,1150.0,-187.65442647000003,-27.099802659999952,-117.85830490000009,84.55458605864251,630.2621571475627,620.1439653208678,-929.9836219423181
1788030741.7840927,1891.0,-5303.0,4228.0,-187.43768393000002,-24.11366565999995,-115.7090175500001,86.05458605864251,607.8593864928132,608.6824823283818,-1033.6641602485518
1788030741.872796,-5401.0,430.0,4695.0,-189.89544826000002,-22.490784679999948,-114.78692974000009,86.05458605864251,474.9234799237225,647.6750388691269,-994.6516365348391
1788030741.942275,-3710.0,-636.0,4229.0,-189.87996006000003,-22.73240059999995,-117.40753318000009,85.30458605864251,509.7916145260021,647.4519167159874,-1048.654540759917
1788030742.0098848,-911.0,-3133.0,1931.0,-189.15870981000003,-25.068597049999948,-118.28287233000007,85.36036504283622,603.4938045611857,520.5292501828885,-1009.7624962495527
1788030742.0721977,605.0,686.0,6346.0,-189.16489473000004,-24.815015329999948,-117.58397637000007,84.61036504283622,637.0571756142338,555.7084574990575,-990.9549314016087
1788030742.1355636,-1640.0,-1090.0,2768.0,-189.63553903000005,-24.443520569999947,-116.13171969000007,83.11036504283622,483.91384446968624,581.3615655930092,-974.438710671031
1788030742.2017734,-965.0,1301.0,4966.0,-190.31389153000003,-24.898853069999948,-117.59993469000007,82.36036504283622,565.9474692650075,594.1372567868542,-956.2965504085827
1788030742.291398,-1099.0,-403.0,3035.0,-191.80051079000003,-25.866399159999947,-120.52696887000008,80.86036504283622,598.7578359139384,592.0244261407875,-1028.4342877416461
1788030742.3420508,1060.0,-1591.0,2224.0,-192.37948149000005,-25.581557959999948,-120.82109837000007,81.61036504283622,652.992763560488,575.7413841770689,-1017.6045563745702
1788030742.4072747,-603.0,-2962.0,4695.0,-191.98314611000004,-26.69358019999995,-119.22057119000007,82.18239101715925,607.4922015969105,569.3829876494632,-1032.3628375274375
1788030742.4891446,-5.0,-688.0,3065.0,-191.89344041000004,-27.47339370999995,-118.45362690000007,80.9417552656755,641.8280091513855,479.575922183739,-1022.4765170704536
1788030742.5575662,775.0,-976.0,5677.0,-192.78879998000005,-26.66478177999995,-117.36618327000008,81.6917552656755,626.7835483362162,540.9263195694673,-1066.052949852127
1788030742.607773,-1322.0,-1466.0,2378.0,-193.53418406000006,-25.61010969999995,-116.78162895000008,80.9417552656755,519.1315690933235,533.5249805430742,-1022.5356983133029
1788030742.6598768,580.0,-1374.0,2834.0,-196.31456908000007,-25.83216257999995,-119.51446017000008,80.9417552656755,426.08174432391854,591.5402756914655,-996.8845406354367
1788030742.7253604,3033.0,-3040.0,8745.0,-196.85807820000008,-23.74768157999995,-119.29520365000008,81.6917552656755,520.9109459573928,639.4855264126755,-972.4775743982676
1788030742.7945044,-917.0,-1029.0,2760.0,-196.97827170000008,-21.228599909999947,-119.79055102000008,80.27092572280786,549.9358188751224,600.7723074336095,-1007.5276608826701
1788030742.8591373,2542.0,-2338.0,7889.0,-196.07038822000007,-21.806909249999947,-122.67277015000008,81.02092572280786,591.8798777387907,652.662209848553,-999.3904413475749
1788030742.9198525,-1743.0,265.0,2687.0,-193.41465514000006,-22.206197789999948,-123.43110885000007,80.27092572280786,611.5185478621869,631.8313450255719,-971.9761046059871
1788030742.9884348,1874.0,-603.0,2257.0,-189.59258479000005,-18.812737019999947,-120.60044570000008,80.27092572280786,625.2725608299079,695.5606375669346,-1026.3135453360044
1788030743.063071,3652.0,-1096.0,10747.0,-187.15622275000004,-22.572402299999947,-117.86108432000007,81.02092572280786,473.14825707045713,614.1622306691722,-954.9648262957012
1788030743.1304097,-1065.0,-1085.0,-203.0,-181.89873450000005,-22.981694819999948,-117.96681008000007,79.52092572280786,613.636637616023,686.053127378633,-1014.6157587687917
1788030743.1987567,148.0,-1988.0,5012.0,-181.24170274000005,-21.92741781999995,-120.15400537000006,79.52092572280786,688.2632232190182,705.344261022748,-1030.829352808823
1788030743.267946,-955.0,-989.0,3449.0,-180.56143854000004,-21.68314112999995,-119.11196430000007,79.38039342606722,646.737527149627,769.8594918618563,-999.8905774705217
1788030743.3305469,80.0,-621.0,2559.0,-180.47785259000005,-21.40784435999995,-119.10291519000008,80.30312085269549,635.195250060683,688.5998703872093,-948.2525646188438
1788030743.3943365,-652.0,-415.0,5184.0,-179.99575454000006,-21.01594529999995,-118.14182940000008,80.44296153042673,566.2401819959331,722.2125471738632,-750.1778063038334
1788030743.461541,610.0,-1142.0,3068.0,-179.55898681000005,-21.92038981999995,-117.79814053000007,81.94296153042673,591.2739255997487,614.1821137270589,-977.9895531546339
1788030743.5495563,-1173.0,-1785.0,2139.0,-179.29641926000005,-20.88865379999995,-117.31625185000007,81.19296153042673,637.1341128959068,604.2526207260057,-986.8463650811786
1788030743.6203697,-3826.0,-1154.0,2028.0,-178.39976896000005,-22.11287581999995,-120.74890555000007,79.69296153042673,586.682923926641,657.8218639251656,-1001.8891035147168
1788030743.6885355,1570.0,-2002.0,5165.0,-178.23600956000004,-22.41567621999995,-121.52753515000008,80.44296153042673,659.9370571561614,654.6863267538265,-1048.8707234359792
1788030743.7550266,-2566.0,-3260.0,6494.0,-179.62635159000004,-22.52712195999995,-121.38822766000007,80.44296153042673,684.4186895534046,621.5817584727766,-1030.7451487487413
1788030743.8244221,1129.0,-2569.0,3352.0,-180.48770327000005,-22.86855213999995,-119.74304510000007,81.94296153042673,653.8259016881626,613.7397765898138,-993.3456041319647
1788030743.8916733,-377.0,-90.0,1782.0,-180.82155287000006,-20.822177739999947,-118.92696830000007,81.19296153042673,626.2089621724787,631.1775814327309,-998.3628813970638
1788030743.96816,3507.0,65.0,8931.0,-181.94182412000006,-24.830228709999947,-122.78762510000007,81.19296153042673,764.7803493325241,649.5732869255902,-1083.894161021859
1788030744.0323555,-3993.0,-47.0,7509.0,-181.45858136000007,-25.220540169999946,-122.63583731000007,80.44296153042673,718.2003885946206,614.6349206980364,-1036.2165440938809
1788030744.100678,-1176.0,-714.0,2012.0,-182.19416852000006,-23.388537409999948,-122.28967947000008,78.94296153042673,674.6865663674402,633.3839942036143,-980.078268087218
1788030744.1685975,-245.0,-2096.0,6277.0,-182.72306416000006,-21.74551840999995,-120.64666047000009,79.69296153042673,636.2670508761798,710.2901365853448,-945.7750540795429
1788030744.235804,-901.0,472.0,1596.0,-182.10759672000006,-23.04755060999995,-120.22655036000009,79.69296153042673,610.0969479146986,626.7770864098621,-983.7232841910502
1788030744.3097703,1121.0,-1506.0,4425.0,-182.77327796000006,-22.793999689999946,-120.6258226600001,81.19296153042673,677.5331718149348,626.6321579729647,-1024.0150727129674
1788030744.377807,416.0,-1334.0,2459.0,-183.42047990000006,-23.552681389999947,-120.0808105000001,81.94296153042673,671.3722910297632,593.425064897115,-1016.0542736214335
1788030744.4428837,-2231.0,1442.0,9024.0,-183.66181113000007,-22.862837409999948,-119.8456417900001,81.94296153042673,576.8291557974422,644.4821802012866,-1017.6556142172133
1788030744.5093927,1957.0,-537.0,3111.0,-184.25833167000008,-23.919884169999946,-118.7607780100001,82.69296153042673,618.1475439610806,593.0093420242525,-1011.2570374487507
1788030744.5900533,-557.0,-548.0,2904.0,-184.97653426000008,-21.067180539999946,-116.8677675200001,81.33979838430902,540.2529478184883,610.6908586218879,-974.199750285837
1788030744.656814,744.0,1187.0,1374.0,-188.4507667000001,-20.350581649999945,-120.8813637500001,79.83979838430902,590.2183166663374,677.8591202728699,-1036.9812094996657
1788030744.7087138,1127.0,-1033.0,5156.0,-189.4190353300001,-22.222155199999946,-125.98256174000011,80.58979838430902,626.2903393666039,685.751576232166,-1075.5999864163919
1788030744.7645266,2223.0,2044.0,2299.0,-189.1931580000001,-22.772924579999945,-123.84136842000011,79.83979838430902,702.860822031502,617.2452444305673,-999.7649214201643
1788030744.8250062,-1302.0,-1330.0,4408.0,-189.9793362600001,-22.819352429999945,-122.09258607000011,79.08979838430902,582.431267853034,591.5451225439701,-993.725480092732
1788030744.8782256,-6541.0,-3367.0,6937.0,-191.54819656000012,-22.396956679999946,-124.7745396800001,77.58979838430902,583.1785173364887,655.8633742277149,-1014.4625011720013
1788030744.950293,2378.0,-964.0,5568.0,-191.69057208000012,-22.737419879999944,-124.89524936000011,78.33979838430902,703.5134459966565,662.6147391917578,-988.3518758887581
1788030745.0243523,1784.0,-3640.0,1037.0,-191.66906353000013,-20.223303939999944,-123.7226768400001,79.83979838430902,623.9123224206737,614.618543840043,-998.0800252647011
1788030745.0894735,-259.0,4698.0,4844.0,-193.18433463000014,-19.103858759999945,-123.2650031200001,79.08979838430902,545.9979143550115,683.925779847303,-955.1108754341759
1788030745.156415,339.0,-118.0,2079.0,-192.84161358000014,-20.550141779999947,-122.76235174000011,79.08979838430902,428.00619271744415,685.1341234584596,-950.3722993569128
1788030745.2569354,-1039.0,-1909.0,2523.0,-192.11481289000014,-20.151348909999946,-125.10157968000011,80.58979838430902,474.89724735258136,682.0922867629154,-1023.2861755379292
1788030745.307312,2626.0,-3684.0,13585.0,-190.54021630000014,-19.910055129999947,-126.59574501000012,81.33979838430902,534.3412878089466,669.9448509854902,-1009.132021402435
1788030745.3724172,948.0,-990.0,4367.0,-189.71905603000016,-20.214030829999945,-125.70124714000012,81.33979838430902,505.01887179087396,625.482126445035,-929.4462784205709
1788030745.4574976,3104.0,1012.0,8705.0,-191.13268587000016,-18.820305839999946,-128.8694883000001,81.33979838430902,676.4956859104857,703.5556663745427,-967.1348927334905
1788030745.5083025,-1226.0,236.0,1582.0,-190.49468739000017,-18.296899319999945,-128.72702262000013,80.58979838430902,613.7939726984621,698.4704171961167,-1015.6540045725488
1788030745.577541,474.0,-1117.0,2577.0,-189.87641939000017,-18.163971699999944,-128.04074514000013,81.33979838430902,575.0360851856581,692.8867338228844,-1001.5678326297065
1788030745.662577,-220.0,-4764.0,5400.0,-188.59181775000016,-20.339696019999945,-126.83428436000013,81.33979838430902,509.2442841001049,594.1790241827258,-996.9777107043091
1788030745.7280772,1416.0,-478.0,2523.0,-188.79285747000014,-19.699524739999944,-125.78885711000014,82.83979838430902,304.17705230023864,655.4278866479441,-958.7196703769217
1788030745.7939873,-2193.0,-554.0,2577.0,-188.50553862000015,-19.971396339999945,-126.80837561000014,82.08979838430902,533.9744165789947,677.1115392781265,-1002.7850699868864
1788030745.890367,-350.0,-643.0,2234.0,-187.55582391000013,-20.008448949999945,-126.75578139000014,83.06348036564414,542.4370097381574,674.729773456389,-967.6134446906334
1788030745.9595335,-108.0,-679.0,4472.0,-186.35247554000014,-19.685120699999946,-125.72762608000014,84.23479351258946,556.3063019676165,678.581830762289,-931.888110376074
1788030746.0280929,71.0,-420.0,3877.0,-185.90434289000015,-21.122235749999945,-125.33512369000013,84.90700046012876,509.37585979924535,635.1577893483944,-961.7472052339853
1788030746.0960026,-342.0,3645.0,3900.0,-185.38731834000015,-19.526964519999947,-129.0667922600001,84.90700046012876,605.0443945267639,726.4454511523943,-1027.3016018761675
1788030746.1643798,-1380.0,-3040.0,2566.0,-184.77273094000014,-19.414081119999945,-128.5431387100001,84.15700046012876,616.5335461238498,681.1947891714018,-944.4030766734113
1788030746.230756,-534.0,115.0,2318.0,-184.69228442000014,-18.937396589999945,-128.2245920900001,82.65700046012876,548.2277566916831,698.7549552383645,-987.3414313177085
1788030746.319659,-452.0,-486.0,2427.0,-183.96611828000013,-18.267044179999946,-127.69966650000009,82.65700046012876,643.2708847963803,649.8466485904132,-993.0949329123086
1788030746.3828266,1049.0,-2583.0,4414.0,-182.21252924000015,-18.644655119999946,-127.4574868000001,82.65700046012876,630.6490989999605,675.6284237645049,-995.3725926823026
1788030746.4373944,-356.0,-495.0,3937.0,-179.88452524000016,-17.384684869999948,-126.7547515500001,82.15085499495923,631.7660640937935,687.1736761133841,-1011.0699311519431
1788030746.4983695,-1448.0,239.0,2141.0,-178.61106620000015,-18.852871869999948,-128.13330187000008,81.40085499495923,637.6939159854206,713.2869564937282,-1032.651805841076
1788030746.568113,-1289.0,-184.0,2309.0,-177.29543251000015,-18.574429369999947,-128.21937191000006,81.40085499495923,715.2654187550049,671.9684270391264,-985.4409327694909
1788030746.6316044,-2462.0,-2601.0,1806.0,-177.84304573000014,-18.74149780999995,-127.68722799000007,80.65085499495923,678.8606690207075,690.181297952045,-971.7084453598384
1788030746.721275,1017.0,-139.0,4256.0,-178.35974352000014,-18.462377359999948,-127.52999567000006,80.65085499495923,648.5973951765444,723.1848004418848,-984.0306593068588
1788030746.791325,-452.0,-1361.0,4037.0,-178.87956240000014,-19.42805479999995,-125.73791300000006,82.00799106498798,622.5438645361111,716.961566211394,-998.960778574496
1788030746.859132,-419.0,-1194.0,2971.0,-179.29379258000014,-18.80670952999995,-126.82294877000007,82.68106148556353,617.1943676154324,713.5022643088,-1163.9484165616482
1788030746.9286175,-159.0,-158.0,4693.0,-179.48938882000013,-18.827213999999948,-125.77074671000007,82.97764110927301,620.0182671706885,720.6830476984761,-1156.866083425183
1788030746.9839945,-712.0,762.0,3662.0,-179.73995746000014,-19.12418423999995,-125.79240079000007,82.22764110927301,648.2779164666883,713.664889437219,-963.8299104052795
1788030747.0491672,157.0,-1765.0,4228.0,-179.90981757000014,-17.526431789999947,-125.75859135000007,82.99444666007835,657.7139491335115,703.5318058501562,-977.0481371873108
1788030747.1422665,-349.0,704.0,2199.0,-181.41219537000015,-17.553354139999946,-124.24113583000008,82.99444666007835,616.3580496169412,704.2286782039157,-972.0094882157196
1788030747.2080312,-516.0,-1032.0,3609.0,-182.01459059000015,-17.326679649999946,-125.03294398000007,83.16361184407448,563.0314311325869,675.7429971724764,-952.3303270962244
1788030747.2809563,205.0,-1346.0,1558.0,-184.62476445000013,-18.12948983999995,-126.63999649000007,84.66361184407448,666.8980211995952,662.0326755230552,-957.0780515549096
1788030747.3420687,543.0,1405.0,5242.0,-184.01908133000012,-20.30191449999995,-125.83653929000008,83.91361184407448,698.8202592419265,631.7183482597329,-1002.415129996463
1788030747.4098146,1308.0,1507.0,567.0,-182.40897857000013,-18.96870331999995,-124.55800525000006,83.91361184407448,630.2924226031232,661.7987299081195,-958.6889893462352
1788030747.4776385,-2043.0,3324.0,2877.0,-183.65265401000013,-17.18053315999995,-123.71960713000007,83.16361184407448,548.4924924287549,700.3515366471249,-1040.3459956006595
1788030747.5618691,1081.0,643.0,6187.0,-187.09703306000011,-17.415107919999947,-126.78270031000007,83.16361184407448,799.6361435908065,721.9615382638895,-965.9503441228037
1788030747.6252306,-2804.0,-1325.0,2879.0,-187.3777173100001,-18.46839406999995,-126.15809297000007,83.16361184407448,587.0688863856797,622.6054541599033,-995.1877813595605
1788030747.6907456,895.0,-1385.0,2603.0,-186.4517950400001,-18.034851869999947,-125.53255351000007,83.91361184407448,549.3658321457287,644.731445352202,-961.3256021846282
1788030747.7451394,-1238.0,-343.0,3053.0,-186.7671117200001,-19.079724789999947,-128.28075477000007,83.16361184407448,521.1757862497815,656.5708354786209,-1023.8002624497407
1788030747.8070877,1826.0,1888.0,8388.0,-185.8474475900001,-19.004909699999946,-129.46034899000006,83.16361184407448,594.9756543731731,655.0720482258271,-1029.7264070616757
1788030747.874036,-1297.0,-2776.0,1610.0,-185.4575859500001,-19.171993259999944,-128.17628089000004,82.41361184407448,583.2636852867251,653.1195128937137,-950.5063916118099
1788030747.9256856,1482.0,663.0,4402.0,-185.9989992000001,-18.454233979999945,-129.03944830000003,83.16361184407448,587.8744439163281,625.6647264603255,-990.6944892705972
1788030747.99317,426.0,-567.0,3667.0,-185.7552865700001,-19.772106689999944,-127.47018417000002,83.16361184407448,502.13577277931375,623.4611843555451,-1033.389719928352
1788030748.0598755,87.0,-1545.0,1901.0,-186.1790782600001,-19.871094529999944,-126.29779694000003,83.91361184407448,508.67361507223507,613.016479332552,-1019.0426947463941
1788030748.1100311,-2183.0,-1385.0,1834.0,-186.3305504900001,-18.986991309999944,-126.58837632000002,83.16361184407448,484.550887313589,653.4091560219415,-1041.8232262747274
1788030748.1984138,-1420.0,-878.0,7870.0,-188.0792133500001,-17.721867309999944,-126.00208950000004,83.66711551655138,495.43186972310787,708.2170749047937,-938.8191895153393
1788030748.2628164,-1642.0,-388.0,894.0,-188.92684139000008,-17.789657829999943,-128.22379458000003,83.66711551655138,467.61692572567586,661.6017521776272,-947.7932579562394
1788030748.3293064,1243.0,-3135.0,4656.0,-189.11858259000007,-15.318670429999942,-129.15466718000002,84.41711551655138,509.18737904537045,656.983688397816,-972.9011173707311
1788030748.4015,-4435.0,165.0,4290.0,-187.77948518000005,-13.476898889999942,-127.11292489000002,84.41711551655138,450.6854894744058,728.8319483254005,-962.0919787780468
1788030748.4674327,256.0,-471.0,2400.0,-188.54672893000006,-14.790842639999942,-128.10692489000002,85.16711551655138,537.0053765338628,688.9701553971232,-949.1766624416975
1788030748.5342426,-1269.0,-3192.0,4449.0,-188.60754353000007,-13.337926699999942,-128.07443460000002,85.24666316763117,478.06071281120705,742.3311254249522,-950.043646297777
1788030748.6016939,1348.0,-175.0,5351.0,-188.79951034000007,-17.38046358999994,-128.31931056000002,85.24666316763117,522.7010676334337,621.198556176122,-1001.6338662424301
1788030748.6522844,1348.0,-175.0,5351.0,-188.79951034000007,-17.38046358999994,-128.31931056000002,85.24666316763117,522.7010676334337,621.198556176122,-1001.6338662424301
1788030748.7209194,-291.0,-736.0,3730.0,-187.68001406000005,-15.422561279999941,-126.43329314000002,85.53536790586205,506.44243590291353,660.8280274726725,-947.2099901547504
1788030748.8016024,-830.0,-1039.0,2839.0,-187.42042676000003,-18.14935247999994,-128.50762484,84.23312020829438,489.1952289670214,616.1470505879723,-1034.4267670350832
1788030748.867379,345.0,-2523.0,3037.0,-184.97539823000002,-16.772983499999942,-126.97455911,85.73312020829438,489.2417962378171,607.5477215704839,-1003.2947095422143
1788030748.9372382,-3863.0,-2196.0,4019.0,-184.06428047000003,-16.642823819999943,-128.40321655,84.98312020829438,507.46854966348997,615.2196692341397,-934.9670117638982
1788030749.001322,3242.0,-2049.0,6262.0,-183.97464582000003,-16.108106769999942,-129.74773629999999,85.73312020829438,568.6446128593358,677.0216979178532,-971.8357101778431
1788030749.0660117,2090.0,-1920.0,7005.0,-183.15628849000004,-17.627023469999944,-128.57717333999997,87.0072387488217,536.7032723946832,603.3886551165086,-970.2801751656581
1788030749.11814,689.0,-1540.0,3360.0,-182.72698143000002,-17.043289409999943,-129.34621979999997,87.7572387488217,576.7203521503501,653.7572037782421,-1014.9962022398298
1788030749.1687012,-862.0,-1260.0,3216.0,-181.30837039000002,-16.537987689999945,-128.93821219999998,87.0072387488217,582.0685890293933,622.4618678004884,-984.8607735014538
1788030749.2381124,645.0,-1766.0,3254.0,-179.68513052000003,-16.593813879999942,-130.11534549999996,87.0072387488217,616.6830575657582,674.8579226412816,-1029.2946306496806
1788030749.3029673,160.0,-709.0,5370.0,-178.77364561000002,-15.452124589999942,-129.09809100999996,86.97842108611107,626.2498406824216,713.7908744997007,-990.0040919545497
1788030749.368811,-1118.0,-409.0,1184.0,-178.55960325000004,-15.138339929999942,-128.61592995999996,85.47842108611107,559.9146375000737,622.3935571501361,-992.7589226120296
1788030749.432578,1646.0,1751.0,7471.0,-177.84088581000003,-16.13277224999994,-128.86995939999997,84.72842108611107,629.9504855071697,648.4912131323844,-971.3325291979288
1788030749.4850929,1028.0,183.0,4475.0,-177.40412004000004,-16.434321819999944,-128.60933000999998,84.90359616490996,684.8308296170095,619.7587839880689,-1053.5850729417534
1788030749.549595,-2013.0,-1250.0,4244.0,-176.92398584000003,-16.700718859999945,-128.63720876999997,84.15359616490996,638.2216873722215,649.3552490393479,-1047.610505273521
1788030749.617521,240.0,-372.0,3542.0,-176.99506734000002,-17.111755359999947,-128.89681076999997,84.18021372569157,655.2978926802322,655.2892633547056,-1011.1700259239957
1788030749.6703017,334.0,-2314.0,5448.0,-177.79522173,-16.282586249999945,-128.27903661999997,84.25595983655258,578.2798822852402,652.812290712507,-1022.3811707236631
1788030749.7389922,1508.0,-509.0,2529.0,-179.05382446000002,-17.899906219999945,-129.59639475999998,85.00595983655258,660.0755650867225,658.3201101839628,-1001.4177049962267
1788030749.8319242,732.0,-1450.0,2765.0,-179.80221742000003,-17.463785149999946,-127.08763983999998,86.50595983655258,613.1907603845298,598.8952823752085,-984.5483585859085
1788030749.8969736,1959.0,-3779.0,3950.0,-181.44049161000004,-16.459843609999943,-126.62856289999999,86.50595983655258,560.4186136681271,617.3149674558684,-1000.9597620896361
1788030749.9482665,-912.0,247.0,4626.0,-181.80526147000003,-16.979176969999944,-127.46011453,85.75595983655258,604.7890667690136,663.2420771686609,-1013.9093046443028
1788030750.032008,2218.0,-2405.0,1740.0,-182.35374661000003,-17.769535069999943,-128.36465236,85.96780850761249,566.016335400009,641.6474890575934,-952.1778657451773
1788030750.0961292,-1872.0,2551.0,5174.0,-182.64512217000004,-18.69015784999994,-128.2592612,85.21780850761249,565.571333006558,629.7017846058835,-995.8826346889131
1788030750.1486368,1307.0,337.0,3655.0,-182.64445017000003,-19.143090189999942,-126.46651003,85.32437057790209,546.305850205868,645.0857049948795,-996.779397406826
1788030750.2343917,337.0,-1139.0,610.0,-182.63454363000002,-20.246018309999943,-125.15554456999999,86.07437057790209,556.512982541468,572.6070721571052,-979.3167198717064
1788030750.3025115,4282.0,-6182.0,6183.0,-184.29873756,-17.316033769999944,-129.65258004999998,86.07437057790209,595.0122359214879,698.44655667173,-1025.5672490263692
1788030750.3661804,2277.0,4033.0,5610.0,-185.28460706,-19.547374769999944,-128.44419455,85.32437057790209,619.6414817558982,692.899887811582,-973.9132817862361
1788030750.4898903,-546.0,-1051.0,6390.0,-186.91294958000003,-18.288071409999944,-129.31963750999998,85.0987839872632,617.7853879140243,701.3697255666954,-993.9829497000819
1788030750.555882,827.0,-1133.0,4450.0,-187.07064264000002,-17.93853074999994,-131.13183558999998,86.49891395582533,743.9803916573269,641.8036405005562,-949.3116059620007
1788030750.6324801,4202.0,-1604.0,1678.0,-186.95007219000001,-17.86742509999994,-128.56584908999997,87.24891395582533,649.1355705070938,669.2341661528528,-965.2889543558288
1788030750.6892624,875.0,-637.0,2725.0,-184.58645051000002,-20.33995886999994,-129.05648769999996,87.24891395582533,618.23969373148,636.2199097862474,-991.5723240389109
1788030750.7569857,-1361.0,-1079.0,3144.0,-183.25711411000003,-18.59327266999994,-128.37327061999997,86.49891395582533,636.2580883203982,653.1570675459998,-1017.3957309396509
1788030750.8277223,-1429.0,-1148.0,1502.0,-182.30011464000003,-17.67567164999994,-124.79709556999997,85.5805433385767,521.6016974141456,696.5662614029569,-993.14376707671
1788030750.9127173,-117.0,1078.0,5726.0,-182.79964892000004,-18.06210552999994,-127.70357312999997,84.0805433385767,568.9807566391196,766.0531091208617,-983.6473146079826
1788030750.9780278,696.0,239.0,4075.0,-181.93862176000005,-17.99086946999994,-128.62964190999998,84.60461153249226,601.5716067958896,684.3880000424347,-962.779551315778
1788030751.0457497,-2732.0,-1470.0,139.0,-182.60919460000005,-17.29253931999994,-127.73636525999997,84.60461153249226,596.3717040479966,719.6652375040918,-978.3467237395755
1788030751.1126153,3006.0,930.0,4919.0,-184.15607224000004,-19.62528049999994,-128.33275181999997,85.35461153249226,658.2436846848638,669.8917408077035,-1021.5177279389983
1788030751.16273,-1364.0,570.0,1918.0,-184.42309039000006,-20.643090859999937,-128.14112702999998,84.60461153249226,626.9966719446086,716.1542155547056,-1017.4686179597314
1788030751.2287672,982.0,-434.0,6128.0,-185.35897345000006,-19.152602069999936,-129.55115712,86.10461153249226,637.3031999479792,696.0073517149488,-963.0530853509088
1788030751.2824583,409.0,-1182.0,3543.0,-185.70918870000006,-19.062723819999935,-127.85586737,86.85461153249226,637.5773052688653,684.694821254501,-968.4427377065027
1788030751.349293,-484.0,-1797.0,3192.0,-186.00988609000004,-20.082568169999934,-128.47297127,86.40730648121934,582.2674187604418,678.4277250907585,-998.1822423324915
1788030751.4165113,2508.0,-1693.0,4391.0,-186.28553244000003,-19.723298769999936,-129.56936237,87.15730648121934,682.5220970273483,658.0908944954247,-965.2189222007452
1788030751.4724066,427.0,1456.0,6482.0,-185.90547843000002,-20.341272769999936,-127.74015933,86.40730648121934,656.9230263484297,685.505982973199,-1032.5504486955135
1788030751.543741,-572.0,-385.0,4945.0,-185.13116699,-19.466093569999938,-127.16093914999999,84.90730648121934,591.349773554913,707.646775093794,-1018.1422646415801
1788030751.609227,-2876.0,2801.0,5301.0,-184.2543962,-20.993471659999937,-129.36061145,84.15730648121934,578.762396031623,715.5339609874911,-990.1136275199813
1788030751.6792705,2959.0,-1732.0,3889.0,-185.28543565,-20.049408399999937,-128.68181011000001,85.65730648121934,683.1697417323985,639.0999218667821,-1026.2725508166736
1788030751.7427769,-1314.0,349.0,5429.0,-185.15249599,-19.322877699999935,-127.73577439000002,84.90730648121934,657.3936835698624,653.4014844195391,-1026.7963072573368
1788030751.8071628,4354.0,-1946.0,9800.0,-186.77198239,-20.037939669999936,-130.58500651,84.90730648121934,741.1647173928013,734.4449265558025,-1011.2160903297436
1788030751.8776073,1075.0,-884.0,919.0,-186.97926632,-20.251411179999938,-128.98551708,85.65730648121934,666.3815174013504,679.1605051572053,-1012.9243867242718
1788030751.9568145,-4040.0,-1791.0,7047.0,-186.37051279,-21.159773249999937,-128.70479433,84.15730648121934,528.9487119008675,703.2979305326868,-1038.370861138708
1788030752.0125012,3215.0,2369.0,10797.0,-185.71198225999998,-20.856413269999937,-130.46364422,84.15730648121934,660.7994813460372,643.6386155449235,-981.2268457021501
1788030752.0813577,1066.0,-3015.0,2610.0,-185.95343984,-19.680081469999937,-129.42661486999998,84.90730648121934,580.6905028616404,623.4371358951494,-980.2262820817815
1788030752.1579807,-1133.0,411.0,4373.0,-189.7177044,-17.093897869999935,-130.04922623,84.90730648121934,634.9485546216961,655.176384939845,-1013.6881835510077
1788030752.2269459,1011.0,-583.0,7641.0,-189.93137394000001,-16.988611429999935,-131.96605877,85.32619328794728,691.6522625631831,732.578255829898,-964.5976420978909
1788030752.2931674,-457.0,-1985.0,815.0,-188.99644764,-16.765488109999932,-129.55831790999997,85.77485435169646,613.6114943713908,675.5498771326345,-998.9890199645056
1788030752.3763635,1867.0,-1098.0,5338.0,-189.03058706000002,-16.598669499999932,-133.07358364999996,85.77485435169646,606.0786455938215,746.0574322330202,-926.1596866183688
1788030752.4441006,1718.0,-2474.0,3049.0,-187.80023486000002,-16.645273749999934,-132.25024189999996,86.52485435169646,720.3914873010273,656.8175814541901,-1015.7258492977702
1788030752.514483,-2124.0,-3333.0,1489.0,-188.17747242000002,-15.963134669999933,-131.14300205999996,85.02485435169646,607.1160269429539,653.6451961742573,-984.7217428293241
1788030752.5751767,693.0,-2626.0,5202.0,-188.79291375000003,-15.984783359999932,-133.50580193999997,85.77485435169646,613.6029116413695,729.0693994277939,-976.6550129202575
1788030752.6265762,1312.0,1268.0,4102.0,-188.30146860000002,-16.646225259999934,-133.60161828999998,85.02485435169646,637.8516197003854,704.3597461084233,-970.4686375991405
1788030752.69603,1815.0,-1873.0,3582.0,-188.16463694000004,-16.50953009999993,-130.82161231999999,85.02485435169646,586.379901176079,696.8359978044728,-976.6629626046538
1788030752.7838554,1604.0,-2657.0,3287.0,-188.35298454000005,-15.598172799999931,-133.19863759999998,85.02485435169646,596.1025118274049,731.1518269914228,-989.3994524465686
1788030752.8507917,3574.0,-1090.0,4703.0,-188.29735302000006,-15.98450279999993,-130.82502608,85.77485435169646,584.4737299555746,715.276790381959,-962.115400446971
1788030752.9172156,-1894.0,1665.0,4905.0,-189.92537732000005,-13.149965919999929,-130.22859591,84.27485435169646,509.79866250597456,757.5927541749331,-1004.0168817003466
1788030752.987038,4218.0,1564.0,8918.0,-189.14155652000005,-14.28166396999993,-133.9783144,84.27485435169646,568.5324532484675,786.4564857884062,-958.2390435243644
1788030753.0526385,-248.0,229.0,3566.0,-188.93397243000004,-13.37387085999993,-132.33313303,83.52485435169646,606.0959486268555,756.9195285999933,-1171.0426979248693
1788030753.1189158,606.0,3209.0,8081.0,-188.76206125000004,-12.58459068999993,-133.92680693,82.91388343207822,634.6519525192052,711.3989903349881,-953.9156409702431
1788030753.1895385,-6134.0,1339.0,6578.0,-187.09964350000004,-12.36479243999993,-134.04754118,82.16388343207822,593.0187896353716,722.5485212198698,-959.9196023626697
1788030753.2588742,925.0,1446.0,5003.0,-186.91944782000004,-12.60426635999993,-133.72485826000002,82.16388343207822,601.3067115369261,735.1133741508328,-969.6326486155635
1788030753.3270404,-1699.0,-1226.0,5001.0,-186.54843662000005,-12.245622199999929,-132.83752314000003,81.41388343207822,591.8455356254707,734.7432074918974,-940.7876830292458
1788030753.3918898,871.0,-4571.0,4283.0,-185.84452362000005,-10.65188354999993,-135.34609634000003,82.91388343207822,640.8553623129202,811.0448359181805,-988.0741706329399
1788030753.4432962,-440.0,-1016.0,1595.0,-185.49167994000004,-11.038773549999929,-134.96230146000002,82.95311259194222,642.1457551937937,753.7758291654333,-948.3360824725075
1788030753.508332,472.0,3278.0,7089.0,-187.05681890000005,-11.15012730999993,-132.55272982000002,82.20311259194222,596.423762162246,720.8729226250679,-897.0718808006445
1788030753.57632,-1482.0,-215.0,462.0,-186.98901172000004,-12.09710424999993,-133.69827926000002,80.70311259194222,618.5425185646429,698.2254121298636,-989.4289475532668
1788030753.6272457,1441.0,1423.0,7180.0,-186.87453113000004,-11.51851315999993,-133.24035690000002,81.194994686856,602.8080931465139,743.1054849512616,-942.3902686848927
1788030753.6938236,478.0,-1342.0,4784.0,-187.12005760000002,-12.02510574999993,-132.37946029000003,81.944994686856,564.2309673023709,712.4304738381888,-999.3216165463385
1788030753.7586377,-594.0,-1597.0,1061.0,-187.26232084000003,-12.021666229999932,-131.52619473000004,82.95868688723317,540.7102633536641,730.719961825217,-984.4812536291275
1788030753.8378649,3884.0,-4921.0,4097.0,-187.18492576000003,-10.597904729999932,-138.00756347000004,82.95868688723317,615.6711331272087,824.2395919175979,-981.3136845485774
1788030753.9046848,-1828.0,-3026.0,75.0,-186.43866444000003,-12.938873849999933,-134.96058779000003,82.20868688723317,641.7634623644818,735.2986576086529,-960.9290306093249
1788030753.980858,222.0,-2057.0,2108.0,-186.50291646000002,-12.957110459999932,-135.14604362000003,82.20868688723317,596.8919270647102,732.1432373794271,-984.8859236716546
1788030754.048346,354.0,-1496.0,3536.0,-186.87707024000002,-12.140774939999933,-135.62842370000004,82.95868688723317,644.2170189774582,702.3200743900848,-968.9776374713571
1788030754.1154485,237.0,834.0,1022.0,-186.21816878,-13.698442869999933,-136.87893555000005,82.95868688723317,627.2030500457442,695.7103655152602,-1039.2095862911349
1788030754.1843193,-1730.0,-5455.0,886.0,-185.59130093000002,-12.526463739999933,-133.70832370000005,82.95868688723317,557.0720649369985,705.217405861826,-1006.1620243932873
1788030754.2731504,-551.0,-2926.0,7841.0,-183.96779254000003,-12.880172689999933,-136.63351786000007,82.95868688723317,630.159455104758,751.2713714479762,-1012.4931314597062
1788030754.3318272,-524.0,911.0,1273.0,-184.00184194000002,-14.170954489999932,-136.41683986000007,82.20868688723317,654.8672391306998,694.7949144236209,-934.7932087930396
1788030754.3953023,-114.0,-2125.0,3828.0,-183.70486498000002,-13.805920309999932,-135.11447215000007,82.95868688723317,591.206616601266,667.0057047768007,-987.613364204531
1788030754.4454992,-1826.0,-1578.0,3456.0,-184.45095760000004,-11.778158209999932,-136.36208761000006,82.20868688723317,595.663000277408,729.0131366781778,-982.9614359442423
1788030754.4985998,-412.0,-1400.0,3590.0,-185.25045574000004,-12.128325999999932,-137.39399800000007,82.88858688434335,630.1095206769515,728.0333732217692,-1063.4212041351432
1788030754.5511312,-1337.0,1508.0,1712.0,-185.75231262000003,-15.113371139999932,-138.14367406000005,82.0444752011737,667.0851485497526,721.9605024733943,-1051.7249550397546
1788030754.6161504,772.0,-784.0,2498.0,-185.67187408000004,-13.909886829999932,-137.70126209000006,82.7944752011737,606.5084738940535,714.6390514439186,-985.2582437424867
1788030754.6989453,-1557.0,195.0,2239.0,-185.32207498000005,-14.711907279999933,-136.98296486000004,81.87973403760172,628.4417646381285,747.886264976041,-986.7916571652776
1788030754.764189,-2950.0,-2154.0,3288.0,-184.96023112000006,-15.802559849999934,-136.48419134000005,80.37973403760172,643.0186601184324,655.313829710349,-1021.4461583120908
1788030754.8180995,864.0,-1196.0,2880.0,-185.45175418000005,-15.011176809999935,-137.08391130000004,81.12973403760172,659.863591586816,653.4682184277589,-1031.5013983423632
1788030754.9052587,1207.0,-275.0,3900.0,-183.94738390000003,-15.246456889999935,-136.67502114000004,81.12973403760172,633.3391562188091,697.0697081423228,-968.3222325326898
1788030754.9711945,895.0,-1744.0,1539.0,-184.24088165000003,-14.304174639999935,-135.54119299000004,81.87973403760172,627.5047359636562,719.336955167135,-1024.8335784930866
1788030755.0398228,-1127.0,-493.0,1980.0,-185.09456553000004,-15.085787359999935,-138.57476829000004,81.87973403760172,604.1074704076086,713.3848690006732,-1063.6616469724984
1788030755.1238782,843.0,-461.0,2406.0,-183.55825103000004,-15.370337779999936,-135.24691397000004,83.37973403760172,621.1081414264056,672.3204049208505,-982.0228274415925
1788030755.1885443,420.0,-3853.0,2036.0,-184.74658895000005,-14.110823369999936,-135.16954822000002,84.12973403760172,582.126225971346,668.0782971856928,-997.1642332146849
1788030755.253016,-1633.0,1065.0,10570.0,-187.38621713000003,-14.505233399999936,-137.82243286000002,82.62973403760172,709.9333241693051,705.331624929298,-1015.5965981938176
1788030755.3269753,2794.0,-375.0,1592.0,-188.11029503000003,-15.489236699999935,-137.89360291000003,83.37973403760172,690.3702433016972,705.3502849731161,-1030.0334897655273
1788030755.3946836,2951.0,-426.0,10341.0,-187.79464697000003,-13.552905169999935,-133.49788144000004,84.87973403760172,308.31172902476476,714.4569929927011,-965.8956397100259
1788030755.4660134,-1993.0,-3975.0,7226.0,-186.84967462000003,-14.054824909999935,-136.00128360000005,84.77976247435002,590.1129847315729,734.4601987507056,-1012.8439061082363
1788030755.5310347,2504.0,-1739.0,4805.0,-186.35899548000003,-12.935910469999936,-136.43773948000006,85.7561585826956,709.7838127273966,711.6684914594183,-930.7050442175484
1788030755.5960104,382.0,690.0,6398.0,-187.10784512000004,-13.635249389999936,-133.13599334000006,85.0061585826956,655.4051503840407,677.6775079945622,-977.5910416562242
1788030755.6648428,2131.0,-4110.0,5400.0,-188.52371272000005,-12.122661739999936,-134.06222802000005,85.0061585826956,588.5468909977875,751.4055933491844,-954.4600365481392
1788030755.7458067,1406.0,-1490.0,1602.0,-189.31221862000004,-10.888881919999935,-133.68807424000005,85.7561585826956,611.100823593046,740.3556692519229,-970.2275722318518
1788030755.810017,-4420.0,1154.0,5869.0,-189.47630968,-11.450184759999935,-131.29544456000005,84.2561585826956,542.2521052519272,759.3704550638759,-955.6075891818552
1788030755.8760128,1711.0,617.0,4286.0,-189.6218121,-11.106399849999935,-132.28964924000005,85.7561585826956,638.8240360413465,805.7153348458344,-974.2107122748791
1788030755.9690416,1534.0,-1895.0,7089.0,-189.63148785,-9.201744719999935,-132.23309127000005,85.7561585826956,620.1732476316113,753.7378735440068,-958.9847086472445
1788030756.0333285,902.0,-979.0,5049.0,-188.98394942000002,-9.917445089999935,-132.91471067000003,86.5061585826956,596.8962240263384,771.382022000494,-980.686292264447
1788030756.1038277,-605.0,-1558.0,4070.0,-188.6221064,-11.043331319999934,-133.46846982000005,87.05515691954861,614.9909285650284,743.9309770440848,-1012.4923902336257
1788030756.1702425,-453.0,-1731.0,2545.0,-189.14674191,-10.455865209999935,-133.02865562000005,87.22689897153107,634.4204146023696,740.4525925970137,-1061.9508981642557
1788030756.2363095,-1214.0,-676.0,3430.0,-188.15106975,-11.058884199999934,-131.00953271000006,85.72689897153107,546.4124368044352,774.3493584032628,-1000.7341860205183
1788030756.288491,-1184.0,-602.0,590.0,-187.89422708,-9.740631459999934,-130.44943002000005,84.97689897153107,553.0934910175783,736.7350405229197,-958.740275924351
1788030756.3810575,-508.0,1686.0,6243.0,-189.7579145,-10.098714709999934,-131.14660601000006,83.47689897153107,574.4770635721046,775.572902486985,-1000.4831673692427
1788030756.4469328,2506.0,-4290.0,6651.0,-190.23563117999998,-11.828320069999934,-132.92624569000006,83.59567154913985,664.8745019974845,694.5703332668917,-1004.7642493540391
1788030756.5152457,-1046.0,-2191.0,4424.0,-189.88609619,-11.184928229999935,-131.75700475000005,83.69861621062137,605.0354981307919,733.4987904759987,-1010.0132235263536
1788030756.5807219,106.0,-498.0,3984.0,-188.73260406,-12.171499339999936,-131.62393076000004,83.69861621062137,526.300006379804,758.6141666762351,-992.1591415686361
1788030756.6463482,1730.0,3391.0,1451.0,-188.03989302,-13.049757979999937,-132.85782230000004,82.94861621062137,524.0847987886993,728.8184407086391,-1010.9376051043427
1788030756.7029903,1465.0,-4972.0,6180.0,-186.17753014,-12.328442139999936,-132.18625238000004,83.69861621062137,556.5783881573766,704.788341064257,-965.9426567636839
1788030756.7929525,3343.0,-2627.0,-2639.0,-187.80326515999997,-11.046371349999937,-130.58173079000005,85.19861621062137,552.9087844487472,720.3560859074832,-974.1039378112797
1788030756.8598816,4285.0,431.0,7839.0,-189.69501186999995,-11.043139659999937,-133.67505655000005,86.69861621062137,694.3150966242965,565.7388283553116,-924.8247979148905
1788030756.9288306,111.0,5022.0,14900.0,-191.91617409999995,-10.362740709999938,-133.17918460000004,86.69861621062137,577.6979568620492,850.4507152198562,-942.9078503052776
1788030757.0030832,1261.0,-1115.0,4111.0,-192.24204369999995,-10.458949829999938,-134.37403980000005,87.44861621062137,616.098029062765,803.8257920449619,-908.0777875996484
1788030757.0685406,574.0,-1503.0,3770.0,-192.06317822999998,-11.144827469999937,-133.46417714000003,88.94861621062137,588.6293575184218,761.0590900088325,-987.4358637600908
1788030757.1379142,2084.0,544.0,8531.0,-193.37148158999997,-11.207726669999937,-132.71882162000003,89.69861621062137,567.6179875154097,777.1835094077543,-961.7547998674225
1788030757.2056587,-2157.0,1256.0,1543.0,-193.72112773999996,-11.914133419999938,-134.59446546000004,88.19861621062137,551.591597824641,783.2963829738593,-963.6587671537488
1788030757.2723584,916.0,718.0,8404.0,-193.62529619999995,-10.92490461999994,-133.89273128000005,88.71587494766082,559.6458746939845,827.8321488035,-966.350876534447
1788030757.336447,-2400.0,1263.0,3718.0,-193.32547079999995,-11.733299619999938,-133.94236268000006,87.22195295986656,569.5641074412398,833.9545525198664,-952.3471888072309
1788030757.4057488,1250.0,-613.0,5146.0,-193.37829370999995,-12.385817919999939,-133.64096137000007,87.97195295986656,515.3915756928786,797.2399444069596,-937.1107280618227
1788030757.4564497,-843.0,-2561.0,847.0,-193.63832494999994,-10.54702557999994,-133.50165892000007,87.22195295986656,516.4762066112828,721.3500620994744,-896.2736840397818
1788030757.5067406,3687.0,-121.0,3255.0,-194.34078278999993,-10.84995148999994,-134.69941135000005,88.72195295986656,599.3467933080643,817.2187028727349,-914.576230404691
1788030757.5725799,3310.0,-5214.0,1232.0,-196.55368102999992,-10.93648940999994,-132.00746391000004,89.47195295986656,506.9803583494891,775.707712580907,-959.2745531592718
1788030757.6401885,-3389.0,-296.0,5830.0,-195.9449932299999,-9.54830855999994,-132.47640196000003,88.72195295986656,470.19078507140404,867.5159059508294,-964.4760192171794
1788030757.7038646,-39.0,84.0,5716.0,-195.2782396599999,-9.687815269999941,-132.30956466000004,89.07140817898282,478.07458846728326,799.6382534911808,-894.865350500256
1788030757.771008,-3552.0,-4301.0,1257.0,-192.4639361399999,-9.83064613999994,-131.39253694,87.57140817898282,455.7329814333891,813.3085716104363,-931.195671754416
1788030757.8485098,726.0,1706.0,8435.0,-192.4357725499999,-9.02152971999994,-133.18145064,87.57140817898282,471.27206002603225,891.7857879369418,-912.7017205190432
1788030757.913537,953.0,-786.0,4848.0,-191.0448612799999,-9.15201440999994,-133.75613853000002,88.32140817898282,540.1529583985208,861.41799829264,-929.044053172419
1788030757.9793017,751.0,-2272.0,3406.0,-189.7706392399999,-7.26558468999994,-132.91164348,89.2662623938193,553.817418470128,854.0506374211734,-907.816146771611
1788030758.038869,464.0,-1548.0,1047.0,-191.35186706999988,-6.14892907999994,-132.67121623,90.7662623938193,619.757030910247,879.2966102593105,-906.2473935398203
1788030758.1031082,-730.0,1799.0,7757.0,-191.41536546999987,-8.90420747999994,-132.99975143,90.0162623938193,560.9290328707215,893.4390323520231,-913.1476601792148
1788030758.1532946,-50.0,2728.0,4901.0,-191.22187566999986,-8.62378747999994,-133.33905963,89.2662623938193,690.7866531246577,923.4608673525332,-930.7133337142251
1788030758.2173452,-2254.0,-1594.0,1617.0,-190.02280002999987,-9.07452706999994,-131.05578801,89.2662623938193,573.8358891038674,895.071757462992,-961.377046202393
1788030758.2819421,-1411.0,-987.0,3039.0,-190.26136660999987,-6.949620089999939,-129.78528226999998,88.5162623938193,548.6972973843344,892.2657270675493,-907.888118849801
1788030758.3531482,3498.0,3.0,1974.0,-190.85962447999987,-8.322466599999938,-129.55353970999997,89.2662623938193,509.0070467912118,876.0270183036893,-864.4228227818674
1788030758.4202237,-1981.0,1322.0,1660.0,-191.04842511999988,-8.869433159999938,-128.34854738999996,88.5162623938193,458.7402507248266,899.5090331467308,-869.1475280229109
1788030758.4867206,-2779.0,-2940.0,7332.0,-191.5198682599999,-6.458758879999937,-128.82356353999995,89.54243847795473,427.898132150805,934.8273321730027,-905.2064839005193
1788030758.5550306,-1271.0,-317.0,3243.0,-191.1726011999999,-6.265571199999938,-129.71899163999993,88.41327583548865,447.1177299791756,953.1644235702615,-867.1747359353483
1788030758.6219172,278.0,1076.0,4724.0,-191.66332583999989,-4.407434079999938,-129.49292747999993,89.16327583548865,465.80985889346107,949.9023138561623,-839.8719297019613
1788030758.6916401,0.0,-34.0,3346.0,-191.6606836199999,-3.5090587699999376,-129.21745374999995,90.66327583548865,510.4641389605059,969.3762835050892,-892.7777629688741
1788030758.7568069,-1329.0,1231.0,4890.0,-192.0622430299999,-2.871707649999937,-130.45705322999996,89.56598713406129,464.8865463531734,1030.9820876306433,-882.593216814986
1788030758.8243783,914.0,-970.0,3605.0,-192.1891979699999,-2.728193369999937,-130.93175430999995,90.31598713406129,528.6617108792944,1041.5830624475777,-866.1531144503036
1788030758.887469,-561.0,2688.0,8411.0,-192.6912518999999,-1.1322448899999367,-130.07219448999996,89.84682891205641,468.1039679307902,1058.5338454626344,-846.4957911650672
1788030758.9567592,-723.0,-79.0,441.0,-191.4361719199999,-2.2371580699999365,-131.49716313999997,89.28493769427995,488.2384385202513,1016.1017323319916,-828.954051789589
1788030759.0264628,241.0,-829.0,7477.0,-191.3063879999999,-1.7290678299999365,-131.17684537999997,90.03493769427995,527.2249534096547,974.0517161224778,-835.300655773518
1788030759.0931847,1982.0,-350.0,4528.0,-191.81953223999992,-1.2297177899999363,-130.32160497999996,90.78493769427995,525.7193905869907,1074.3066398954602,-834.327521021255
1788030759.1602387,-994.0,1383.0,4356.0,-190.81801521999995,-2.571610369999936,-133.48544803999997,88.53493769427995,511.07754610755296,1047.9550361769757,-893.5467570349956
1788030759.2278101,402.0,-1812.0,7428.0,-189.25656504999995,-2.785350049999936,-133.72648778999996,90.03493769427995,688.4508627145551,1004.297496033491,-853.7034619694682
1788030759.2956939,2030.0,1125.0,4893.0,-189.13232904999995,-1.1564780499999356,-132.20252618999996,90.78493769427995,618.7119966357105,1032.629825990604,-840.9477140599776
1788030759.3667173,-6895.0,2060.0,7706.0,-187.65205437999995,-0.1040940599999356,-131.18918616999994,90.78493769427995,552.2977436784814,1046.715750056615,-847.4246114427183
1788030759.4328246,168.0,2876.0,8427.0,-186.95806051999995,-2.5762461899999356,-137.22598112999995,89.28493769427995,690.6569482279866,1029.2821084789005,-966.4033368766063
1788030759.5004435,1215.0,-3380.0,5501.0,-186.32614188999995,-2.3168560099999356,-137.70888837999996,90.03493769427995,803.5631165747818,996.0723097165669,-881.0499265577299
1788030759.5691853,-502.0,-729.0,2791.0,-184.98340692999994,-2.218417109999936,-133.67339019999997,90.03493769427995,750.700943774423,949.2511139300012,-886.7992732078034
1788030759.636179,296.0,551.0,6696.0,-183.26581937999995,-0.4125454899999358,-128.85501628999998,90.33688015638978,661.0554092334163,980.4691277148244,-866.5674367080392
1788030759.6989486,921.0,-1057.0,2495.0,-183.18037345999994,-1.8982019699999362,-129.99337644999997,91.08688015638978,619.3196542399279,987.1246983781278,-838.729336915337
1788030759.7646086,-2514.0,-223.0,899.0,-182.29001825999993,-5.175949169999936,-132.2402354,89.58688015638978,708.6355536334711,918.6854750318956,-956.3242554124841
1788030759.8342843,-895.0,1410.0,6200.0,-183.1774371699999,-5.037885159999936,-131.14333771,89.58688015638978,672.1795326387171,976.3010712497894,-953.9176919701572
1788030759.8983178,1264.0,2115.0,5312.0,-184.1466649399999,-2.6855687599999363,-130.12211723,88.08688015638978,609.0790322425805,952.902286336375,-932.827964976073
1788030759.9626813,-561.0,-704.0,3811.0,-184.62456186999992,-3.3678840299999364,-130.20775193999998,87.6483126917302,662.3317669363217,918.2149484130068,-941.8653059278646
1788030760.0133662,-1888.0,1906.0,5893.0,-185.14317114999992,-3.1637505899999363,-130.79808377999998,86.8983126917302,688.2298221035502,926.8238075807568,-957.0897084071911
1788030760.1047378,216.0,-3766.0,5428.0,-184.1899808699999,-4.951311049999937,-131.80756778,86.1483126917302,686.8667393138896,891.4880248960945,-940.2428223610654
1788030760.1722574,1963.0,-2851.0,4523.0,-183.8773530299999,-5.258356249999937,-132.02529074,86.8983126917302,715.2006628574676,896.7137071496703,-927.2571987713184
1788030760.2378857,-662.0,-37.0,2277.0,-183.8061628199999,-6.042043839999938,-131.15049444000002,86.8983126917302,677.3892119984572,858.0725410103712,-914.7413725517533
1788030760.3046267,-2251.0,-3343.0,4648.0,-183.90210551999994,-7.673472099999938,-129.76409698000003,86.8983126917302,562.2742071198862,795.3956744894164,-927.8329356158545
1788030760.3715255,8.0,1214.0,1629.0,-186.83640968999993,-6.484413459999939,-130.53495700000002,86.8983126917302,606.0376187552218,847.7631862205019,-963.6428677849564
1788030760.438494,-1005.0,342.0,3613.0,-188.20612040999993,-6.0930675399999386,-130.56756916000003,86.1483126917302,600.7713917800379,875.4547889349286,-946.2544496827528
1788030760.5202734,3458.0,1105.0,3272.0,-185.89720827999992,-6.639793859999939,-134.05986083000005,86.70389691165902,631.8332909234291,882.8555404810435,-941.6614566161977
1788030760.584654,-53.0,1065.0,3328.0,-185.43630937999993,-6.832286929999939,-133.34682312000004,85.95389691165902,668.9815597294776,767.3580002050907,-944.4786998623415
1788030760.6521115,-512.0,-446.0,3352.0,-184.24533749999995,-7.914742009999939,-132.58177968000004,85.95389691165902,656.809111683644,795.6265837461943,-986.0791382598359
1788030760.7403507,-1957.0,-375.0,6090.0,-183.32280049999997,-7.34825902999994,-131.70850679000006,85.95389691165902,622.712335449517,847.7810227945205,-954.5254863744314
1788030760.7971478,-765.0,-1450.0,2325.0,-183.94415535999997,-7.18817196999994,-131.89301391000006,85.56680863196031,624.686024779138,807.494094481662,-956.0854850192609
1788030760.8634846,433.0,401.0,3761.0,-185.59216066999994,-4.15460219999994,-133.80986185000006,85.10097894262852,623.4025641296855,827.4181194988772,-983.6010602102642
1788030760.941333,3719.0,-2752.0,6152.0,-187.19742026999995,-2.5699885399999394,-132.32844583000005,86.60097894262852,607.4560222608259,900.6552536126508,-881.1007719410612
1788030761.0099473,-1648.0,-2112.0,2189.0,-186.77086154999995,-2.8884595599999394,-131.40886045000005,85.10097894262852,559.6568014143174,915.256860254773,-924.2410909935816
1788030761.0758524,-1796.0,-1132.0,4997.0,-186.95385050999994,-2.2729512399999394,-132.68701061000004,84.91061115691659,560.2505945556934,944.441696113361,-946.4677397877986
1788030761.1395755,-3556.0,-16.0,2803.0,-186.90815254999993,-2.4762260599999397,-132.98764983000004,84.91061115691659,621.9991367999015,918.9097735704628,-935.9703125905988
1788030761.1903112,1198.0,2975.0,5897.0,-188.83497233999992,-3.04167905999994,-133.90257209000004,83.41061115691659,626.6384607977224,865.9848814524254,-913.8133485198457
1788030761.2420046,2465.0,2038.0,8744.0,-188.28029233999993,-3.36062005999994,-131.39264509000003,84.16061115691659,561.3870195111385,906.5927267868254,-885.8953906410413
1788030761.311306,-838.0,1947.0,7212.0,-188.20552561999995,-2.1358250199999396,-126.75969936000004,84.47030354364298,427.44495405536554,906.3589691078988,-950.5830107327579
1788030761.3729725,-2605.0,-341.0,667.0,-188.23047172999995,-1.5676080699999395,-126.00022890000004,83.72030354364298,472.3577748931126,922.0855014955412,-942.2730931606649
1788030761.426708,-1246.0,2120.0,2670.0,-188.96871748999996,-1.7396803899999396,-125.27863530000003,82.97030354364298,421.2738400415721,942.8459388868355,-885.731684583299
1788030761.4810774,-331.0,-30.0,2991.0,-188.54181324999993,-3.3925416699999396,-128.60733354000004,84.47030354364298,405.14080878566125,887.5058422189006,-941.8566486071916
1788030761.5400295,410.0,964.0,4932.0,-188.40596466999995,-5.84058852999994,-130.70882790000005,84.1172336641596,600.8388053338377,838.1199255423717,-934.9487624013776
1788030761.5990598,365.0,-1153.0,3570.0,-189.52946753999996,-5.343704379999941,-133.22334711000002,85.10888298678879,604.5476258605745,789.3429227884493,-914.6054417562539
1788030761.664737,1451.0,5196.0,11764.0,-192.42429744999995,-5.257669969999941,-134.63605694,85.10888298678879,631.7225615072929,813.1412409403064,-996.7183322980153
1788030761.7307374,4646.0,-3422.0,8524.0,-191.48352159999996,-5.518534069999941,-135.63511094,85.85888298678879,664.7782755693257,775.0955277354927,-994.551571849467
1788030761.8015392,-3010.0,-37.0,1312.0,-189.80084598999994,-6.5590095199999405,-135.01587876,84.35888298678879,673.6176707143466,781.383919332071,-996.9297838624587
1788030761.8697834,284.0,-2021.0,2794.0,-188.08600999999993,-7.852116299999941,-133.32315325,85.85888298678879,685.0675009380082,753.8537876045897,-927.8951744887086
1788030761.927447,-2171.0,-2949.0,5256.0,-187.93365394999992,-6.624957569999941,-131.91039715,85.10888298678879,685.3906492775909,709.6801172872126,-953.9875493719488
1788030761.994092,511.0,1285.0,1931.0,-188.14667969999994,-6.772261229999941,-134.93955251,85.10888298678879,627.7945765498531,780.1344675276587,-1006.2377026018802
1788030762.058215,-1454.0,187.0,4762.0,-187.44624919999993,-5.144383229999941,-136.04418401,84.35888298678879,683.4000419940683,839.2858647989949,-991.6229631541107
1788030762.1250398,1963.0,548.0,1909.0,-187.97486301999993,-5.044469779999941,-132.22406141000002,85.85888298678879,624.3669642905497,859.929094105736,-929.1572311917691
1788030762.2108123,-32.0,-27.0,6655.0,-187.44994323999993,-6.031015899999941,-131.44597767000002,87.0716582729406,527.7193396900253,818.9076914457554,-925.2134295001013
1788030762.2750256,407.0,-390.0,2250.0,-187.48321087999992,-5.293290029999941,-133.71059996000002,87.0716582729406,664.3945413520471,803.7703520527095,-969.2242475096511
1788030762.3418193,-256.0,-1633.0,6076.0,-187.3031309799999,-4.913737009999941,-133.95162998000004,87.38770111146816,634.2332984454472,812.5218571839677,-936.5707248207474
1788030762.4320333,-247.0,-3351.0,7684.0,-188.02445787999991,-4.12023814999994,-132.00408431,88.19106603138417,655.8143527051371,837.9692084321919,-982.7662062472288
1788030762.4994085,575.0,343.0,2829.0,-190.40579480999992,-1.8056574199999398,-132.35051172000001,89.69106603138417,581.7983848353373,875.0524553278493,-920.5324549472381
1788030762.559057,-245.0,779.0,4052.0,-191.66960336999992,-2.36550243999994,-131.28902339,88.94106603138417,553.9104980451444,904.6626625605397,-903.7278171371315
1788030762.6430655,-673.0,-1033.0,2846.0,-191.3895438699999,-2.07979785999994,-133.19157271,88.1106480996349,556.8832433149005,861.2718941827505,-904.4011163873606
1788030762.7129786,98.0,25.0,3921.0,-193.6774002099999,-2.76199006999994,-136.75784878000002,87.98557381860924,661.5035419089418,880.3906150271453,-982.5666392330571
1788030762.7910058,228.0,-1323.0,6133.0,-193.23844980999988,-2.44575456999994,-137.68369713,89.48557381860924,631.2697632376138,895.3254692097071,-948.1401752258977
1788030762.8481984,-431.0,717.0,2714.0,-192.91407666999987,-3.7876058499999403,-136.65512931,88.73557381860924,626.5659250329943,872.1682305037291,-912.04040720159
1788030762.9126132,-1121.0,-839.0,3525.0,-194.21781497999987,-2.02937937999994,-137.63218973000002,87.56910474271253,620.213878635413,854.0713920023715,-866.7624926892429
1788030762.9693024,2995.0,4246.0,9011.0,-195.12995319999987,-4.37687620999994,-138.49676246,86.81910474271253,727.7067127753744,917.5519372880664,-934.5426399933698
1788030763.0678637,1389.0,-859.0,908.0,-193.94415438999985,-6.626905669999941,-133.87087126000003,88.31910474271253,710.2907874199354,759.7717292116347,-982.3312825582799
1788030763.1317093,471.0,-482.0,5954.0,-191.72695828999986,-4.778435269999941,-128.40397374000003,88.31910474271253,612.0200045089995,850.8223408823814,-955.7846795556736
1788030763.1971493,-5868.0,-734.0,9338.0,-190.93661460999985,-3.3088899899999404,-124.95548198000003,87.56910474271253,424.7319818336446,867.8728490360367,-929.9779855831124
1788030763.265376,455.0,991.0,3277.0,-191.63177116999984,-3.0091473999999403,-122.72532755000003,89.06910474271253,352.3811896994502,893.8762873596779,-894.2208774639502
1788030763.3292506,-1764.0,-410.0,3343.0,-191.37829276999983,-2.6876625999999404,-121.39611155000003,88.48425728696118,315.7945777767478,850.1038926149312,-884.465417916049
1788030763.3997824,-1277.0,-483.0,3002.0,-190.52850109999983,-3.3925043599999403,-120.29218852000004,87.98281372696141,303.2514347271766,840.4446072820004,-859.0152460280312
1788030763.4670346,-3119.0,-1572.0,3878.0,-189.92895571999983,-4.65549181999994,-124.47950739000004,87.54004581900627,338.3774278016822,811.3523650988103,-920.0694421542306
1788030763.5327735,-807.0,1003.0,1860.0,-189.69413091999982,-4.853239019999941,-128.85157439000002,86.79004581900627,437.55884729405744,835.5902666479166,-997.0663244148543
1788030763.597677,-266.0,-8.0,3895.0,-188.7432055599998,-8.153690999999942,-135.67168517000002,86.04004581900627,634.0281526216445,754.8362560350463,-956.1137814289332
1788030763.667706,5403.0,833.0,6317.0,-187.64499697999983,-10.663240769999943,-141.1575382,86.04004581900627,867.2938151300805,729.248117371173,-926.8616511397489
1788030763.733949,4158.0,-2095.0,6773.0,-186.95062672999984,-13.277158999999944,-138.5035008,86.79004581900627,821.5627549874346,623.7234141342776,-948.9000025594719
1788030763.7868378,223.0,1056.0,4384.0,-186.74686624999984,-13.598236119999944,-138.09289256000002,86.04004581900627,785.0330977082086,600.445766005969,-1019.7150454649288
1788030763.8859808,2364.0,-3464.0,4530.0,-183.61027019999983,-14.271985349999945,-143.04345853000004,86.79004581900627,935.5640845761388,510.50885564980575,-1019.9574109117475
1788030763.9378057,-346.0,-2634.0,4903.0,-183.79554479999985,-13.750128559999945,-141.17218507000004,86.04004581900627,919.7003612893715,591.1679886890176,-1032.6145001385055
1788030763.9894109,1452.0,-1738.0,1564.0,-183.62547489999986,-13.870723579999945,-139.28286309000003,86.79004581900627,838.198766446972,602.3970553676238,-974.2885494477475
1788030764.074107,-2136.0,-1768.0,2544.0,-184.74683520999986,-9.470219639999943,-136.97722843000005,85.29004581900627,821.4823955821757,611.1526068379773,-1030.9803694137286
1788030764.1384084,1923.0,-4674.0,3791.0,-186.16419373999986,-6.455490299999943,-142.79592285000004,85.29004581900627,883.8916441314445,764.0212015497717,-978.3467451694345
1788030764.2050838,2267.0,671.0,1671.0,-184.90618929999985,-5.967124939999943,-145.84975181000004,86.04004581900627,977.5160278623148,796.4494167811745,-953.7275224652572
1788030764.2557948,3943.0,899.0,9316.0,-184.46155041999984,-3.3733981399999426,-143.74080490000006,86.21229207399159,953.1070357851164,838.8593636681057,-971.9441622392726
1788030764.31956,-1349.0,-1747.0,2856.0,-183.51354419999984,-6.789145159999943,-140.47389748000006,85.7371268517237,884.7685985115704,722.5182121071491,-963.3937630863225
1788030764.3871462,-2139.0,-1504.0,3355.0,-183.29886518999984,-4.536571199999942,-141.07437645000007,84.9871268517237,844.614358851227,737.8722480213904,-974.9996333013514
1788030764.4521616,-511.0,-1803.0,2338.0,-183.24889981999985,-2.036195629999942,-144.28318835000007,83.4871268517237,960.6096852669348,790.883452343418,-927.1590729715705
1788030764.5181975,284.0,1083.0,6808.0,-182.85892351999985,-2.556164029999942,-146.96659670000008,82.7371268517237,1000.2163800129144,842.3891625874169,-981.9098196349289
1788030764.5692244,1775.0,193.0,4902.0,-182.13882070999986,-4.444502299999942,-148.74367445000007,82.03328117460387,1110.0159991490532,818.1329524852496,-963.1422620311193
1788030764.6371002,-111.0,-1744.0,3564.0,-182.93963785999986,-0.11943679999994128,-148.87388495000008,82.03328117460387,1076.196068060922,797.8798223737141,-927.2735047076094
1788030764.729762,1309.0,2028.0,2621.0,-182.99698528999986,-3.182731439999942,-148.1431091700001,82.03328117460387,1026.0837131078074,796.0860272449402,-887.929180657807
1788030764.7831588,626.0,206.0,1260.0,-182.66960004999984,-3.1147835599999416,-146.79959427000009,81.28328117460387,1062.8513507763794,777.9338663898732,-907.1626221957818
1788030764.849637,-1337.0,146.0,4403.0,-182.42855140999984,-5.302874079999942,-148.7744839700001,79.78328117460387,1029.6206517907874,784.4600153758321,-959.2596828879111
1788030764.943014,2007.0,-2755.0,6818.0,-181.17269834999985,-6.256400149999942,-152.79643603000008,79.55287351203911,1198.5334989250698,721.1539279488544,-924.2412428551428
1788030765.0088556,1629.0,30.0,2494.0,-180.93510175999984,-6.904390849999943,-150.8246929000001,80.30287351203911,1151.2375885192062,686.4422596593638,-898.4464797956948
1788030765.07487,-672.0,-341.0,6124.0,-181.33043375999983,-7.300068929999942,-149.8525030800001,79.80675550343841,1097.0943262619787,619.7945503933877,-985.2280578887651
1788030765.1449828,1403.0,-898.0,2196.0,-182.23086755999984,-7.023977729999943,-151.1545240800001,80.55675550343841,1154.398341354995,627.0813647777569,-952.8691571863487
1788030765.2030008,1946.0,-1654.0,3833.0,-182.87060105999984,-6.371882229999943,-151.2163340800001,81.30675550343841,1159.6376150650544,657.3830078941171,-979.9319780533258
1788030765.271571,215.0,-289.0,3973.0,-183.99949322999984,-6.914004299999943,-147.0674786700001,79.80675550343841,1023.6674859394014,668.168348729355,-1012.6420008358918
1788030765.3440359,555.0,-1164.0,1946.0,-186.28385124999986,-6.750427669999944,-147.3143142100001,79.80675550343841,996.9120408089763,667.1569849859978,-934.4190165918013
1788030765.410606,1382.0,1069.0,8002.0,-188.00568863999985,-6.9544514899999434,-147.1102903900001,79.05675550343841,1001.9553569327161,708.7705488385731,-760.6375004141978
1788030765.463877,1553.0,-956.0,2957.0,-189.00738387999985,-6.113026709999943,-145.6066334100001,80.55675550343841,967.7768566963779,698.1108150530665,-947.6983008633041
1788030765.5500102,1242.0,-790.0,3552.0,-190.99246095999987,-6.400521329999942,-144.6026507100001,80.55675550343841,925.1383217796551,710.6444421442277,-987.4534870895546
1788030765.6148841,482.0,-766.0,4982.0,-192.61736437999988,-6.215171129999942,-145.2235738800001,80.5341356867678,877.6922672221491,740.4473684476195,-1001.5281219137448
1788030765.6695945,1002.0,-939.0,4718.0,-193.6796054199999,-6.357214989999942,-145.8473317000001,81.2841356867678,901.8922843239262,746.3673572509682,-1056.8205743489907
1788030765.7538288,723.0,272.0,4259.0,-196.4911636799999,-6.307834189999943,-145.23234369000008,81.0279067706229,924.4603950479768,707.0936526541972,-1043.0974553994113
1788030765.817954,1097.0,1079.0,5121.0,-200.30613532999988,-6.239715229999942,-144.4564541000001,81.02405433770684,827.87570031546,822.5153297408091,-973.9448105792055
1788030765.8822732,2351.0,-569.0,3862.0,-202.65288742999988,-6.428321129999942,-144.48428120000008,81.77405433770684,832.9024777490284,770.5214428150405,-1039.5007059497098
1788030765.9651766,258.0,360.0,3928.0,-206.61634048999986,-6.391555169999942,-143.93703212000008,81.77405433770684,810.9724496066474,753.6228288694285,-1019.8531535758289
1788030766.0309331,989.0,273.0,4063.0,-208.51425132999987,-6.363735629999942,-143.9153947000001,82.52405433770684,751.431764500856,784.3405484867152,-1030.5221351326634
1788030766.0814269,1352.0,-1325.0,3695.0,-210.45667880999986,-6.138302869999942,-143.8598085400001,83.27405433770684,561.2639219867025,796.6057116688125,-945.1417793870912
1788030766.1372213,787.0,400.0,3978.0,-210.66108608999986,-5.871953989999942,-143.7885757000001,84.02405433770684,559.2217847433475,851.3373183396716,-940.9729604797548
1788030766.2042475,269.0,-1.0,3822.0,-209.56595456999986,-5.486802509999942,-143.3782550200001,85.52405433770684,635.9910533659541,1038.6046185399794,-905.9018798071604
1788030766.2695565,704.0,-575.0,4082.0,-209.55346684999986,-5.3263661499999415,-143.16183392000008,87.02405433770684,612.6623840522972,833.8888069610653,-918.2143768250057
1788030766.337583,730.0,-202.0,4125.0,-209.68942112999986,-5.239849789999941,-143.1000365200001,87.77405433770684,605.441349865945,842.8401612013545,-889.581438970224
1788030766.4019709,699.0,-412.0,4101.0,-209.50464618999985,-5.226707919999941,-143.1307832500001,89.27405433770684,620.262657576901,858.0434800054159,-949.004753031104
1788030766.4660802,460.0,-346.0,4137.0,-209.73969974999986,-5.409183709999941,-143.1400616800001,90.02405433770684,591.636835920493,878.2370068594967,-922.0239675656295
1788030766.5294566,656.0,-238.0,4155.0,-209.85996366999984,-5.452150829999941,-143.1061475200001,91.50012116499983,607.204677798753,830.2244812784295,-868.5544719964233
1788030766.5998554,535.0,-173.0,4155.0,-210.13594643999986,-5.511068499999941,-143.05653264000009,92.07425674952452,610.3633731079083,857.0803078650031,-864.4148644406496
1788030766.6678953,641.0,-221.0,4147.0,-209.81907323999985,-5.505597999999941,-142.99259471000008,93.20051537179013,603.0804546067174,864.4758589305492,-884.1720073996246
1788030766.7345958,419.0,-385.0,4133.0,-209.62188771999985,-5.580605239999941,-142.95936627000006,93.62193672960316,627.494920956302,850.9859286506612,-961.2155465092493
1788030766.8024037,679.0,-268.0,4169.0,-209.59689372999983,-5.641701659999941,-142.92604095000007,94.37193672960316,609.9121591770202,858.9035872118269,-939.3022825921306
1788030766.8683546,155.0,-263.0,4132.0,-209.81360560999985,-5.655695639999941,-142.71235209000008,94.06884122745443,608.226857852394,875.1429322219129,-911.9594054381249
1788030766.9191747,232.0,-234.0,4176.0,-209.79698998999984,-5.600310239999941,-142.70127501000007,94.14942727516318,589.6987321747598,890.310577877937,-989.6174823200549
1788030766.9713445,270.0,-335.0,4242.0,-209.66131976999984,-5.699986319999941,-142.53237943000008,93.80705347401125,602.5810778730079,823.2623246801454,-897.4591776790394
1788030767.0291157,9.0,-430.0,3884.0,-209.65275946999984,-5.392493399999942,-142.2803269300001,93.0975371839329,590.7317397712496,856.0549186096368,-877.9248119813303
1788030767.080437,173.0,-81.0,4093.0,-209.63337702999985,-5.290043359999942,-142.29694045000008,92.3475371839329,639.6571741690209,843.7137272585794,-949.9517600322737
1788030767.1467912,-92.0,54.0,4295.0,-209.79875083999985,-5.1033128299999415,-142.1028014700001,91.3180011943694,625.8828760903875,837.4659266724451,-954.6057469118158
1788030767.2158158,657.0,-37.0,4130.0,-210.83332129999988,-4.791244149999941,-142.1832238400001,92.32298833168011,652.1204310011758,834.9464327496062,-992.579008497377
1788030767.28077,230.0,-266.0,4068.0,-211.29036634999989,-4.788474179999941,-142.1859938100001,92.17791263575094,634.1744126550939,864.1478814557087,-1028.386204497629
1788030767.35069,751.0,-189.0,3899.0,-212.85339641999988,-5.1487158799999415,-142.3577753500001,92.17791263575094,618.7078314316717,828.1849967836645,-961.425918072814
1788030767.4308734,434.0,-51.0,3967.0,-214.57228813999987,-5.250985039999942,-142.36817259000009,91.56745572286704,617.8657969080251,797.239943694524,-968.3964919656058
1788030767.4871418,1194.0,-340.0,4543.0,-215.51199613999987,-5.167825039999942,-142.24620459000008,92.31745572286704,642.1162600209585,771.8444774727112,-995.0847604266876
1788030767.5532935,896.0,-153.0,4511.0,-218.12845389999987,-5.420043229999942,-142.12147719000006,92.31745572286704,566.1570661944971,789.8497810455556,-987.3658952814915
1788030767.6039298,1155.0,-443.0,3790.0,-221.01638957999987,-5.259278429999942,-141.99951353000006,93.81745572286704,540.888862940375,776.3566278963722,-998.6183647184661
1788030767.665416,903.0,-156.0,4224.0,-222.79033517999986,-5.3285731799999425,-142.04109038000007,94.56745572286704,479.66607295184184,775.4758837473056,-1052.7393853801268
1788030767.7381613,95.0,120.0,4417.0,-226.45080821999986,-4.926599929999942,-141.63907009000008,93.91928137185003,484.0843841029602,757.9613922452484,-957.832433558731
1788030767.8041031,-323.0,-400.0,4217.0,-228.51751915999986,-5.092823329999942,-141.60582541000008,93.39955273879212,455.1312600961656,749.8808517470595,-994.5042073641895
1788030767.868907,-275.0,-542.0,3591.0,-233.02186347999987,-4.954060789999942,-140.72604280000007,93.93206425006906,447.3528052061185,742.0444232602937,-942.8492151428403
1788030767.9374251,-399.0,762.0,4941.0,-238.53204276999986,-4.704313459999942,-139.84103896000008,93.96506431739846,322.459528092055,761.724032116405,-929.6784501123747
1788030768.0034542,1110.0,680.0,4892.0,-243.91505928999987,-4.4040814999999425,-139.53824836000007,95.46506431739846,209.0791812227572,696.4128636999899,-985.7699841636934
1788030768.0692477,-406.0,-109.0,3306.0,-245.85080253999988,-4.259664499999943,-138.78283636000006,96.21506431739846,191.930808782544,675.3176982331474,-957.2161081492702
1788030768.13407,649.0,362.0,4245.0,-250.42743172999988,-4.521862659999943,-138.12345120000006,97.71506431739846,140.51983565782547,630.9708404121985,-902.7877210286225
1788030768.2017307,-1831.0,1114.0,3190.0,-252.72925516999987,-4.833220419999943,-138.76006662000006,96.96506431739846,89.34090665545932,654.1270210837273,-877.3176598862739
1788030768.2867963,338.0,-415.0,2940.0,-258.3983670099999,-5.225371199999944,-138.67650384000007,98.46506431739846,91.65694010906671,557.1054286380507,-890.2398836121606
1788030768.3519692,-280.0,719.0,4101.0,-263.67525155999994,-5.433133649999943,-139.23600684000004,99.96506431739846,93.28853282084259,555.8329390666156,-964.3010836914204
1788030768.4204364,-193.0,673.0,4404.0,-268.35678141999995,-5.267498249999943,-138.36560500000004,101.46506431739846,79.26869478954094,535.4275632562798,-901.2203564858283
1788030768.4909918,-333.0,792.0,4124.0,-272.52243738999994,-5.591436969999942,-136.98699476000004,102.96506431739846,-30.19752620732566,426.70303771770506,-857.567851701101
1788030768.5545793,-708.0,321.0,3202.0,-274.4498375499999,-5.176644969999942,-136.39245956000005,102.70059656489056,-48.13366338624355,388.44192130323114,-868.0840244752685
1788030768.6215215,-1151.0,1654.0,4916.0,-277.85185966999995,-5.295929729999942,-136.02363810000006,102.15094997998722,-77.61673205502414,383.0239905331249,-863.6499599919956
1788030768.688233,2607.0,-1695.0,3585.0,-278.79806647,-5.4596429299999425,-136.58969730000007,102.90094997998722,-83.43044897799692,409.7646562314486,-854.4423734169209
1788030768.7559383,783.0,-293.0,4442.0,-281.12830669,-5.8374526699999425,-135.21728612000007,103.65094997998722,-119.48028856260949,310.49594236590195,-875.2521154198
1788030768.8269477,-814.0,551.0,3712.0,-281.7144246,-5.887453249999942,-135.25061984000007,104.40094997998722,-157.0908905594452,290.3015927544572,-847.3928639992567
1788030768.9178128,182.0,-1006.0,4881.0,-282.8130876199999,-4.696583149999943,-134.87811498000005,106.65094997998722,-164.3320503348181,304.41248343281615,-817.8936921712977
1788030768.9821713,66.0,-602.0,4474.0,-283.04089099999993,-4.074290989999943,-134.48084811000004,107.40094997998722,-171.434350118172,319.92565980710174,-823.1230521875952
1788030769.0519106,433.0,800.0,4771.0,-283.4826428699999,-3.7445161599999426,-132.87116311000003,108.90094997998722,-210.33802985441574,350.28467247347515,-786.5308613699251
1788030769.123285,-842.0,-85.0,2528.0,-282.62311286999994,-4.494660799999942,-131.03583325000002,110.40094997998722,-239.4255573697096,327.71867538326825,-724.4168103411824
1788030769.189793,-1730.0,-610.0,2145.0,-282.2280181699999,-4.381381899999942,-130.74849165000003,109.65094997998722,-246.19011246342114,332.789311569407,-719.5203856815159
1788030769.2489192,-1176.0,-443.0,2147.0,-281.9140949099999,-3.4177559499999424,-134.37916037000002,109.88546663142505,-197.17739180680317,446.7840397849893,-811.9141483798129
1788030769.3282697,-1054.0,1494.0,3179.0,-280.3681890799999,-2.858189949999942,-135.38758331000002,109.88546663142505,-114.5251442914244,452.78163411186614,-836.671004410302
1788030769.3952127,-231.0,-1440.0,1366.0,-280.09662911999993,-1.497619129999942,-136.27985175000003,110.63546663142505,-130.81239097890443,434.58180026153775,-788.0982809323821
1788030769.4606113,-161.0,1598.0,4781.0,-279.3055288799999,-2.5216597699999417,-136.45374351000004,110.63546663142505,-60.95235314466778,437.2471623047451,-799.3239277550239
1788030769.5478368,-891.0,819.0,1894.0,-277.8516645099999,-2.6422909799999417,-136.54643842000004,109.13546663142505,-86.83344076925253,422.6188947695996,-801.3980219684863
1788030769.6061177,-6.0,80.0,4422.0,-277.88769217999993,-3.4298142899999418,-137.38949518000004,109.13546663142505,-40.735993777731785,394.83559072216923,-881.3431821001462
1788030769.661592,1363.0,-578.0,4142.0,-278.32900780999995,-2.4639159299999416,-136.70948053000004,109.88546663142505,-63.73647470972489,425.6030785845329,-873.0420191150145
1788030769.746788,-343.0,925.0,4138.0,-278.4149695599999,-3.702987119999942,-137.26662103000004,111.38546663142505,-126.81850001544142,413.2192977926757,-818.2620060804305
1788030769.811776,1288.0,2107.0,2975.0,-277.5966392499999,-3.250654049999942,-134.40171766000003,112.88546663142505,-135.0069328871432,336.4778499796221,-800.6474983810189
1788030769.870352,-1800.0,-3195.0,4410.0,-276.85056013999986,-3.6135831899999418,-132.51856065000004,112.88546663142505,-236.16753255259343,342.71986260490945,-772.2334029216275
1788030769.954611,-64.0,-1937.0,3064.0,-276.58699753999986,-0.21090320999994105,-137.57844394000003,112.88546663142505,-181.75265729344824,441.42985471845714,-784.409661493338
1788030770.0195992,1959.0,3320.0,9693.0,-276.34548640999986,1.138227930000059,-138.18916174000003,113.63546663142505,-165.496699228228,527.0818304842705,-759.6292401647954
1788030770.069788,-129.0,2599.0,4097.0,-275.8373461899999,0.613823560000059,-138.36940789000002,115.13546663142505,-121.70489293980103,474.30410051057186,-823.685042045757
1788030770.1243126,2968.0,927.0,8295.0,-276.0988789299999,1.6965128600000592,-137.35702309,115.88546663142505,-144.25038575586234,465.04345536125373,-744.706210659327
1788030770.1864522,-2621.0,130.0,314.0,-275.4131575299999,1.332830660000059,-138.17044969000003,115.13546663142505,-113.58025358091434,451.38741956261134,-802.0029538884244
1788030770.2508016,615.0,-1141.0,3011.0,-274.7931135599999,1.6275921900000592,-139.78827247,116.63546663142505,-74.48860467414534,453.75596109818486,-805.1173438680759
1788030770.3174593,461.0,34.0,4754.0,-274.69581537999983,0.760765950000059,-137.8629301,118.13546663142505,-95.23571212792797,477.3327344514707,-897.3441345355296
1788030770.3936658,-340.0,-2846.0,4038.0,-273.97261569999984,1.567092030000059,-139.22343218,118.88546663142505,-93.19749202044068,494.0149344940494,-811.7579009457177
1788030770.4597743,3353.0,-2052.0,6312.0,-272.42551321999986,0.766310440000059,-138.82360079,120.38546663142505,-88.20945821713721,469.37453293337325,-824.5925456365787
1788030770.523505,-757.0,-1657.0,4007.0,-271.95438031999987,0.47531659000005894,-137.53768511,121.13546663142505,-103.31238122355938,493.19577121371043,-838.5872586981826
1788030770.588807,-1286.0,-1034.0,2256.0,-270.7374571999999,0.2001804700000589,-138.51254207000002,119.63546663142505,-39.998465939549476,474.294452009332,-867.5135648227633
1788030770.6429138,1697.0,557.0,4288.0,-270.4173922099999,0.7571502400000588,-139.45589357000003,121.13546663142505,-16.612589098442243,530.6746908074177,-904.9653023027247
1788030770.7196214,186.0,1183.0,5557.0,-269.3566710099999,0.7081614400000589,-140.35065317000004,122.63546663142505,-29.358022398154915,549.7205848206295,-856.9382831390523
1788030770.80988,990.0,-423.0,5120.0,-268.3006236399999,-0.6379550799999412,-139.70161821000005,124.13546663142505,-42.83022753084355,497.0571929778169,-871.2220271532971
1788030770.8733547,847.0,-2405.0,4753.0,-267.45033944999994,1.424291330000059,-139.25656752000003,125.63546663142505,-21.99481065151491,490.709432688434,-844.0098285357424
1788030770.9397788,2608.0,1607.0,6679.0,-266.3448325999999,-0.06410130999994146,-138.76229794000002,125.63546663142505,-30.234256084297307,567.6475763262536,-890.8514014604807
1788030771.0170848,-548.0,-1342.0,1929.0,-266.2876521199999,0.5824611100000586,-137.84989582,126.6685439003873,-92.89394649329427,532.444438900667,-828.5746606983903
1788030771.0820968,-991.0,-1341.0,4745.0,-265.8510059099999,0.9061289300000587,-138.34455796,126.58554905305886,-70.00832122393895,472.39900289663416,-805.5413993311474
1788030771.1458337,632.0,-289.0,4952.0,-266.0060932199999,0.5497580900000587,-138.86921503,127.33554905305886,-26.863845974611472,485.07842852313297,-803.4979439017461
1788030771.2093213,1566.0,-2010.0,4128.0,-265.5080474199999,-1.6305769899999412,-141.07971563,128.83554905305886,-29.50770455518996,476.3823153306151,-862.6376606041829
1788030771.280316,1406.0,2234.0,4698.0,-264.1556329299999,-3.6019454799999413,-143.04489458,129.58554905305886,112.98059789113819,473.5690358334289,-895.2140527190129
1788030771.3497503,-2062.0,-3074.0,2520.0,-263.57964660999994,-2.320289439999941,-142.75529765,128.08554905305886,35.28523850762716,477.1742288127811,-895.4839993198877
1788030771.4151335,1964.0,3803.0,8259.0,-263.36660804999997,-2.7087715199999414,-145.08619012999998,128.83554905305886,112.29621211588153,501.507455533327,-898.1772437211275
1788030771.4798968,-2690.0,-725.0,212.0,-263.64858862999995,-2.043427889999941,-145.13642919999998,127.33554905305886,65.58793828053153,441.9389237266151,-867.6159933123834
1788030771.5463276,5493.0,-1882.0,7773.0,-264.44962641999996,-1.409401839999941,-143.76631436999998,128.08554905305886,72.82335970630956,435.74124430118616,-863.3945240709169
1788030771.6393936,2478.0,-1696.0,3425.0,-265.06776037,0.21561351000005913,-145.10986839999998,128.83554905305886,71.50270136987558,451.35548646668167,-874.427244827432
1788030771.702854,699.0,-706.0,3954.0,-265.14201972999996,-1.3314564899999408,-143.73297609999997,129.58554905305886,70.79052588695926,413.3773307398873,-900.5198484461449
1788030771.7711287,-199.0,321.0,3969.0,-266.00309476999996,-1.2194968799999408,-144.28443638,128.08554905305886,66.35396532712211,431.74127096617866,-880.3503695153819
1788030771.836351,880.0,-540.0,4566.0,-266.04331131,-1.241151939999941,-142.38497826,128.83554905305886,15.827808618567268,315.94789934444645,-814.3428711175537
1788030771.8929656,792.0,358.0,4874.0,-265.94129246999995,-1.392634459999941,-141.92743922,129.58554905305886,79.35292174192541,393.2851530076141,-852.4011330089398
1788030771.9585226,502.0,-324.0,4077.0,-265.49879803999994,-1.859957819999941,-143.52724498,131.08554905305886,75.78477122769999,374.96794538067746,-882.1718439292605
1788030772.0093157,243.0,-876.0,5604.0,-265.9166675899999,-0.9623121199999408,-143.12794741000002,131.119204760245,77.89540597353093,389.09107118334606,-945.4433922188845
1788030772.0654597,730.0,-277.0,4153.0,-266.49170890999994,-1.7970495199999408,-142.93935859,131.869204760245,53.757009109383844,421.56011341471395,-903.3003967840965
1788030772.1311977,274.0,1199.0,3477.0,-265.6280519199999,-2.8724133899999407,-141.33588000000003,131.869204760245,5.0859614715107995,357.7061298348402,-859.8026320483207
1788030772.1987936,604.0,-942.0,4015.0,-265.6311469699999,-2.482437089999941,-140.48783630000003,132.619204760245,9.414032050206394,395.08339615705916,-872.2670703072658
1788030772.265543,1634.0,-1917.0,1239.0,-266.4596691399999,-1.8640514899999405,-141.81703270000003,132.619204760245,24.16042161061541,324.2235109717567,-907.13405665656
1788030772.3309472,1340.0,16.0,4590.0,-266.3173741199999,-1.4866603499999405,-142.20989069000004,133.369204760245,86.98888540573404,404.7151964147314,-950.6631463828148
1788030772.3820045,-2547.0,2838.0,6285.0,-265.8907788599999,-2.4727754799999406,-141.95022401000003,132.619204760245,49.37909208713103,395.54657899205165,-1085.4851192988122
1788030772.4700203,3191.0,368.0,5937.0,-266.9969450399999,-2.3664372199999404,-143.86246539,134.119204760245,100.56793002096363,417.81192226866085,-909.5279230267109
1788030772.5371883,-2159.0,-2087.0,2776.0,-267.6201679199999,-1.3720888999999403,-142.85897339000002,132.619204760245,45.46117558304942,355.63937401038356,-833.7195706054907
1788030772.6012464,-769.0,1537.0,1393.0,-267.9665234399999,-2.6059804399999402,-145.72877627000003,131.869204760245,119.52588399882984,371.22589582353515,-890.9684032688988
1788030772.6574762,481.0,3521.0,8719.0,-266.7452513599999,-1.67756441999994,-145.66646647000002,131.119204760245,139.57539574868818,362.5150993412637,-934.0190209906557
1788030772.7214975,-71.0,1546.0,4664.0,-267.0643742199999,-3.35351043999994,-147.53807775,129.619204760245,166.08845897282217,350.2287597897448,-928.0750284300002
1788030772.7876456,1698.0,-1057.0,5117.0,-266.6407743299999,-3.17108420999994,-145.51592937,130.369204760245,145.4383648009913,333.8907491003806,-960.5655776304208
1788030772.847866,-1017.0,-814.0,547.0,-266.6883715299999,-4.50636577999994,-145.61598506,128.869204760245,127.28732175749127,301.78232184616814,-868.8309896776785
1788030772.913911,-358.0,-1981.0,9944.0,-266.6945613499999,-2.76393144999994,-144.30993304,128.119204760245,116.18227301020957,297.0136593071554,-913.8354251745575
1788030772.9807694,289.0,225.0,1260.0,-266.8244329099999,-2.05250520999994,-144.93742074,128.119204760245,111.98763773988878,315.4180729053479,-897.3332489960093
1788030773.0462663,5661.0,-2085.0,7189.0,-268.4541597499999,-0.9402011499999399,-141.94132596,128.869204760245,118.17417335304222,304.57496297582776,-943.2446755931021
1788030773.120107,748.0,-1249.0,564.0,-269.3671916599999,-2.3978596599999396,-143.85603568000002,128.869204760245,20.18163858056159,324.7636903184804,-863.0760606505798
1788030773.1849687,1648.0,2698.0,7673.0,-269.66575670999987,-2.3664317599999394,-143.20547815000003,129.619204760245,92.48830079635405,331.79545087865176,-894.5728273046827
1788030773.2532198,-2422.0,694.0,1872.0,-270.91151653999987,-2.3014709199999395,-144.21832922000004,128.119204760245,78.70205283068847,347.22984534398137,-896.6888223225449
1788030773.3365269,1169.0,-2061.0,5159.0,-271.75773561999983,-0.890012829999939,-142.34229135000004,129.619204760245,72.06171179019427,236.67222626528817,-906.245179946559
1788030773.4001625,1109.0,2852.0,8813.0,-272.0949968799998,-1.821348969999939,-142.36085619000005,130.369204760245,62.59919904608899,298.94278313753455,-837.7980656521303
1788030773.4680197,367.0,-294.0,-965.0,-272.1450563999998,-1.790389369999939,-141.65428683000005,131.869204760245,-47.21962706768821,203.76289551785007,-902.0290429167861
1788030773.5230434,-743.0,-3019.0,4611.0,-271.2889103399998,-2.025288649999939,-142.39298325000004,131.119204760245,71.35751409186756,316.236365374811,-903.2965082810622
1788030773.5810635,-523.0,23.0,3900.0,-271.4712911399998,-2.235490249999939,-143.06377365000003,130.369204760245,60.00424053338292,290.5944831366673,-832.0952021352479
1788030773.6368968,-544.0,-1076.0,1645.0,-272.7263855399998,-4.439727739999939,-146.04404493000004,130.369204760245,116.29501036423713,197.21182654818372,-860.8469253193873
1788030773.6869197,5393.0,-3462.0,4589.0,-271.9878731499998,-3.9854962699999392,-144.37852954000005,131.119204760245,100.97090379598586,176.7683294243665,-892.6825820717485
1788030773.7763472,638.0,266.0,2934.0,-272.88063452999984,-4.277117319999939,-146.13961698000006,132.619204760245,24.164866900900364,179.14324853837203,-873.810033525279
1788030773.8302412,3994.0,-3144.0,5246.0,-273.07567118999987,-4.890089679999939,-143.47102014000006,133.369204760245,-38.629964281646835,172.1436549263446,-839.1902960203732
1788030773.8974276,-775.0,981.0,3451.0,-274.33232042999987,-4.446661309999938,-144.91487983000005,131.869204760245,-69.13200536894932,205.96655597360893,-831.4129444955672
1788030773.9909418,4624.0,-2202.0,12779.0,-275.8939066799999,-3.6086615599999385,-145.54569883000005,132.619204760245,-31.29174163558008,201.41739103686382,-865.4471355010795
1788030774.054041,-3148.0,-1201.0,3963.0,-276.1043914999999,-3.007037599999938,-145.78120711000005,131.119204760245,-1.3039761047626257,178.18073417570386,-897.0421757002757
1788030774.1197565,1999.0,-1268.0,1313.0,-277.2570277399999,-2.902620839999938,-145.15560745000005,132.619204760245,10.728627177859963,208.91909073564585,-863.2926070344228
1788030774.186817,-7789.0,4420.0,5076.0,-276.6574978999999,-2.596675199999938,-145.25449897000004,131.869204760245,-13.569228455169274,251.0011562547608,-850.4581360593716
1788030774.2517838,2846.0,-928.0,3544.0,-276.0323119399999,-2.1912328199999376,-145.20807427000005,132.619204760245,-0.4860504658142588,221.51272205340211,-888.35937054708
1788030774.3245223,98.0,-809.0,4295.0,-276.9009817699999,-2.8590244199999377,-145.62848965000003,134.119204760245,11.831364554158796,165.38871275250636,-851.9866910175749
1788030774.3913333,298.0,-2.0,8411.0,-277.83452248999987,-2.2731076899999376,-144.86571393000003,135.619204760245,-5.80044024381958,206.1675111706013,-809.3707045728099
1788030774.4562104,-411.0,500.0,710.0,-278.5787120899999,-2.0126413299999375,-145.30602611000003,134.869204760245,-3.0482512039912493,211.44437333176734,-817.7936901249276
1788030774.5075521,-314.0,-71.0,2096.0,-279.1325506199999,-2.8851690699999377,-145.67422044000003,134.119204760245,-31.49574854413177,182.1107025796838,-897.2228234216695
1788030774.5582392,620.0,-57.0,5135.0,-279.9966359399999,-2.578558149999938,-146.19143280000003,134.869204760245,-1.6004352564294138,201.1943865222672,-922.8149358664766
1788030774.6191099,-1153.0,2629.0,6785.0,-280.9589658399999,-4.317468959999938,-144.29484048000003,134.869204760245,221.7254824943386,153.98469327975084,-810.6042015034395
1788030774.6700704,545.0,-1253.0,3222.0,-281.0458781199999,-3.976027859999938,-144.08066379000005,135.619204760245,-31.135072280549515,169.59999561700266,-789.3494597152616
1788030774.739497,423.0,2281.0,8664.0,-281.8496148999999,-6.193913249999938,-144.06048342000005,137.119204760245,-2.7182751883047374,114.43699362167328,-833.3454282702171
1788030774.8127434,3221.0,-2059.0,2869.0,-283.1606695399999,-5.526017489999939,-144.20581259000005,137.869204760245,71.11924723884306,130.50521914357398,-936.2541013691716
1788030774.8770094,-731.0,-168.0,1823.0,-284.0113966199999,-5.705784909999939,-142.57836992000006,137.869204760245,-46.828591986463294,116.39858926231264,-851.9124402414803
1788030774.9405854,381.0,-10.0,5351.0,-284.1320462399999,-5.3654911099999385,-142.51649832000007,138.619204760245,-36.85598489894932,151.78882277737299,-868.3263511785851
1788030775.006267,797.0,-1247.0,4283.0,-285.2427133499999,-4.668994609999938,-141.84782493000006,140.119204760245,-50.97185144101075,110.88900521271506,-822.4024638641282
1788030775.0703723,-1861.0,-1765.0,650.0,-285.6142789499999,-3.535719529999938,-141.81066837000006,139.369204760245,-64.48248653801369,132.04528170654973,-778.9193285042955
1788030775.136945,-2802.0,482.0,8485.0,-284.96736960999993,-3.161193069999938,-141.78281103000006,138.619204760245,34.950948521675684,119.83854682135053,-830.9287378280934
1788030775.208477,-1329.0,-682.0,3460.0,-285.13135251999995,-1.984833199999938,-140.24351117000006,137.35916215502385,-46.84659388904103,99.52781259515181,-820.6994360048091
1788030775.2738338,-833.0,-226.0,3817.0,-285.87290451999996,-1.2865383999999378,-141.65863957000005,136.60916215502385,10.156401013471573,127.42272256499088,-879.8524646900161
1788030775.3409922,610.0,6.0,3862.0,-286.652681,-2.6371858799999384,-140.39898369000005,138.10916215502385,-64.32278026299052,104.71203302740781,-833.474230560046
1788030775.3926306,-909.0,1801.0,4666.0,-286.8565154,-1.6118370799999382,-140.58428769000005,138.85916215502385,-88.8357674423033,141.08233486099297,-867.1557156507432
1788030775.4519317,456.0,-1677.0,4055.0,-286.82250681,-0.9873156999999382,-140.65539656000004,139.60916215502385,-35.68448594296594,140.27994940778768,-854.5836267298101
1788030775.5178032,848.0,568.0,3480.0,-288.30778263,-0.5757764599999381,-140.99018948000005,141.10916215502385,-17.630593754409027,94.40201974735835,-805.839458931581
1788030775.5878,-653.0,2341.0,5093.0,-289.08993512,-2.0876515099999384,-140.94702412000007,142.60916215502385,-47.052251296193326,96.39566469759887,-817.9186039117222
1788030775.6512313,1307.0,384.0,5142.0,-289.33439983,-2.3692500999999386,-140.99344147000008,143.35916215502385,-39.65794884469244,70.95200687284158,-850.9737767191679
1788030775.7192123,-628.0,-14.0,4416.0,-288.92004267,-2.993637219999939,-139.70071773000006,143.35916215502385,-103.32575111168808,98.2280043529487,-832.1530185846007
1788030775.7862496,275.0,-20.0,2712.0,-288.13919043,-3.582375019999939,-139.70381635000007,144.10916215502385,-81.62264488073112,78.77509414733636,-835.9208735798131
1788030775.8763185,1012.0,-883.0,3743.0,-287.94092691,-3.235322859999939,-140.14112798000008,145.60916215502385,-145.44932817344954,125.29707002677186,-779.823473396334
1788030775.9424922,746.0,-747.0,3031.0,-287.26405435,-3.595493579999939,-140.20943622000007,146.35916215502385,-109.27476295227004,54.38407537611823,-795.7904023784082
1788030776.0066416,-315.0,-1708.0,3043.0,-286.04886799999997,-4.0500338899999395,-139.95273593000007,146.7271637644243,-116.98880819083556,107.14105005618312,-804.074018483598
1788030776.0901024,1304.0,-1726.0,5791.0,-284.23033464,-2.7163336899999395,-140.12783533000007,148.2271637644243,-104.02198221866001,163.3373467614956,-830.8963414935571
1788030776.14043,191.0,-455.0,3064.0,-282.80366352000004,-2.297717729999939,-139.6268789300001,149.7271637644243,-180.8567274327875,224.39132460873037,-788.8235519296624
1788030776.2101078,426.0,-313.0,3493.0,-281.44321716,-2.9751869699999394,-140.23549967000008,150.4771637644243,-160.54479617186655,189.21696485750155,-773.1862923311185
1788030776.2651248,125.0,-843.0,5519.0,-279.03025864000006,-2.8465549699999393,-138.7410751300001,151.9771637644243,-161.79539449147327,222.90966881113417,-734.157174385374
1788030776.3344586,855.0,-769.0,2817.0,-277.07060857000005,-2.8548568999999393,-138.8182435500001,153.4771637644243,-172.08193985664732,271.105949261401,-703.8936382204083
1788030776.4002244,-80.0,-597.0,4651.0,-275.94650713000004,-2.156091139999939,-138.4509081900001,154.2271637644243,-166.93590524349614,303.11752275555347,-794.9024503046014
1788030776.4685931,-762.0,462.0,4064.0,-272.87884232000005,-2.8873618199999393,-139.4275364300001,154.2271637644243,-164.8343098444613,357.5029409304064,-755.3403174974462
1788030776.519944,-1246.0,-1327.0,3933.0,-271.14168270000005,-2.8486968999999394,-139.85837411000009,153.4771637644243,-184.7239062086627,369.8579440479059,-763.4808493684835
1788030776.586957,72.0,-1465.0,4237.0,-267.7966504500001,-1.8779802999999395,-141.90392594000008,154.33366536378574,-127.99443888387697,418.698339589774,-750.6590591894476
1788030776.653246,1744.0,1412.0,7319.0,-264.96506589000006,-1.5892809799999394,-142.17559426000008,155.29779587904576,-113.31023611102246,431.8135597954667,-808.2284851882697
1788030776.7166421,3563.0,12.0,3315.0,-264.59168694000005,-1.3790824599999394,-140.26997873000008,156.04779587904576,-122.19070768338506,443.93151135484186,-786.839545222085
1788030776.7824445,-657.0,-569.0,3232.0,-262.05284112000004,-0.9296916999999394,-139.46540069000005,154.54779587904576,-146.1882803909618,508.0944816940639,-808.9359729507962
1788030776.8463547,-624.0,-61.0,3154.0,-260.69604288000005,-1.1668556199999394,-139.62259073000004,153.79779587904576,-147.17796674728243,498.2892098897865,-762.2077604180394
1788030776.8971884,333.0,-561.0,4883.0,-258.17129184000004,-2.3025083199999394,-139.29828766000003,155.29779587904576,-136.5510851960134,562.8743976064101,-801.7651458374149
1788030776.9571533,-1256.0,-399.0,5012.0,-256.39152329,-2.4829840699999393,-138.89013481000003,154.54779587904576,-119.99039891505574,525.527015758946,-778.5916000813538
1788030777.0219905,-457.0,-767.0,3198.0,-254.50602065,-2.3923279099999393,-139.56070513000003,153.04779587904576,-86.05638244701217,515.3346811176211,-770.3407363991414
1788030777.0856788,-200.0,40.0,4348.0,-252.56412279000003,-2.3676444399999395,-139.14838546000004,151.7003761162318,-116.76750306505267,581.9987901979803,-837.7543533150752
1788030777.1541815,-418.0,147.0,3436.0,-251.58540372000002,-2.8736694699999394,-138.38783287000004,150.9503761162318,-143.76840016389679,601.4315813561848,-835.5177430840745
1788030777.219552,714.0,-557.0,3844.0,-249.32766887,-3.968071449999939,-138.63935428000002,152.4503761162318,-121.76262324383575,545.1960350054754,-782.3301887053407
1788030777.2860615,32.0,267.0,3284.0,-248.16222725,-4.382327949999939,-138.36042157000003,152.87854328285093,-99.57731693244666,541.9986121032924,-758.8761291913057
1788030777.358323,-781.0,-566.0,4899.0,-245.48883205,-5.8598738099999395,-136.88565681000003,152.87854328285093,-125.47402407379033,602.7461209416535,-752.5206055614271
1788030777.4232867,260.0,-644.0,4446.0,-243.60114982,-6.415399619999939,-137.99947224000002,152.29691171290423,-95.23429794223354,610.8755108205315,-817.3039581750559
1788030777.4915297,358.0,-853.0,4633.0,-242.69419881,-7.030259249999939,-138.20344538,152.1477400056743,-72.49270984240046,586.0869579536622,-804.6393217151839
1788030777.5825167,-1000.0,-1088.0,2240.0,-241.53664017,-6.028158989999939,-138.0078728,150.6477400056743,-54.67283131857995,593.5244413946992,-812.0956310904521
1788030777.647954,-230.0,-54.0,3636.0,-240.24030408,-6.765221539999939,-138.95802396,149.1477400056743,-33.753495337415465,681.6752734282605,-825.046262302819
1788030777.709201,-264.0,-372.0,4438.0,-238.80099348,-7.258778239999939,-139.00489806,148.3977400056743,-30.707691526346757,709.5447942850925,-819.0831217139131
1788030777.7993565,980.0,-3067.0,4076.0,-236.01686696,-7.70691158999994,-139.45415910999998,147.58478297044115,27.901455748426464,660.0847789973645,-796.3132760388258
1788030777.8660872,353.0,-1399.0,3804.0,-232.85331272,-6.94053044999994,-139.51252735,147.05428708370087,41.69794813594878,706.9534132145416,-820.3545382202254
1788030777.9178052,263.0,322.0,6241.0,-231.6338745,-6.60118451999994,-139.83256091,146.30428708370087,43.355261835516174,725.8171290006862,-843.4573105951223
1788030777.9691348,1362.0,-667.0,2490.0,-229.48478847,-6.0385588899999405,-140.36200661,146.8324402479031,124.050017281192,706.3588303784962,-808.4986193154741
1788030778.0335317,-691.0,-1249.0,3032.0,-228.57455607,-6.92672504999994,-140.19375153000001,146.0824402479031,109.52055271649127,733.5469856411214,-847.2174996610739
1788030778.0995479,-498.0,-1500.0,4018.0,-226.26777249999998,-7.33271853999994,-139.74615347,144.5824402479031,118.97097262274025,726.1675768689187,-827.5813193468571
1788030778.1628218,-449.0,-1151.0,6103.0,-224.80455038999997,-6.7176324599999395,-139.33547663000002,143.0824402479031,110.74161746775565,766.6206107005316,-845.7681165825547
1788030778.22566,-1177.0,-550.0,2315.0,-224.46178586999997,-6.347225639999939,-139.42669622000003,142.3324402479031,117.93513721689159,786.9165447108696,-805.257659381057
1788030778.2900095,2199.0,1193.0,5614.0,-225.13362269999996,-6.504758609999939,-138.77711603,143.8324402479031,189.89717747819586,773.9251440203766,-800.9269383292943
1788030778.3556035,-28.0,-385.0,5899.0,-224.79157861999997,-5.919973569999939,-137.10551351,143.0824402479031,103.1958228387274,787.2224951120602,-843.7134628092994
1788030778.4360974,-400.0,-394.0,5275.0,-225.55141650999997,-5.6619650499999405,-136.30852346999998,140.8324402479031,49.2695133415106,789.7871449921213,-827.9446734088984
1788030778.500756,-55.0,13.0,3846.0,-225.86981010999997,-5.77547928999994,-136.19224058999998,140.0824402479031,73.92053526354212,762.9063991342762,-811.7134601556194
1788030778.5653188,-1607.0,700.0,5460.0,-227.12235287,-5.441749949999941,-135.81993964,138.5824402479031,61.35270558611345,756.001093478322,-851.1362235158467
1788030778.6576815,45.0,107.0,3163.0,-228.77622915,-6.257676669999941,-136.25549651,137.41363255004669,29.406765687116852,728.6601746216488,-828.0926787466403
1788030778.7325408,-880.0,-1291.0,5233.0,-230.89368855,-5.921408709999941,-135.31858361,136.72690579738193,53.376862352984645,645.046811827289,-824.0800349400931
1788030778.7960107,471.0,-584.0,2838.0,-233.55069717,-6.3766593099999405,-134.70606485,137.59138863318637,83.09073167354971,664.1001407409467,-846.9216703207392
1788030778.863497,-162.0,780.0,4918.0,-235.22450007,-6.73734410999994,-133.51129645,136.84138863318637,89.2894262843691,662.5522910743324,-892.0073363165559
1788030778.9332824,-269.0,-71.0,4142.0,-238.55565503,-6.93692474999994,-135.01727729,135.34138863318637,62.12782694607495,637.7304651713578,-908.5284954643662
1788030779.0001142,-245.0,616.0,5405.0,-241.82802931,-6.54756528999994,-134.16852449,135.46375561637598,-50.35019661676342,553.28401040411,-816.5270694442008
1788030779.086848,-1159.0,1369.0,3600.0,-245.2401154,-7.074915189999941,-135.19554167,133.96375561637598,-56.473263576287216,485.32197458579645,-845.6911372569497
1788030779.1561975,-115.0,128.0,2736.0,-249.63554924000002,-7.33214922999994,-134.60906039000002,135.46375561637598,-79.95859105173989,444.4206499640367,-903.3680402019498
1788030779.2259245,-352.0,-203.0,3832.0,-251.70151804000002,-7.23428754999994,-134.96788655000003,136.21375561637598,-129.56240879796425,439.95382190208863,-806.4853864083319
1788030779.3020747,-92.0,174.0,4810.0,-259.26948138,-6.62139701999994,-134.91969981000005,138.46375561637598,-173.62176800161706,356.04650926619814,-818.7721031067038
1788030779.3671703,-511.0,-918.0,3658.0,-261.05333562,-6.00139889999994,-135.19162881000005,138.65997619692968,-127.4481540111487,317.08395555118614,-819.1546515598366
1788030779.4320877,-460.0,1126.0,4899.0,-263.66635665999996,-6.25391773999994,-135.32612254000006,139.40997619692968,-148.2861511936951,332.20479902282483,-796.2139463883539
1788030779.516659,-568.0,-89.0,2553.0,-269.77462434999995,-5.8490039999999395,-134.85343452000004,139.3500763258075,-183.44635462393143,278.1719942634862,-792.8355645494545
1788030779.5823689,808.0,-675.0,4822.0,-273.88480097999997,-5.203293619999939,-136.41071010000005,139.3500763258075,-133.24656508331327,221.9826619044484,-823.4223115225371
1788030779.6424425,-1327.0,197.0,3948.0,-275.14372438,-4.746249689999939,-136.55028639000005,138.6000763258075,-118.10277476018314,148.77762515378797,-831.8020788770823
1788030779.7053308,515.0,-13.0,4954.0,-277.67862332,-4.7877099899999385,-136.45872261000005,138.6000763258075,-100.36594050015616,136.92865682359542,-872.8677275490478
1788030779.769017,-312.0,70.0,4038.0,-278.90187793999996,-4.887567509999938,-136.02600669000006,139.3500763258075,-154.72131920811427,98.638008849995,-904.1876962412892
1788030779.8380692,-337.0,-1059.0,2960.0,-280.74598146,-4.889588829999939,-137.23908709000006,139.00425931562077,-113.93142312526018,134.67287606433976,-863.870283802065
1788030779.925764,-1228.0,-173.0,4297.0,-280.231273,-4.597479529999939,-136.80139963000005,138.25425931562077,-113.72938038125977,123.68792210959211,-802.5837045622325
1788030779.9802363,-1228.0,-173.0,4297.0,-280.231273,-4.597479529999939,-136.80139963000005,138.25425931562077,-113.72938038125977,123.68792210959211,-802.5837045622325
1788030780.0461752,-34.0,-1181.0,3136.0,-280.65016300999997,-4.131555609999939,-137.22028964000003,138.51711685888947,-119.75915865513333,137.31536674501464,-824.2956902775456
1788030780.127772,-977.0,1049.0,3668.0,-281.86757689999996,-3.2160188199999387,-137.42239238000002,139.26711685888947,-87.92356834651267,205.5945773954554,-808.4414268242136
1788030780.1942809,325.0,-548.0,3953.0,-281.70105529999995,-2.6831496999999387,-137.30582726000003,140.01711685888947,-74.30997250732929,167.5877609204104,-822.5452093234825
1788030780.260047,666.0,-415.0,5723.0,-281.90327935,-2.5218283999999387,-138.27143533,140.01711685888947,-46.939662270822645,180.91287899307866,-794.0544957806254
1788030780.3488488,-489.0,-2452.0,2784.0,-281.91702035,-3.0435612899999387,-139.10854902,140.01711685888947,-67.3637643358467,193.52493507756745,-826.8283585843537
1788030780.412632,-600.0,-793.0,3623.0,-281.71015348,-2.916715269999939,-140.02978234,140.01711685888947,-44.040332981669835,219.60341312075005,-833.8523790570188
1788030780.4852324,300.0,-239.0,3677.0,-280.47805716,-3.325573229999939,-140.44178372,140.01711685888947,-9.90976461307973,188.6191103862127,-814.4577215810358
1788030780.5488977,602.0,1012.0,6038.0,-279.66178331,-3.602276229999939,-139.13574555999998,140.76711685888947,-39.231619459060674,172.90234342591737,-813.5897764202248
1788030780.6139798,240.0,1114.0,5856.0,-278.73611717,-3.360760689999939,-139.14949215999997,140.76711685888947,-38.25274407452127,242.7687229733999,-870.0126284037055
1788030780.685738,-225.0,-454.0,3273.0,-278.22375042,-3.130888039999939,-138.63435585999997,141.46814171139425,-88.95878761369482,227.27881964322282,-806.7597793282082
1788030780.7526042,872.0,-901.0,3941.0,-277.00370292,-2.2668762899999386,-139.42934404,141.46814171139425,-68.58539563703555,282.815446443869,-864.1296383128587
1788030780.8186321,1468.0,-1287.0,4336.0,-274.7151162,-3.1540332599999386,-140.40217072,141.46814171139425,5.294254148455721,284.2545113757941,-854.5605825791862
1788030780.8715823,-1117.0,547.0,3505.0,-273.4462752,-3.5512605099999384,-140.02494772,140.71814171139425,15.598344799432695,239.6717776697131,-835.5374489282918
1788030780.9575899,-1015.0,-74.0,3563.0,-270.41267232,-2.041648069999938,-140.02891161,139.96814171139425,-37.62717792980826,330.6427359081925,-869.955861868551
1788030781.007818,131.0,-606.0,7585.0,-269.64636013,-1.3859946799999383,-141.31808662999998,140.71814171139425,-59.51839628211457,350.5770449604377,-814.1205049643917
1788030781.0733001,-1114.0,110.0,3026.0,-269.22481453,-1.7248842799999382,-142.11433942999997,139.96814171139425,0.09161157545317877,380.6267875368652,-879.8325127966831
1788030781.1570091,2265.0,-977.0,6724.0,-266.01483579999996,-1.1389812699999378,-142.92320748999995,142.21814171139425,89.75949994724044,337.7076518659264,-868.9019367746525
1788030781.2229674,1269.0,441.0,4205.0,-264.95057203999994,-1.814485469999938,-140.09436132999994,142.96814171139425,10.212239128166765,373.53273956427404,-886.7237961136437
1788030781.2859867,256.0,-1897.0,3055.0,-263.28587137999995,-1.669194379999938,-138.44100549999993,143.03190313673315,-99.47587493127756,376.1165680958365,-811.2188289226937
1788030781.365619,-2779.0,-3604.0,2927.0,-261.37678195999996,-1.7937415299999382,-136.2959730299999,141.53190313673315,-137.74417351545398,362.70062021347616,-838.1879035537061
1788030781.429527,-531.0,-2181.0,3883.0,-260.17145245,-0.8292404399999382,-137.3000675199999,141.66324769238634,-103.11924606876579,357.26706504527425,-790.7455709671996
1788030781.4925485,929.0,-580.0,2094.0,-260.40665595,-0.9039521399999383,-140.1501805199999,142.41324769238634,-6.780030506940321,442.984315103282,-817.9241409633883
1788030781.5885732,-1546.0,-1424.0,2259.0,-259.64819006,-2.4735612299999383,-141.9924206399999,141.66324769238634,-7.883395215140503,393.5823271433118,-839.3213143691046
1788030781.6390033,-472.0,1821.0,5790.0,-258.6617348,-1.5921068099999383,-145.14797219999988,140.91324769238634,141.24207903206994,368.4697032582002,-909.5068814381955
1788030781.704141,-1827.0,-1573.0,4996.0,-258.95477286,-1.9625511499999382,-144.7526472699999,140.16324769238634,137.66053724284552,418.98668655672446,-898.819328020203
1788030781.7543647,520.0,-2074.0,32.0,-258.08664826,-3.6752416399999377,-141.8138308999999,141.66324769238634,54.7395045349079,354.43350080862547,-909.1209656294578
1788030781.8180344,-1146.0,-732.0,-709.0,-257.95342566,-2.5784788399999377,-141.08265569999992,140.91324769238634,50.689115544743125,368.55848658402425,-878.8864120805823
1788030781.8843727,8223.0,-7968.0,8670.0,-259.75484115,-3.118238759999938,-141.51636036999992,142.41324769238634,24.592489345842075,418.26063627190234,-903.4706974270424
1788030781.94857,-3047.0,-545.0,2414.0,-257.45425923,-4.367479479999938,-140.81443550999992,141.66324769238634,37.951280203859724,394.49408409904873,-895.7728015370561
1788030782.0125866,683.0,-1792.0,3915.0,-256.42148007,-4.037398469999938,-139.12260431999994,143.16324769238634,9.489830416628536,405.2486466922661,-855.9258726744316
1788030782.0854766,-1251.0,-2321.0,2920.0,-256.41220541999996,-4.9092155699999385,-137.95399841999995,142.41324769238634,-7.936735195465118,387.20468237917413,-822.818223248666
1788030782.1522043,22.0,933.0,3732.0,-255.63861967,-5.586114099999938,-136.70520891999996,142.41324769238634,-68.19010736752259,434.49769952103486,-837.2559197229405
1788030782.21626,-4190.0,-566.0,6624.0,-254.72275423,-4.747602159999938,-136.45148943999996,141.66324769238634,-30.417361743270014,451.79467031966175,-884.277674241306
1788030782.2817807,-2426.0,494.0,2388.0,-254.52110488,-7.172919249999938,-135.57874581999997,140.16324769238634,-61.3774390597317,389.1644661005955,-847.258683134893
1788030782.348564,2250.0,3027.0,3915.0,-253.65924598,-7.5930368499999386,-137.47854231999997,140.91324769238634,44.4126034363755,397.46012647784715,-878.8068377496157
1788030782.4389415,1192.0,-642.0,2951.0,-256.29536884000004,-7.260423309999939,-141.26483027999996,142.41324769238634,96.65282475517321,370.52441118192075,-937.1816689676164
1788030782.5073225,-1929.0,-666.0,3422.0,-257.70380881000006,-8.99626818999994,-144.34677711999996,140.91324769238634,184.94308357598243,341.83777352861784,-1002.1162755784449
1788030782.574147,106.0,-1003.0,635.0,-258.30760291000007,-9.60935142999994,-145.19518523999994,140.16324769238634,243.9503523074602,266.4566087385335,-971.8193471469251
1788030782.6349654,4227.0,-1145.0,7751.0,-258.9452408900001,-10.03341163999994,-143.73109414999993,140.91324769238634,210.91657385494022,230.84628942849162,-949.551199999591
1788030782.6983576,1112.0,-760.0,5231.0,-261.1857008600001,-11.13663753999994,-144.66714051999995,139.90447062382665,198.35599007488293,233.06218500856002,-971.7058216959553
1788030782.7740865,682.0,489.0,3241.0,-262.4683846400001,-10.84849842999994,-144.09705883999996,139.15447062382665,220.16975956216652,219.13716598073498,-1009.3258562192719
1788030782.8398814,1668.0,-2874.0,5246.0,-266.1746581200001,-10.047709629999941,-143.91166817999996,139.15447062382665,218.73626469422086,167.95441924214566,-960.3592585913964
1788030782.906873,3299.0,1022.0,9630.0,-269.3726870800001,-11.51380992999994,-142.64035099999995,139.15447062382665,200.914774067307,127.99379565497102,-1005.573608180895
1788030782.972739,-367.0,-46.0,2871.0,-271.1827999300001,-10.54222798999994,-142.16074844999994,138.40447062382665,154.984070137547,106.58759694491215,-966.2789609040788
1788030783.039944,-62.0,-310.0,1985.0,-272.5911729800001,-10.88159498999994,-140.67432098999996,137.65447062382665,168.88689042426066,168.44301842457438,-941.1448550423463
1788030783.104273,1930.0,3270.0,8839.0,-275.9527371300001,-10.49268821999994,-142.76530428999996,137.65447062382665,228.24534470912175,97.08453335241066,-997.6743153929561
1788030783.169426,-187.0,633.0,2650.0,-277.4896299000001,-10.48954528999994,-142.64273001999996,136.90447062382665,280.3892462376788,267.1823764051936,-1016.7850754791996
1788030783.2545643,1255.0,-1201.0,2103.0,-282.3889573400001,-10.24200351999994,-142.95422371999996,136.90447062382665,253.83394528448233,-4.498036653661586,-1052.9522484915847
1788030783.319408,3778.0,1738.0,7859.0,-288.3220250400001,-9.996104509999942,-143.11667173999996,136.90447062382665,219.15429143607753,-26.100813549943616,-987.7954321297607
1788030783.3832624,981.0,-897.0,3027.0,-291.00820224000006,-10.067118389999942,-143.65699473999996,137.65447062382665,292.34230954894076,-5.844530154142987,-998.457709062066
1788030783.4714212,-1030.0,-3079.0,4547.0,-296.76182851000004,-9.063860469999943,-140.20224427999997,137.65447062382665,336.68864257189426,-79.52757719008575,-1040.4282902149919
1788030783.5404398,170.0,300.0,1417.0,-301.97872061000004,-9.045361989999943,-140.23627386999996,136.15447062382665,327.23958726259764,-21.904802880350438,-923.5303850489545
1788030783.6073456,-586.0,795.0,3829.0,-303.95431052000004,-9.861568149999943,-139.54373530999996,135.40447062382665,320.52056507974766,-48.32368074625659,-873.5873953525368
1788030783.6734543,1745.0,193.0,5315.0,-307.49610675,-9.555027159999945,-140.60336849999996,133.90447062382665,364.572876303428,-74.55720556931193,-905.9383377137352
1788030783.7375715,88.0,1884.0,4730.0,-309.08095869000005,-10.296478359999945,-141.10075867999996,133.15447062382665,362.92844229551,-107.70165902954909,-900.9699409758787
1788030783.8001144,1420.0,1606.0,1575.0,-311.29359744000004,-10.903013729999945,-139.61848214999995,134.65447062382665,357.0726529807685,-134.14251591559315,-946.0642978821724
1788030783.8809729,720.0,1826.0,4614.0,-310.89478763000005,-11.430550459999944,-136.43392965999993,134.65447062382665,246.02507079481563,-152.77736821639238,-917.779855978016
1788030783.94522,278.0,39.0,2382.0,-310.87934878000004,-10.880927399999944,-134.52877556999994,133.90447062382665,263.62925660026093,-179.7976060410451,-892.9343235979794
1788030784.0109773,-462.0,2567.0,9854.0,-311.53983238000006,-9.581646899999944,-137.03527256999993,132.40447062382665,532.3905840202409,-87.44321151133771,-947.139222317961
1788030784.0959065,3090.0,-818.0,1283.0,-311.93874166000006,-7.880870899999944,-137.15587304999994,133.15447062382665,251.25788546129672,-90.98651591010355,-892.161899537251
1788030784.161594,4337.0,-4975.0,7213.0,-310.8722857100001,-7.769343049999943,-137.00148769999993,133.15447062382665,208.30199552116102,-110.0031129288389,-881.3695665984283
1788030784.2292175,-470.0,-1298.0,1522.0,-310.3259858300001,-7.562551569999943,-137.76383837999992,132.40447062382665,191.83118118010066,-106.20298870286241,-860.3931363198412
1788030784.2970622,1919.0,-712.0,3042.0,-307.31611743000013,-7.837334259999944,-134.35259452999995,133.90447062382665,83.28842148974789,-46.109055521333175,-943.5010717814304
1788030784.3507085,832.0,-201.0,3445.0,-306.49506853000014,-8.553437059999943,-134.23838847999994,134.65447062382665,131.9004457642763,-48.5301886270103,-878.5993189760834
1788030784.4015214,-1210.0,816.0,3196.0,-305.49422281000017,-9.399831279999944,-133.59587023999995,133.90447062382665,83.38553932701657,-70.53511190679825,-882.0829540829191
1788030784.465577,25.0,-1896.0,4086.0,-303.7871629800002,-8.154865039999944,-132.36230811999997,135.04947265847946,4.163143505935864,-30.87182672250495,-871.6446531089056
1788030784.5197864,-1915.0,779.0,4196.0,-303.21624928000017,-8.698004559999944,-132.18949099999998,134.29947265847946,64.970987445945,-31.25947775226637,-893.297521257854
1788030784.589947,-730.0,-209.0,2472.0,-300.97457376000017,-11.548015079999944,-135.69699135999997,134.29947265847946,71.52823463390364,-23.287721276330927,-860.8565938107566
1788030784.6551714,1111.0,550.0,5442.0,-300.2356096600002,-14.197773379999944,-137.43463915999996,135.04947265847946,55.616639823795765,-203.19340193737807,-868.3343461883404
1788030784.7383592,-879.0,749.0,1469.0,-298.47263502000015,-16.982228829999944,-140.06861672999997,135.04947265847946,189.8795704108167,-172.78104595343927,-919.9435328260948
1788030784.7966144,5251.0,-1694.0,8226.0,-297.7752577800002,-16.454567289999943,-139.21078100999998,135.79947265847946,245.71380618245547,-194.47230131342909,-983.1345281663775
1788030784.8698406,402.0,-792.0,3656.0,-296.0927389700002,-16.741795979999942,-139.27225976999998,134.29947265847946,132.41807728453733,-159.27619710671223,-865.7188849777885
1788030784.9370499,1164.0,-1066.0,5764.0,-296.7256313700002,-16.73253413999994,-139.35561632999998,133.54947265847946,191.4153602935342,-182.68352443340504,-862.3948560038314
1788030784.9922304,27.0,423.0,4257.0,-297.8841836600002,-17.291452849999942,-138.75939909999997,133.54947265847946,174.51863478810967,-218.87882613176458,-872.074921098275
1788030785.059651,-181.0,-1185.0,3308.0,-298.7239999800002,-16.584401609999944,-139.84004509999997,132.79947265847946,273.8462151364501,-251.9281208250526,-908.3564081880339
1788030785.1491563,1470.0,714.0,7880.0,-301.2799941900002,-15.693578179999944,-141.58119156999996,132.79947265847946,270.33078846388275,-224.80295809366814,-933.9881977589987
1788030785.200379,117.0,-198.0,1574.0,-302.5271421900002,-15.940538179999944,-141.46079856999995,132.04947265847946,303.4763194992383,-228.58524574562603,-945.8472466270607
1788030785.2519305,4383.0,-1358.0,4380.0,-304.98559819000013,-13.191929939999943,-142.47351628999994,133.54947265847946,420.7876936238012,-276.8932511817157,-896.2192256424065
1788030785.318124,3703.0,729.0,2295.0,-305.6341768900001,-11.332670999999943,-143.29196083999994,134.29947265847946,490.8301052297923,-266.79607673221113,-925.7917333045698
1788030785.387757,1783.0,203.0,2134.0,-308.83398777000014,-11.064025559999942,-139.07271587999995,135.79947265847946,139.71106949245836,-184.04385550988638,-962.709930659475
1788030785.4548624,2296.0,673.0,6071.0,-309.1959366300001,-13.192408599999943,-137.99305645999993,136.54947265847946,232.16411378923686,-192.4287224260567,-891.975770821336
1788030785.5190961,1923.0,-1228.0,3330.0,-309.51483129000013,-12.692423099999942,-138.83709447999993,138.04947265847946,303.6443721913766,-159.7206997912393,-908.1394593529086
1788030785.586715,1536.0,-542.0,5033.0,-309.5342127500001,-12.902850379999942,-138.88416373999993,138.79947265847946,269.5738285283907,-141.98350863670166,-847.9512684644139
1788030785.653345,1117.0,-34.0,4013.0,-310.30060572000014,-12.764480679999942,-138.31399455999994,140.29947265847946,284.11052241939524,-140.9374601947258,-937.3672107846531
1788030785.703972,1311.0,-166.0,4280.0,-310.8166521600001,-12.52679672999994,-138.35510485999993,141.79947265847946,242.9022363399918,-112.68268842006437,-898.8001692601667
1788030785.771227,1067.0,-177.0,4261.0,-310.60620360000013,-12.74278340999994,-138.04497013999992,142.54947265847946,260.2945532008475,-129.0660903437363,-902.3564539947887
1788030785.8375008,573.0,-318.0,4033.0,-310.63446792000013,-12.790097459999942,-137.6737172299999,141.04947265847946,260.87639645519124,-78.19905943368438,-922.0451109273256
1788030785.8914766,607.0,-281.0,4095.0,-310.9802504200001,-12.803928759999941,-137.6681847099999,140.29947265847946,241.32879215351818,-120.34722271479312,-859.3663175954108
1788030785.9868393,776.0,-285.0,4176.0,-310.9227031400001,-12.972303959999941,-137.5854125099999,138.79947265847946,285.8981683475352,-134.96261959183866,-914.6887226083002
1788030786.037406,686.0,-237.0,4270.0,-310.71762414000017,-12.97783115999994,-137.5909544099999,137.29947265847946,274.42387717771754,-92.81405534158952,-899.8295504376371
1788030786.101287,275.0,-261.0,4140.0,-311.4623992200002,-13.170103799999941,-137.46315904999992,135.79947265847946,216.48323746206626,-110.19354952615122,-858.0764306104445
1788030786.1928303,650.0,-213.0,4112.0,-311.2523656200002,-13.128649799999941,-137.5156674499999,135.04947265847946,196.6953034029026,-100.74604356444486,-884.4626398912504
1788030786.2588549,318.0,-128.0,4175.0,-311.1505243000002,-13.114931269999941,-137.5817580899999,133.54947265847946,211.50704899047807,-122.72407067412387,-849.4616540127417
1788030786.3240604,330.0,-305.0,4261.0,-310.7598725700002,-13.11213658999994,-137.6814648299999,132.04947265847946,203.92803997014596,-113.65936746480297,-831.7701430922249
1788030786.3986223,295.0,-81.0,4136.0,-309.6489280500002,-13.23741726999994,-137.31096084999987,130.54947265847946,215.55294310161582,-75.06820484766632,-856.5263215731177
1788030786.4686613,-152.0,-215.0,3993.0,-308.4318163500002,-13.18516485999994,-136.91455938999988,129.04947265847946,208.37831666416758,-22.394224107707302,-856.6189878082035
1788030786.541142,-75.0,-446.0,4035.0,-307.5640346800002,-12.88477350999994,-137.0027206099999,127.54947265847946,178.58487479213676,-13.407949891713963,-845.9088003102088
1788030786.6078546,216.0,-123.0,4198.0,-307.2061306300002,-12.94858585999994,-137.0193673099999,126.79947265847946,186.87399057551707,-30.274867443353116,-809.6786925242483
1788030786.6592586,93.0,-321.0,3919.0,-306.0723291500002,-12.63765103999994,-137.1109380199999,125.29947265847946,192.83226744459654,-14.828777992915699,-800.1082730345616
1788030786.7124212,-77.0,-15.0,4563.0,-305.2557249000002,-12.40789458999994,-137.2050551199999,124.54947265847946,209.58395981607202,-14.96445889771368,-874.1095042820504
1788030786.7792761,288.0,-276.0,4138.0,-304.3285119000002,-12.355306389999939,-137.0168447199999,123.79947265847946,147.92327038063522,14.539246786112443,-869.121849476618
1788030786.8308394,-178.0,-132.0,3969.0,-302.20352169000023,-12.708545079999938,-137.3121339099999,122.29947265847946,171.95763374716054,24.72824020716327,-839.502511249644
1788030786.8990982,484.0,-534.0,4040.0,-300.49116342000025,-12.714077739999938,-137.60259855999988,121.54947265847946,157.72882074043775,52.65280008710718,-849.9308762533135
1788030786.9633615,555.0,-520.0,3294.0,-297.94457126000026,-12.589924479999938,-137.18444263999987,121.54947265847946,140.46460786639477,62.68891227556734,-832.6219774624138
1788030787.0266259,543.0,-1108.0,4951.0,-296.36311824000023,-13.027524439999938,-137.06257935999986,122.20259112943785,115.85420575493022,57.90608505448417,-787.3642446163545
1788030787.0781522,869.0,-1604.0,3478.0,-293.7289617500002,-12.34896312999994,-137.18717032999984,122.20259112943785,91.61532389650358,82.96385642762165,-826.4353820626457
1788030787.144384,731.0,400.0,4641.0,-289.6659615500002,-11.16516596999994,-138.46846502999983,122.58466912209578,99.63106624621597,185.83056293672476,-773.0424883007444
1788030787.196549,1309.0,-658.0,3807.0,-287.6385038100002,-11.39536978999994,-138.64597158999985,123.33466912209578,103.62118302463543,202.67291413272056,-798.9964636986101
1788030787.25778,1193.0,-1599.0,3722.0,-282.7451375000002,-11.05921571999994,-139.00965273999984,123.33466912209578,163.84351408057407,205.11181351494997,-795.0690489333604
1788030787.3213413,31.0,-361.0,4664.0,-279.5213844500002,-10.65797606999994,-139.61289579999985,122.58466912209578,155.8103421936105,246.11737945613908,-865.3334664209802
1788030787.3894472,2816.0,-1452.0,4806.0,-272.5733233300002,-8.69227393999994,-142.75426220999984,124.08466912209578,186.59725580024033,340.7286149168583,-896.2483463432513
1788030787.4621723,-947.0,211.0,3471.0,-263.0418576800002,-8.39892213999994,-143.40905550999986,124.08466912209578,142.5966724537912,340.8166443579136,-933.0711540672584
1788030787.528278,425.0,789.0,4618.0,-258.40247846000017,-8.147472759999939,-143.47813500999985,124.83466912209578,31.337639544516282,394.773538586835,-926.4610243518482
1788030787.5787618,-838.0,-942.0,3193.0,-251.03699544000017,-6.991028449999939,-142.46847334999987,123.33466912209578,305.40012498939427,518.9853794076457,-959.3386631250498
1788030787.6598544,2122.0,-2101.0,4380.0,-242.53281934000017,-7.287818089999939,-140.41239043999988,124.83466912209578,112.22011127674355,576.8731135638584,-888.8308001897327
1788030787.7268736,118.0,-1432.0,2421.0,-234.81758335000015,-8.926279389999939,-140.45138512999986,124.51302598050802,222.44035984442652,613.7827705619322,-886.1857801959982
1788030787.7936227,-529.0,-2126.0,5525.0,-230.77058627000014,-8.929036199999938,-140.37419444999986,123.76302598050802,289.6658041265822,579.3541798862285,-910.6181080251978
1788030787.8795316,1057.0,204.0,3885.0,-226.67168265000015,-9.780128609999938,-141.05970115999986,124.97870135246659,197.22291626741116,615.4403453591419,-863.7884369643743
1788030787.9470181,-1187.0,-1624.0,5090.0,-221.67080670000016,-9.609292139999939,-139.77388550999984,123.47870135246659,188.1008330714829,673.9840065181709,-833.6865655515405
1788030788.0140285,-679.0,-132.0,3304.0,-217.80870972000014,-9.396115469999938,-140.33036870999985,121.97870135246659,225.82426040659547,628.9782534964074,-952.2784052151377
1788030788.0861566,217.0,-1233.0,4092.0,-215.0132950000001,-8.814589139999939,-140.57407321999983,120.49898946160049,278.00162921043005,641.7829583541312,-956.2197544930912
1788030788.154361,662.0,-623.0,3631.0,-214.05382768000013,-9.165271639999938,-140.20094703999982,120.7768405483484,324.9843108393821,604.5080511346574,-1017.8582984216582
1788030788.2224536,-763.0,-1211.0,4272.0,-211.16758362000013,-8.965747139999939,-139.76618235999982,119.35083656361104,340.44267796530846,672.6459578990723,-999.2631637565324
1788030788.2871315,-1969.0,-640.0,5594.0,-207.01391172000015,-7.815345509999939,-139.35043142999982,119.35083656361104,368.7441190048006,774.7555525507353,-958.8675493991773
1788030788.3511183,20.0,-1752.0,3749.0,-204.96908586000015,-8.27281328999994,-139.8244341899998,118.60083656361104,476.8032756222617,696.8604472340089,-952.2884349486463
1788030788.4170501,1039.0,-62.0,5135.0,-199.45900849000014,-8.65543258999994,-138.9256074499998,117.10083656361104,431.2464909024261,778.4283976902594,-874.7030800278086
1788030788.4912238,-2292.0,-1286.0,4615.0,-194.63070844000015,-10.08926001999994,-136.2769578099998,115.60083656361104,452.1750257522784,773.9949818344782,-930.629730754218
1788030788.5443418,-88.0,-1218.0,2994.0,-192.59873220000014,-10.20829949999994,-136.5537938099998,114.85083656361104,449.7382275713117,769.9767013712809,-943.2433730479311
1788030788.6160018,513.0,-3222.0,4432.0,-190.43062500000013,-9.74429693999994,-135.0623570099998,114.43562643002305,455.16655977840526,788.085400549801,-892.5671152695132
1788030788.7032092,-1153.0,-2495.0,3609.0,-184.23348531000013,-11.01271422999994,-133.0705295499998,112.18562643002305,440.11624486508947,709.8631899939813,-934.8380530719026
1788030788.7675707,11.0,-1247.0,4874.0,-183.18508719000013,-9.23764862999994,-131.7420038899998,111.43562643002305,394.9314535861342,815.415966498849,-876.6782781662444
1788030788.8186026,-2219.0,-1718.0,2873.0,-181.67012283000014,-9.02122514999994,-130.59606930999982,110.68562643002305,345.39125863759836,830.9321311777804,-909.6831516707705
1788030788.9067674,-1090.0,-2227.0,1815.0,-179.08884952000014,-8.96586718999994,-129.44624279999985,108.43562643002305,266.31688328171725,828.111134874422,-889.7222230766127
1788030788.975025,-1736.0,57.0,3585.0,-176.91939916000015,-8.31130593999994,-125.92410004999984,108.43562643002305,266.6272564849675,813.7069298883226,-895.9983460913345
1788030789.0405858,-9356.0,1649.0,9781.0,-175.03862523000015,-6.5161126799999405,-121.98147373999983,106.93562643002305,182.96830010404966,871.7341552989072,-865.3905661865582
1788030789.1280494,-1337.0,1203.0,1334.0,-174.98859791000015,-5.32862413999994,-121.52171807999983,106.93562643002305,134.49546605855858,902.9107546034871,-814.5722578120253
1788030789.1929862,-2259.0,-225.0,3021.0,-174.57062784000016,-5.25732983999994,-122.89174834999983,105.43562643002305,126.76143818179648,927.618312673042,-907.5349426910035
1788030789.2597353,-554.0,-379.0,2457.0,-173.81165711000017,-6.39438561999994,-124.41249043999983,105.68105855989579,187.09634706987097,882.5773348134582,-910.4766896533201
1788030789.3328922,-1194.0,-249.0,5365.0,-173.38466572000016,-9.47478748999994,-127.16207888999983,104.18105855989579,339.4711092601173,827.1972819564338,-951.3328093703057
1788030789.3984203,-1223.0,-193.0,2260.0,-172.01808575000015,-12.48284554999994,-131.48211131999983,102.68105855989579,321.6304778153747,731.9869690103573,-953.1015234107289
1788030789.4648514,-3144.0,807.0,5544.0,-172.28431353000013,-14.53612726999994,-134.62991842999983,102.68105855989579,557.1698485016757,725.0260347137058,-1021.8798282843511
1788030789.5488062,-3718.0,-3683.0,3108.0,-172.46017103000014,-15.64966276999994,-136.7399560799998,101.18105855989579,486.15217617429704,659.1795825690193,-999.9518799716265
1788030789.6142256,-1858.0,-2559.0,2150.0,-171.23121827000014,-16.07830412999994,-137.7383106399998,100.43105855989579,452.3449268604162,725.6653510063145,-954.8479808894499
1788030789.6872134,-2117.0,-2176.0,5559.0,-168.57946266000013,-16.84631577999994,-137.8957105399998,98.93105855989579,481.3349348882414,691.589491384668,-939.704690212914
1788030789.7496798,-2241.0,1257.0,1437.0,-169.00567796000013,-15.62776697999994,-142.3144734899998,97.43105855989579,620.754149888103,665.2063555393943,-993.8102516630843
1788030789.8241892,-3496.0,610.0,4098.0,-170.23481125000015,-16.34139800999994,-143.2098941699998,95.93105855989579,670.8312329232803,741.679690934141,-958.9554336191974
1788030789.8766727,-1446.0,-291.0,2170.0,-170.41687705000015,-16.262593409999937,-144.1582667699998,95.18105855989579,698.9797675995508,705.4047358035142,-1029.6005146565064
1788030789.9614942,1899.0,380.0,4718.0,-170.13445309000016,-17.188434899999937,-143.74274319999984,95.18105855989579,668.8100465182464,783.1644908871168,-972.9311086918766
1788030790.029532,-400.0,-1388.0,2198.0,-169.1773327300002,-16.992154619999933,-142.58236495999984,93.68105855989579,614.3121158020729,533.1709554650464,-1025.0974592755267
1788030790.096168,4185.0,-2241.0,4025.0,-168.42789103000018,-15.718103729999934,-144.12565971999985,94.43105855989579,613.8164860511346,634.4473397928426,-924.6339304680173
1788030790.1645648,2474.0,1111.0,4672.0,-167.79849009000017,-14.912960159999933,-143.75775259999986,95.93105855989579,636.0902063433865,663.9676576117475,-964.5125867724032
1788030790.2320685,2808.0,-1742.0,4497.0,-168.65917915000017,-15.450064419999933,-141.59716262999987,97.43105855989579,602.1944768888332,633.5492769650051,-944.9850270817274
1788030790.3005779,-155.0,-2036.0,1702.0,-169.60695262000016,-15.085773639999934,-141.86266268999987,97.0569316206285,589.5858844500133,691.516497436559,-960.3514337943276
1788030790.3660839,-1434.0,-126.0,2933.0,-170.92848514000016,-15.659979579999934,-141.19882937999986,96.4739745078692,604.1079435954509,707.5290964550695,-998.7583566953275
1788030790.4329638,-967.0,-322.0,4854.0,-171.41672884000016,-15.524012979999934,-140.85273257999987,95.7239745078692,591.2878508445671,754.7886526248158,-979.3051664768933
1788030790.5002375,-978.0,-689.0,4261.0,-172.40681164000014,-15.489666429999934,-140.45648777999986,94.2239745078692,586.5025804792475,744.8681022937458,-924.1440787845163
1788030790.573615,-1224.0,-582.0,4096.0,-172.74324886000014,-15.208787649999934,-140.21264795999986,93.4739745078692,584.3338851923635,774.2837304830045,-969.9662701786124
1788030790.6403153,-1334.0,-642.0,4803.0,-173.59267632000015,-15.134619709999933,-140.04587883999986,91.9739745078692,632.4231445424676,719.459999978483,-935.5995926305928
1788030790.7070434,336.0,585.0,4328.0,-173.64830280000015,-15.431294269999933,-140.33946303999986,91.2239745078692,518.8072930317246,671.3168297060029,-953.4774222589953
1788030790.772581,261.0,-740.0,3790.0,-173.42583384000014,-15.477730939999933,-140.23736355999984,92.57742144759705,522.947042378437,678.198039560485,-917.2381110719498
1788030790.847304,87.0,-773.0,4253.0,-173.22505599000013,-15.449930929999933,-140.20647465999983,92.66152092301097,541.2648946435074,725.3033724201579,-960.7141566696139
1788030790.9115152,-750.0,-686.0,4136.0,-172.65045903000012,-15.323241569999933,-140.0891189599998,91.7533833983967,583.6030420794609,675.2001128517044,-887.709947971079
1788030790.9802988,-895.0,-571.0,3976.0,-172.3970671500001,-14.850390029999932,-140.08291471999982,90.2533833983967,568.0597822737415,704.9699310986103,-877.9883845235181
1788030791.0468903,-3.0,-674.0,3948.0,-172.1961937500001,-14.918377949999932,-140.39813143999982,89.96737326795149,559.3810232083611,678.7497482002616,-945.7614583416372
1788030791.1144013,7.0,-811.0,4085.0,-172.0140979200001,-14.856650549999932,-140.3765268499998,89.81983573658668,576.6188989559461,687.642156248405,-993.3867723671051
1788030791.1858342,-444.0,-529.0,3747.0,-172.5674713700001,-15.123884929999932,-140.6105783599998,88.31983573658668,549.4661794425563,674.8799934904044,-1172.5992741944312
1788030791.2503982,-708.0,-879.0,4251.0,-173.2128927900001,-15.611879569999932,-141.10158397999982,86.81983573658668,554.3734799547034,669.4849606048242,-952.7025921473936
1788030791.3153093,-425.0,-776.0,3862.0,-173.5784308300001,-15.577803989999932,-141.1945173799998,86.33116007233387,552.8516206946368,668.8838839766753,-896.8971878208778
1788030791.403206,-833.0,-798.0,3844.0,-173.50382014000007,-16.024163119999933,-141.5195196799998,84.83116007233387,581.2735399978101,644.8723963225992,-953.9717849754642
1788030791.4813821,-84.0,-598.0,4145.0,-174.21248306000007,-16.475823279999933,-141.68380701999982,84.2007752228568,571.4045593798851,636.8663080636735,-985.3144427673705
1788030791.5476549,-1052.0,-1268.0,3798.0,-174.82402784000007,-16.234911699999934,-141.86294639999983,83.4507752228568,574.8065829710163,665.3082928539158,-935.5352314620009
1788030791.6134477,-152.0,-1009.0,4773.0,-174.79011032000008,-15.285225059999933,-143.84413301999984,82.90808717371218,622.604505380382,664.6497290372108,-940.019942679813
1788030791.6788688,-54.0,-471.0,4204.0,-174.9044588200001,-15.143062059999933,-143.93684801999984,82.50437297411587,639.3502502916288,641.4498040709732,-983.6642853208323
1788030791.7445145,-779.0,-603.0,4366.0,-175.70401142000009,-14.957820779999933,-144.22399669999984,81.42235507749778,635.5417865909805,655.6152632182731,-957.0970345241716
1788030791.832949,-214.0,-875.0,4058.0,-176.26322658000007,-14.855838899999933,-144.73391617999985,80.54527193496007,692.4797557033447,661.981495615465,-935.6694424130451
1788030791.9022045,-556.0,-969.0,3923.0,-176.68631820000007,-14.479071179999933,-144.84509353999985,80.28227794689123,669.8142134760749,679.2150736261462,-1015.8563077555701
1788030791.969713,-57.0,-661.0,4247.0,-177.5574640000001,-14.228507159999934,-145.48480029999985,80.66515370328284,666.6000161046447,716.7095960864306,-946.6124154759555
1788030792.0422273,-2270.0,-398.0,4402.0,-178.0765644000001,-14.466748239999934,-144.91986291999984,80.66515370328284,680.7074978340838,710.1092997233246,-997.5718131418715
1788030792.1066706,-1464.0,-772.0,3497.0,-178.29572152000011,-14.630344399999935,-145.52794675999985,79.91515370328284,690.9462986177041,680.83111630457,-959.5075965088583
1788030792.176262,-1348.0,-1222.0,4073.0,-179.0334112000001,-14.828953159999935,-145.69187779999984,79.16515370328284,733.6359452729916,681.216719425592,-968.2841478980188
1788030792.2464602,-827.0,-1166.0,4412.0,-179.4636223100001,-14.677261269999935,-145.99548333999982,78.2497311030211,704.8691399381215,722.0382736889773,-936.9216008517815
1788030792.3096561,-945.0,-720.0,4200.0,-179.28818901000008,-14.460072689999935,-145.85298062999982,77.20507282510597,713.1499204976216,740.9706530411025,-962.2209125370604
1788030792.3783462,-626.0,-1030.0,4096.0,-179.5540201700001,-14.361158769999935,-145.59333158999982,77.37271048213195,711.9837032744583,731.3090852347827,-929.1846040027297
1788030792.4474554,-274.0,-809.0,3912.0,-178.9661321700001,-13.949781439999937,-145.5686710099998,77.37271048213195,665.9811293073788,760.3209208133724,-965.2529369972327
1788030792.498716,-798.0,-758.0,4087.0,-178.9661321700001,-13.986834679999937,-145.5069156099998,77.55041536413464,666.1384643898178,772.738210630856,-966.2911828009899
1788030792.5659604,-665.0,-848.0,4214.0,-178.3518609600001,-13.934359249999938,-145.3124478399998,77.53650959434346,693.0213477796472,723.1675994016565,-953.6256313992275
1788030792.6193986,-803.0,-519.0,4028.0,-178.1820066600001,-14.156713969999938,-144.9758274999998,77.32616021308822,652.7380743278741,737.4674676737383,-963.3877318951737
1788030792.6807,1430.0,-325.0,4923.0,-177.7407904300001,-14.601337729999939,-145.0804739999998,78.0441881430907,683.6750275308294,752.0753808843904,-956.1150901652845
1788030792.7492495,-1711.0,-1051.0,3664.0,-177.58633823000008,-15.922798989999938,-143.6842388799998,77.01336164237925,551.3596582576055,731.2820721385666,-933.0185649439717
1788030792.8134682,-1512.0,-671.0,4176.0,-177.8984645900001,-16.207112109999937,-143.8047629199998,76.30360849444644,609.3403400406644,707.3650381326187,-979.8679051804748
1788030792.8871017,-415.0,-210.0,3810.0,-177.9713782700001,-16.571680509999936,-143.7286790799998,76.14882910152016,619.3437791336635,662.0458998092191,-989.135286871511
1788030792.9548137,324.0,-1293.0,4349.0,-178.85584605000008,-17.230549139999933,-142.0815538099998,77.64882910152016,535.8783595577393,665.2123321486858,-1049.3612786395413
1788030793.0243373,-214.0,-1753.0,3899.0,-179.8820617300001,-17.412032399999934,-139.9249644099998,78.9212625316666,428.98738970582554,631.9505536777881,-1003.8178984726067
1788030793.1014318,-1515.0,-448.0,1209.0,-180.7404269300001,-16.946853839999932,-139.6314588899998,78.1712625316666,420.16692626799966,649.9343961257422,-1048.2490744716465
1788030793.1525211,-1125.0,974.0,5424.0,-183.7712384900001,-16.69862956999993,-140.6466096699998,76.6712625316666,493.45429045989147,639.2230376880319,-965.4645872104683
1788030793.2167776,-1088.0,-168.0,3847.0,-188.00708444000009,-16.79278593999993,-141.0675912799998,76.6712625316666,489.60571853202566,630.4986166628919,-1022.7101712144187
1788030793.2862465,-865.0,621.0,5238.0,-192.88130904000008,-16.63843817999993,-141.0920970199998,76.0094174846792,523.3339730376001,601.6854064668289,-1013.3603516705975
1788030793.3543127,-159.0,-362.0,4802.0,-195.74835322000007,-15.91751797999993,-140.29353925999982,76.7594174846792,477.83972716677687,597.0467537978745,-995.2541073842413
1788030793.4194548,-257.0,-697.0,3680.0,-199.21372870000008,-15.81208621999993,-139.36130053999983,77.5094174846792,459.3266710270446,640.089757037525,-971.7907344297957
1788030793.5116968,-1043.0,1377.0,2066.0,-211.88772374000007,-14.669537819999931,-138.39382857999982,76.61867706709923,221.40865068507935,634.0953870048153,-950.2534202643903
1788030793.577554,1461.0,-1022.0,4940.0,-222.3167780400001,-14.81716473999993,-140.4961731599998,78.11867706709923,304.3252706828372,511.92396893736947,-976.5665601524845
1788030793.6435657,2450.0,-1469.0,5314.0,-226.5812362800001,-14.78662499999993,-140.43231733999983,78.86867706709923,309.233577790616,416.535032017631,-946.7206198376946
1788030793.706828,-307.0,340.0,2288.0,-230.1939731700001,-14.28477896999993,-139.7225240599998,78.11867706709923,330.4581151753602,375.8307338923113,-896.3748363453718
1788030793.7759464,522.0,-478.0,2077.0,-238.81991378000012,-15.085066009999931,-140.4092820199998,78.11867706709923,210.8536663734023,338.3973927564854,-953.2935034108024
1788030793.8441432,1196.0,-5251.0,3371.0,-250.4304139400001,-15.237084659999931,-140.8048917099998,80.36867706709923,93.29335737485785,227.82640665596324,-1131.1190596812555
1788030793.9121788,4686.0,-420.0,2496.0,-252.7963270000001,-14.49184974999993,-140.3865628199998,81.11867706709923,45.22813549627019,216.54846977758484,-878.073916061753
1788030793.978385,1447.0,-1656.0,2994.0,-252.52779748000012,-14.33123061999993,-140.62492877999978,82.61867706709923,160.9932112390502,152.67314199892786,-921.3768525143155
1788030794.044514,457.0,-847.0,3758.0,-251.9875796200001,-14.29522625999993,-140.33125987999978,84.11867706709923,167.54600194348905,173.7280693709549,-952.9932180571624
1788030794.1266854,491.0,-1037.0,3845.0,-252.0297031000001,-14.383948179999932,-140.29134251999977,85.61867706709923,158.92521005707957,220.47749636078694,-882.6211585643762
1788030794.1939814,657.0,-873.0,4211.0,-252.2511047000001,-14.419925939999931,-140.27196987999977,86.36867706709923,135.0180704614918,279.8391666586812,-939.3854080794924
1788030794.264109,313.0,-1063.0,4069.0,-252.11827298000009,-14.654465209999932,-140.26930364999978,87.86867706709923,121.13042426799707,261.3478304198305,-861.7161878733713
1788030794.3506048,337.0,-997.0,4087.0,-251.8743400600001,-14.718259009999931,-140.31644346999977,89.36867706709923,132.0017618232582,233.9009974945713,-898.5998707142182
1788030794.4156659,423.0,-960.0,4055.0,-252.3891673100001,-14.80733295999993,-140.37487323999977,90.86867706709923,127.68056850940846,226.98943261116352,-932.0887048371027
1788030794.4697478,394.0,-985.0,4041.0,-252.2028617500001,-14.718351199999931,-140.36096983999977,91.61867706709923,136.98928404321202,263.8140491852635,-889.1106267038065
1788030794.5558484,395.0,-1046.0,4092.0,-252.3770256000001,-14.715542799999932,-140.38860982999978,93.86867706709923,112.93304003374847,259.47040510472476,-884.9890871754043
1788030794.6235492,346.0,-985.0,4055.0,-252.60463956000012,-14.748852159999933,-140.3913856099998,94.61867706709923,105.58135995287307,234.84445155671665,-907.1830385663067
1788030794.6903172,424.0,-986.0,4088.0,-252.41034476000013,-14.987557199999932,-140.38028304999978,95.36867706709923,125.29065126518816,260.8380061020326,-908.5246609435123
1788030794.7561584,439.0,-973.0,4052.0,-252.41865985000013,-14.915301519999932,-140.39417293999978,97.61867706709923,126.77159361980458,227.5234703689764,-885.4616757340988
1788030794.8222497,366.0,-1031.0,4094.0,-252.33835305000014,-14.934685919999932,-140.44955693999978,98.36867706709923,143.97309692970862,224.01882528558673,-933.8823953319169
1788030794.8734453,421.0,-989.0,4048.0,-252.39912313000013,-14.923709919999931,-140.53271581999977,99.86867706709923,167.42250858425513,265.7803266987884,-957.5005720117982
1788030794.9665687,317.0,-968.0,4103.0,-252.32714101000013,-14.984610479999931,-140.51054877999977,101.36867706709923,137.33287163776612,260.94702540137155,-911.0236068657897